order_id,marketplace,sku,order_date,quantity,unit_price,discount_pct,order_status,state
ORD-000001,Amazon,SKU-1005,2026-04-13,1,139.99,0.0,Delivered,IL
ORD-000002,eBay,SKU-1004,2026-02-10,1,49.99,0.0,Delivered,CA
ORD-000003,eBay,SKU-1002,2026-06-21,1,169.99,0.0,Delivered,AZ
ORD-000004,Amazon,SKU-1007,2026-05-21,1,74.99,0.0,Delivered,TX
ORD-000005,Amazon,SKU-1001,2026-05-01,1,80.99,0.1,Delivered,FL
ORD-000006,Amazon,SKU-1008,2026-06-23,1,90.24,0.05,Delivered,TX
ORD-000007,Amazon,SKU-1002,2026-07-21,1,169.99,0.0,Delivered,TX
ORD-000008,Amazon,SKU-1001,2026-07-14,2,89.99,0.0,Delivered,WA
ORD-000009,eBay,SKU-1006,2026-02-20,1,129.99,0.0,Delivered,CA
ORD-000010,Wayfair,SKU-1003,2026-07-15,1,249.99,0.0,Delivered,IL
ORD-000011,Wayfair,SKU-1001,2026-04-23,1,89.99,0.0,Delivered,FL
ORD-000012,Amazon,SKU-1006,2026-06-09,1,110.49,0.15,Delivered,TX
ORD-000013,Amazon,SKU-1002,2026-04-10,2,169.99,0.0,Delivered,TX
ORD-000014,Amazon,SKU-1008,2026-06-08,1,94.99,0.0,Delivered,FL
ORD-000015,Amazon,SKU-1007,2026-02-18,1,71.24,0.05,Delivered,TX
ORD-000016,Wayfair,SKU-1004,2026-07-26,2,44.99,0.1,Delivered,TX
ORD-000017,Amazon,SKU-1005,2026-05-24,1,139.99,0.0,Delivered,WA
ORD-000018,eBay,SKU-1008,2026-06-11,3,80.74,0.15,Delivered,WA
ORD-000019,Amazon,SKU-1005,2026-03-15,1,125.99,0.1,Delivered,CA
ORD-000020,Amazon,SKU-1003,2026-05-05,2,224.99,0.1,Delivered,CA
ORD-000021,Wayfair,SKU-1007,2026-02-23,2,67.49,0.1,Cancelled,FL
ORD-000022,eBay,SKU-1001,2026-06-22,1,85.49,0.05,Delivered,MA
ORD-000023,eBay,SKU-1008,2026-07-28,1,94.99,0.0,Cancelled,WA
ORD-000024,Amazon,SKU-1004,2026-03-04,1,49.99,0.0,Delivered,FL
ORD-000025,Amazon,SKU-1005,2026-07-13,1,139.99,0.0,Delivered,TX
ORD-000026,Amazon,SKU-1004,2026-06-06,1,49.99,0.0,Delivered,FL
ORD-000027,eBay,SKU-1004,2026-05-17,1,49.99,0.0,Delivered,NY
ORD-000028,eBay,SKU-1004,2026-07-24,1,47.49,0.05,Delivered,WA
ORD-000029,Amazon,SKU-1007,2026-03-23,1,74.99,0.0,Delivered,TX
ORD-000030,Wayfair,SKU-1002,2026-05-26,2,144.49,0.15,Delivered,WA
ORD-000031,Amazon,SKU-1004,2026-02-25,3,42.49,0.15,Delivered,NY
ORD-000032,Amazon,SKU-1002,2026-02-17,1,169.99,0.0,Delivered,MA
ORD-000033,Amazon,SKU-1007,2026-07-30,3,59.99,0.2,Delivered,WA
ORD-000034,Amazon,SKU-1001,2026-02-16,1,85.49,0.05,Delivered,CA
ORD-000035,Amazon,SKU-1005,2026-06-17,1,111.99,0.2,Delivered,CA
ORD-000036,eBay,SKU-1005,2026-04-03,1,111.99,0.2,Delivered,FL
ORD-000037,Amazon,SKU-1001,2026-07-20,1,85.49,0.05,Delivered,CA
ORD-000038,Amazon,SKU-1006,2026-05-14,1,123.49,0.05,Delivered,MA
ORD-000039,Amazon,SKU-1008,2026-07-11,4,75.99,0.2,Delivered,CA
ORD-000040,Wayfair,SKU-1002,2026-02-19,2,169.99,0.0,Delivered,AZ
ORD-000041,eBay,SKU-1006,2026-07-19,1,116.99,0.1,Delivered,MA
ORD-000042,Wayfair,SKU-1001,2026-04-10,1,89.99,0.0,Delivered,TX
ORD-000043,eBay,SKU-1005,2026-03-26,1,118.99,0.15,Delivered,TX
ORD-000044,Amazon,SKU-1008,2026-07-14,1,94.99,0.0,Delivered,IL
ORD-000045,Amazon,SKU-1005,2026-05-26,1,139.99,0.0,Delivered,CA
ORD-000046,Wayfair,SKU-1008,2026-06-21,1,94.99,0.0,Delivered,NY
ORD-000047,Amazon,SKU-1001,2026-02-12,2,89.99,0.0,Delivered,CA
ORD-000048,Wayfair,SKU-1007,2026-05-17,3,67.49,0.1,Delivered,TX
ORD-000049,eBay,SKU-1002,2026-03-19,2,169.99,0.0,Delivered,TX
ORD-000050,Wayfair,SKU-1008,2026-04-06,1,85.49,0.1,Delivered,AZ
ORD-000051,Amazon,SKU-1007,2026-05-30,1,67.49,0.1,Shipped,TX
ORD-000052,Amazon,SKU-1006,2026-04-14,2,103.99,0.2,Delivered,WA
ORD-000053,Wayfair,SKU-1004,2026-06-19,1,49.99,0.0,Shipped,TX
ORD-000054,Wayfair,SKU-1005,2026-02-11,1,139.99,0.0,Delivered,TX
ORD-000055,Amazon,SKU-1005,2026-05-11,2,139.99,0.0,Delivered,NY
ORD-000056,Wayfair,SKU-1004,2026-07-27,2,44.99,0.1,Delivered,TX
ORD-000057,eBay,SKU-1001,2026-04-27,1,80.99,0.1,Delivered,AZ
ORD-000058,eBay,SKU-1004,2026-04-26,1,49.99,0.0,Delivered,NY
ORD-000059,eBay,SKU-1008,2026-03-18,1,94.99,0.0,Delivered,CA
ORD-000060,Amazon,SKU-1003,2026-06-30,1,249.99,0.0,Delivered,WA
ORD-000061,eBay,SKU-1004,2026-03-17,1,49.99,0.0,Delivered,FL
ORD-000062,Wayfair,SKU-1001,2026-04-03,1,89.99,0.0,Delivered,CA
ORD-000063,Amazon,SKU-1002,2026-02-20,1,144.49,0.15,Delivered,WA
ORD-000064,Amazon,SKU-1004,2026-03-11,1,49.99,0.0,Delivered,IL
ORD-000065,Amazon,SKU-1001,2026-03-19,2,80.99,0.1,Delivered,FL
ORD-000066,Amazon,SKU-1008,2026-03-08,2,85.49,0.1,Cancelled,FL
ORD-000067,Wayfair,SKU-1008,2026-07-08,2,80.74,0.15,Delivered,AZ
ORD-000068,Amazon,SKU-1004,2026-06-03,1,44.99,0.1,Shipped,TX
ORD-000069,Amazon,SKU-1007,2026-04-04,1,74.99,0.0,Delivered,TX
ORD-000070,Amazon,SKU-1003,2026-03-09,1,249.99,0.0,Delivered,CA
ORD-000071,Amazon,SKU-1004,2026-06-01,1,49.99,0.0,Delivered,AZ
ORD-000072,eBay,SKU-1005,2026-06-29,1,139.99,0.0,Delivered,IL
ORD-000073,Wayfair,SKU-1007,2026-05-20,1,67.49,0.1,Shipped,AZ
ORD-000074,Amazon,SKU-1004,2026-06-06,1,49.99,0.0,Delivered,NY
ORD-000075,Amazon,SKU-1002,2026-03-06,4,161.49,0.05,Delivered,FL
ORD-000076,Amazon,SKU-1006,2026-05-22,1,123.49,0.05,Delivered,NY
ORD-000077,Amazon,SKU-1002,2026-05-10,1,135.99,0.2,Delivered,AZ
ORD-000078,eBay,SKU-1004,2026-02-15,4,49.99,0.0,Delivered,IL
ORD-000079,eBay,SKU-1006,2026-04-06,1,129.99,0.0,Delivered,CA
ORD-000080,Amazon,SKU-1006,2026-03-29,1,129.99,0.0,Delivered,FL
ORD-000081,eBay,SKU-1008,2026-03-15,3,94.99,0.0,Delivered,TX
ORD-000082,Wayfair,SKU-1006,2026-05-14,3,129.99,0.0,Delivered,AZ
ORD-000083,eBay,SKU-1002,2026-04-20,2,161.49,0.05,Delivered,MA
ORD-000084,Amazon,SKU-1007,2026-05-22,1,74.99,0.0,Delivered,CA
ORD-000085,Amazon,SKU-1004,2026-05-23,3,47.49,0.05,Shipped,WA
ORD-000086,eBay,SKU-1004,2026-07-18,1,44.99,0.1,Delivered,NY
ORD-000087,eBay,SKU-1004,2026-04-11,1,49.99,0.0,Delivered,TX
ORD-000088,eBay,SKU-1004,2026-06-27,1,49.99,0.0,Delivered,AZ
ORD-000089,Amazon,SKU-1002,2026-04-09,1,144.49,0.15,Delivered,TX
ORD-000090,Wayfair,SKU-1001,2026-02-23,1,89.99,0.0,Delivered,TX
ORD-000091,eBay,SKU-1004,2026-05-27,2,49.99,0.0,Delivered,WA
ORD-000092,eBay,SKU-1003,2026-06-03,1,249.99,0.0,Cancelled,FL
ORD-000093,Amazon,SKU-1003,2026-04-21,1,249.99,0.0,Delivered,CA
ORD-000094,eBay,SKU-1004,2026-03-21,1,44.99,0.1,Delivered,FL
ORD-000095,eBay,SKU-1007,2026-02-27,2,74.99,0.0,Delivered,TX
ORD-000096,Amazon,SKU-1006,2026-02-13,3,123.49,0.05,Delivered,CA
ORD-000097,Amazon,SKU-1007,2026-02-05,1,71.24,0.05,Delivered,CA
ORD-000098,Wayfair,SKU-1001,2026-06-04,1,89.99,0.0,Delivered,FL
ORD-000099,Amazon,SKU-1006,2026-06-26,3,129.99,0.0,Delivered,FL
ORD-000100,eBay,SKU-1004,2026-07-10,1,47.49,0.05,Delivered,NY
ORD-000101,Wayfair,SKU-1007,2026-04-21,1,74.99,0.0,Cancelled,CA
ORD-000102,eBay,SKU-1007,2026-04-10,1,74.99,0.0,Delivered,CA
ORD-000103,Amazon,SKU-1001,2026-07-04,1,89.99,0.0,Processing,TX
ORD-000104,Amazon,SKU-1007,2026-04-02,3,67.49,0.1,Delivered,WA
ORD-000105,Amazon,SKU-1008,2026-06-21,1,94.99,0.0,Delivered,CA
ORD-000106,eBay,SKU-1001,2026-07-04,2,85.49,0.05,Delivered,CA
ORD-000107,eBay,SKU-1006,2026-04-12,1,123.49,0.05,Delivered,CA
ORD-000108,Amazon,SKU-1004,2026-04-07,1,49.99,0.0,Delivered,AZ
ORD-000109,Amazon,SKU-1005,2026-07-24,2,132.99,0.05,Delivered,CA
ORD-000110,Amazon,SKU-1004,2026-04-14,1,47.49,0.05,Delivered,NY
ORD-000111,Amazon,SKU-1001,2026-04-28,1,89.99,0.0,Delivered,NY
ORD-000112,eBay,SKU-1004,2026-05-15,2,47.49,0.05,Delivered,TX
ORD-000113,Wayfair,SKU-1003,2026-05-16,2,224.99,0.1,Delivered,AZ
ORD-000114,Amazon,SKU-1004,2026-06-14,1,44.99,0.1,Delivered,IL
ORD-000115,Amazon,SKU-1002,2026-04-16,1,152.99,0.1,Delivered,MA
ORD-000116,Amazon,SKU-1005,2026-03-14,1,139.99,0.0,Delivered,TX
ORD-000117,Amazon,SKU-1007,2026-03-04,1,74.99,0.0,Delivered,TX
ORD-000118,Amazon,SKU-1006,2026-06-05,4,129.99,0.0,Delivered,NY
ORD-000119,Amazon,SKU-1008,2026-03-08,2,94.99,0.0,Shipped,NY
ORD-000120,Amazon,SKU-1008,2026-02-02,1,94.99,0.0,Delivered,MA
ORD-000121,Amazon,SKU-1004,2026-06-19,1,49.99,0.0,Delivered,NY
ORD-000122,Wayfair,SKU-1008,2026-07-30,1,94.99,0.0,Shipped,NY
ORD-000123,Amazon,SKU-1003,2026-05-10,1,224.99,0.1,Shipped,MA
ORD-000124,Amazon,SKU-1004,2026-06-10,3,49.99,0.0,Delivered,AZ
ORD-000125,Wayfair,SKU-1001,2026-02-05,2,89.99,0.0,Delivered,CA
ORD-000126,Wayfair,SKU-1004,2026-04-29,1,49.99,0.0,Delivered,TX
ORD-000127,Amazon,SKU-1006,2026-04-24,1,110.49,0.15,Delivered,FL
ORD-000128,Amazon,SKU-1005,2026-07-27,3,111.99,0.2,Delivered,NY
ORD-000129,eBay,SKU-1001,2026-02-27,1,80.99,0.1,Delivered,CA
ORD-000130,Amazon,SKU-1007,2026-05-08,1,74.99,0.0,Delivered,WA
ORD-000131,Amazon,SKU-1002,2026-07-08,2,161.49,0.05,Delivered,AZ
ORD-000132,Amazon,SKU-1001,2026-04-08,1,80.99,0.1,Delivered,NY
ORD-000133,Amazon,SKU-1003,2026-02-20,1,249.99,0.0,Delivered,WA
ORD-000134,Amazon,SKU-1004,2026-04-20,1,49.99,0.0,Delivered,TX
ORD-000135,Amazon,SKU-1005,2026-07-31,1,111.99,0.2,Delivered,TX
ORD-000136,eBay,SKU-1005,2026-02-14,3,125.99,0.1,Shipped,AZ
ORD-000137,Amazon,SKU-1007,2026-05-03,1,74.99,0.0,Delivered,IL
ORD-000138,eBay,SKU-1007,2026-03-09,1,63.74,0.15,Delivered,TX
ORD-000139,Amazon,SKU-1004,2026-03-07,1,49.99,0.0,Delivered,CA
ORD-000140,Amazon,SKU-1001,2026-05-06,1,76.49,0.15,Shipped,TX
ORD-000141,Amazon,SKU-1007,2026-04-18,2,74.99,0.0,Delivered,MA
ORD-000142,Wayfair,SKU-1001,2026-07-25,2,71.99,0.2,Cancelled,IL
ORD-000143,eBay,SKU-1003,2026-02-05,1,249.99,0.0,Delivered,IL
ORD-000144,Amazon,SKU-1002,2026-07-15,3,169.99,0.0,Delivered,CA
ORD-000145,Amazon,SKU-1008,2026-07-08,1,94.99,0.0,Shipped,AZ
ORD-000146,Amazon,SKU-1003,2026-03-09,1,249.99,0.0,Cancelled,CA
ORD-000147,Amazon,SKU-1002,2026-05-12,1,152.99,0.1,Delivered,MA
ORD-000148,eBay,SKU-1004,2026-03-13,2,47.49,0.05,Shipped,FL
ORD-000149,Amazon,SKU-1008,2026-07-28,1,94.99,0.0,Processing,AZ
ORD-000150,eBay,SKU-1001,2026-06-21,3,85.49,0.05,Delivered,TX
ORD-000151,Wayfair,SKU-1008,2026-05-29,1,94.99,0.0,Delivered,MA
ORD-000152,Amazon,SKU-1001,2026-03-06,2,89.99,0.0,Shipped,FL
ORD-000153,Wayfair,SKU-1005,2026-04-02,1,139.99,0.0,Delivered,CA
ORD-000154,Amazon,SKU-1007,2026-03-07,1,67.49,0.1,Delivered,AZ
ORD-000155,Amazon,SKU-1001,2026-04-03,1,89.99,0.0,Delivered,CA
ORD-000156,Amazon,SKU-1004,2026-02-18,1,44.99,0.1,Delivered,CA
ORD-000157,Wayfair,SKU-1004,2026-02-13,2,42.49,0.15,Delivered,TX
ORD-000158,Amazon,SKU-1005,2026-06-04,2,139.99,0.0,Delivered,WA
ORD-000159,Wayfair,SKU-1004,2026-04-25,1,49.99,0.0,Delivered,WA
ORD-000160,Amazon,SKU-1004,2026-07-04,1,49.99,0.0,Delivered,CA
ORD-000161,Wayfair,SKU-1006,2026-07-18,2,123.49,0.05,Shipped,NY
ORD-000162,Amazon,SKU-1008,2026-05-29,1,85.49,0.1,Delivered,TX
ORD-000163,Wayfair,SKU-1002,2026-07-27,3,169.99,0.0,Shipped,CA
ORD-000164,eBay,SKU-1001,2026-03-07,1,85.49,0.05,Delivered,TX
ORD-000165,Amazon,SKU-1001,2026-07-22,3,89.99,0.0,Processing,CA
ORD-000166,Amazon,SKU-1003,2026-02-28,1,249.99,0.0,Delivered,TX
ORD-000167,Wayfair,SKU-1001,2026-05-07,1,89.99,0.0,Delivered,NY
ORD-000168,eBay,SKU-1005,2026-07-11,1,132.99,0.05,Delivered,MA
ORD-000169,Amazon,SKU-1007,2026-03-20,1,67.49,0.1,Delivered,TX
ORD-000170,Amazon,SKU-1002,2026-07-20,1,169.99,0.0,Delivered,CA
ORD-000171,Amazon,SKU-1006,2026-05-20,1,129.99,0.0,Delivered,TX
ORD-000172,eBay,SKU-1008,2026-02-15,1,85.49,0.1,Delivered,CA
ORD-000173,Amazon,SKU-1004,2026-07-07,1,49.99,0.0,Delivered,CA
ORD-000174,Amazon,SKU-1004,2026-07-25,1,47.49,0.05,Delivered,TX
ORD-000175,Amazon,SKU-1008,2026-03-26,1,94.99,0.0,Delivered,TX
ORD-000176,Amazon,SKU-1003,2026-05-23,1,249.99,0.0,Delivered,NY
ORD-000177,Wayfair,SKU-1007,2026-02-20,1,67.49,0.1,Delivered,NY
ORD-000178,Amazon,SKU-1001,2026-05-22,1,80.99,0.1,Delivered,CA
ORD-000179,Amazon,SKU-1001,2026-07-10,1,80.99,0.1,Delivered,NY
ORD-000180,Amazon,SKU-1001,2026-05-15,1,89.99,0.0,Delivered,TX
ORD-000181,Amazon,SKU-1003,2026-06-12,1,237.49,0.05,Delivered,IL
ORD-000182,Wayfair,SKU-1003,2026-07-17,2,249.99,0.0,Delivered,CA
ORD-000183,eBay,SKU-1005,2026-07-19,1,111.99,0.2,Delivered,NY
ORD-000184,Amazon,SKU-1005,2026-07-26,3,132.99,0.05,Delivered,FL
ORD-000185,eBay,SKU-1007,2026-03-12,1,71.24,0.05,Delivered,IL
ORD-000186,Amazon,SKU-1005,2026-02-20,1,139.99,0.0,Delivered,AZ
ORD-000187,Wayfair,SKU-1001,2026-02-25,1,85.49,0.05,Delivered,FL
ORD-000188,Wayfair,SKU-1007,2026-05-28,3,71.24,0.05,Delivered,FL
ORD-000189,Wayfair,SKU-1004,2026-05-28,1,42.49,0.15,Delivered,WA
ORD-000190,Amazon,SKU-1004,2026-04-06,2,39.99,0.2,Delivered,FL
ORD-000191,Wayfair,SKU-1003,2026-05-12,1,249.99,0.0,Delivered,IL
ORD-000192,Amazon,SKU-1005,2026-02-26,1,139.99,0.0,Delivered,AZ
ORD-000193,eBay,SKU-1008,2026-03-12,1,90.24,0.05,Delivered,TX
ORD-000194,eBay,SKU-1008,2026-05-13,1,85.49,0.1,Delivered,FL
ORD-000195,Amazon,SKU-1005,2026-03-06,1,125.99,0.1,Delivered,WA
ORD-000196,eBay,SKU-1004,2026-05-21,1,49.99,0.0,Delivered,MA
ORD-000197,eBay,SKU-1003,2026-03-23,1,249.99,0.0,Delivered,AZ
ORD-000198,eBay,SKU-1001,2026-06-16,1,89.99,0.0,Delivered,CA
ORD-000199,Amazon,SKU-1003,2026-07-29,2,224.99,0.1,Delivered,NY
ORD-000200,eBay,SKU-1004,2026-04-03,3,47.49,0.05,Delivered,IL
ORD-000201,Amazon,SKU-1002,2026-06-02,3,169.99,0.0,Delivered,FL
ORD-000202,eBay,SKU-1004,2026-05-10,1,49.99,0.0,Delivered,CA
ORD-000203,Wayfair,SKU-1005,2026-02-15,1,118.99,0.15,Delivered,CA
ORD-000204,Wayfair,SKU-1007,2026-04-15,1,74.99,0.0,Delivered,FL
ORD-000205,Amazon,SKU-1007,2026-03-30,2,63.74,0.15,Delivered,NY
ORD-000206,Amazon,SKU-1004,2026-05-11,4,49.99,0.0,Delivered,MA
ORD-000207,eBay,SKU-1007,2026-03-11,1,74.99,0.0,Shipped,WA
ORD-000208,eBay,SKU-1001,2026-05-27,1,76.49,0.15,Delivered,CA
ORD-000209,Wayfair,SKU-1001,2026-07-07,1,89.99,0.0,Delivered,TX
ORD-000210,Amazon,SKU-1001,2026-07-11,1,89.99,0.0,Delivered,FL
ORD-000211,Amazon,SKU-1001,2026-04-04,2,89.99,0.0,Delivered,TX
ORD-000212,Amazon,SKU-1005,2026-07-23,1,111.99,0.2,Delivered,FL
ORD-000213,Wayfair,SKU-1004,2026-06-23,1,42.49,0.15,Delivered,NY
ORD-000214,eBay,SKU-1003,2026-05-04,2,249.99,0.0,Delivered,FL
ORD-000215,eBay,SKU-1007,2026-04-28,1,74.99,0.0,Delivered,WA
ORD-000216,eBay,SKU-1007,2026-07-30,1,74.99,0.0,Delivered,WA
ORD-000217,Amazon,SKU-1008,2026-03-25,1,94.99,0.0,Delivered,MA
ORD-000218,Wayfair,SKU-1004,2026-06-21,1,49.99,0.0,Delivered,TX
ORD-000219,Amazon,SKU-1007,2026-07-19,1,74.99,0.0,Delivered,AZ
ORD-000220,Wayfair,SKU-1006,2026-05-11,1,129.99,0.0,Delivered,TX
ORD-000221,Amazon,SKU-1007,2026-02-23,2,74.99,0.0,Delivered,IL
ORD-000222,Amazon,SKU-1004,2026-02-22,1,49.99,0.0,Delivered,WA
ORD-000223,Amazon,SKU-1002,2026-05-27,1,144.49,0.15,Delivered,MA
ORD-000224,Wayfair,SKU-1002,2026-02-16,1,161.49,0.05,Delivered,IL
ORD-000225,Wayfair,SKU-1006,2026-03-10,2,116.99,0.1,Delivered,CA
ORD-000226,eBay,SKU-1002,2026-05-05,1,161.49,0.05,Delivered,WA
ORD-000227,Amazon,SKU-1008,2026-02-21,1,90.24,0.05,Delivered,WA
ORD-000228,Amazon,SKU-1002,2026-03-21,1,169.99,0.0,Delivered,TX
ORD-000229,Amazon,SKU-1002,2026-07-08,1,144.49,0.15,Delivered,CA
ORD-000230,Amazon,SKU-1007,2026-05-26,4,67.49,0.1,Cancelled,MA
ORD-000231,eBay,SKU-1006,2026-06-22,1,110.49,0.15,Shipped,WA
ORD-000232,eBay,SKU-1008,2026-05-05,1,94.99,0.0,Delivered,CA
ORD-000233,Amazon,SKU-1007,2026-06-23,1,71.24,0.05,Cancelled,CA
ORD-000234,Amazon,SKU-1008,2026-05-14,4,85.49,0.1,Delivered,IL
ORD-000235,Amazon,SKU-1007,2026-04-24,1,74.99,0.0,Delivered,TX
ORD-000236,eBay,SKU-1007,2026-07-15,1,67.49,0.1,Delivered,NY
ORD-000237,Wayfair,SKU-1007,2026-06-14,1,74.99,0.0,Delivered,WA
ORD-000238,Wayfair,SKU-1003,2026-04-15,2,249.99,0.0,Delivered,FL
ORD-000239,Amazon,SKU-1001,2026-06-18,1,85.49,0.05,Delivered,FL
ORD-000240,eBay,SKU-1002,2026-07-06,1,144.49,0.15,Delivered,AZ
ORD-000241,Wayfair,SKU-1001,2026-06-29,1,89.99,0.0,Delivered,FL
ORD-000242,Wayfair,SKU-1001,2026-06-21,1,71.99,0.2,Delivered,IL
ORD-000243,Amazon,SKU-1006,2026-02-20,1,129.99,0.0,Delivered,NY
ORD-000244,,SKU-1003,2026-04-24,2,212.49,0.15,Cancelled,CA
ORD-000245,Amazon,SKU-1003,2026-04-24,1,249.99,0.0,Delivered,CA
ORD-000246,Wayfair,SKU-1001,2026-07-09,1,71.99,0.2,Delivered,IL
ORD-000247,eBay,SKU-1008,2026-03-22,2,90.24,0.05,Delivered,NY
ORD-000248,Amazon,SKU-1003,2026-05-13,1,199.99,0.2,Delivered,TX
ORD-000249,Amazon,SKU-1001,2026-07-19,1,89.99,0.0,Delivered,CA
ORD-000250,Amazon,SKU-1001,2026-05-06,2,89.99,0.0,Delivered,FL
ORD-000251,Amazon,SKU-1002,2026-02-20,1,169.99,0.0,Delivered,IL
ORD-000252,eBay,SKU-1005,2026-03-06,3,139.99,0.0,Shipped,TX
ORD-000253,eBay,SKU-1008,2026-03-24,1,94.99,0.0,Delivered,CA
ORD-000254,Wayfair,SKU-1006,2026-06-14,1,123.49,0.05,Delivered,TX
ORD-000255,Amazon,SKU-1005,2026-07-09,2,139.99,0.0,Delivered,IL
ORD-000256,eBay,SKU-1004,2026-04-19,1,49.99,0.0,Delivered,CA
ORD-000257,Amazon,SKU-1004,2026-07-28,1,47.49,0.05,Delivered,WA
ORD-000258,Amazon,SKU-1008,2026-04-01,2,90.24,0.05,Delivered,FL
ORD-000259,Wayfair,SKU-1005,2026-03-11,2,139.99,0.0,Delivered,WA
ORD-000260,Amazon,SKU-1002,2026-05-20,1,152.99,0.1,Delivered,IL
ORD-000261,Wayfair,SKU-1008,2026-02-17,2,90.24,0.05,Delivered,MA
ORD-000262,Amazon,SKU-1004,2026-03-18,1,47.49,0.05,Delivered,WA
ORD-000263,eBay,SKU-1007,2026-07-29,1,71.24,0.05,Processing,TX
ORD-000264,Wayfair,SKU-1003,2026-04-19,2,224.99,0.1,Delivered,NY
ORD-000265,Amazon,SKU-1004,2026-04-13,1,47.49,0.05,Delivered,AZ
ORD-000266,Amazon,SKU-1004,2026-03-11,1,49.99,0.0,Delivered,TX
ORD-000267,Amazon,SKU-1004,2026-06-04,1,44.99,0.1,Delivered,FL
ORD-000268,Amazon,SKU-1002,2026-07-02,1,169.99,0.0,Delivered,TX
ORD-000269,Amazon,SKU-1002,2026-04-27,2,169.99,0.0,Delivered,CA
ORD-000270,Wayfair,SKU-1004,2026-05-17,1,42.49,0.15,Delivered,WA
ORD-000271,Amazon,SKU-1007,2026-04-16,1,63.74,0.15,Delivered,FL
ORD-000272,eBay,SKU-1004,2026-02-11,3,49.99,0.0,Delivered,CA
ORD-000273,Wayfair,SKU-1008,2026-05-14,2,94.99,0.0,Delivered,AZ
ORD-000274,Amazon,SKU-1003,2026-04-19,1,249.99,0.0,Cancelled,TX
ORD-000275,Amazon,SKU-1008,2026-06-08,2,94.99,0.0,Delivered,TX
ORD-000276,Amazon,SKU-1007,2026-05-30,1,67.49,0.1,Delivered,TX
ORD-000277,eBay,SKU-1003,2026-03-23,1,212.49,0.15,Delivered,IL
ORD-000278,Amazon,SKU-1004,2026-07-23,1,39.99,0.2,Delivered,MA
ORD-000279,Amazon,SKU-1001,2026-05-27,2,71.99,0.2,Delivered,WA
ORD-000280,eBay,SKU-1001,2026-07-29,1,80.99,0.1,Delivered,CA
ORD-000281,Wayfair,SKU-1006,2026-08-01,2,116.99,0.1,Delivered,MA
ORD-000282,Amazon,SKU-1003,2026-03-08,1,249.99,0.0,Cancelled,NY
ORD-000283,Wayfair,SKU-1006,2026-06-19,2,116.99,0.1,Delivered,WA
ORD-000284,eBay,SKU-1005,2026-06-16,1,125.99,0.1,Delivered,FL
ORD-000285,Amazon,SKU-1001,2026-06-11,1,85.49,0.05,Delivered,AZ
ORD-000286,eBay,SKU-1004,2026-07-01,1,42.49,0.15,Delivered,CA
ORD-000287,Amazon,SKU-1001,2026-06-26,1,85.49,0.05,Shipped,WA
ORD-000288,Wayfair,SKU-1004,2026-03-29,1,49.99,0.0,Delivered,CA
ORD-000289,Wayfair,SKU-1008,2026-02-19,4,90.24,0.05,Delivered,CA
ORD-000290,eBay,SKU-1001,2026-07-17,3,89.99,0.0,Delivered,NY
ORD-000291,Amazon,SKU-1008,2026-02-22,1,85.49,0.1,Delivered,WA
ORD-000292,Amazon,SKU-1003,2026-06-19,1,249.99,0.0,Cancelled,AZ
ORD-000293,Wayfair,SKU-1007,2026-05-31,1,71.24,0.05,Delivered,IL
ORD-000294,Amazon,SKU-1002,2026-04-13,1,144.49,0.15,Delivered,CA
ORD-000295,eBay,SKU-1006,2026-02-06,1,129.99,0.0,Delivered,NY
ORD-000296,Wayfair,SKU-1006,2026-04-05,2,129.99,0.0,Delivered,CA
ORD-000297,Amazon,SKU-1007,2026-06-10,4,74.99,0.0,Delivered,FL
ORD-000298,eBay,SKU-1005,2026-04-25,1,118.99,0.15,Cancelled,FL
ORD-000299,Amazon,SKU-1004,2026-06-24,3,42.49,0.15,Processing,FL
ORD-000300,Amazon,SKU-1004,2026-05-01,3,44.99,0.1,Shipped,TX
ORD-000301,Amazon,SKU-1004,2026-05-09,1,47.49,0.05,Delivered,TX
ORD-000302,Amazon,SKU-1007,2026-05-31,3,71.24,0.05,Cancelled,FL
ORD-000303,Amazon,SKU-1001,2026-03-26,1,89.99,0.0,Delivered,NY
ORD-000304,Wayfair,SKU-1004,2026-02-15,1,44.99,0.1,Delivered,AZ
ORD-000305,eBay,SKU-1002,2026-07-23,1,161.49,0.05,Shipped,TX
ORD-000306,Amazon,SKU-1008,2026-03-22,3,94.99,0.0,Cancelled,NY
ORD-000307,eBay,SKU-1002,2026-03-26,1,169.99,0.0,Delivered,TX
ORD-000308,eBay,SKU-1004,2026-04-21,1,47.49,0.05,Delivered,CA
ORD-000309,Amazon,SKU-1008,2026-04-24,3,94.99,0.0,Delivered,FL
ORD-000310,Amazon,SKU-1002,2026-04-09,1,161.49,0.05,Delivered,TX
ORD-000311,Amazon,SKU-1002,2026-06-27,2,161.49,0.05,Delivered,WA
ORD-000312,Wayfair,SKU-1002,2026-07-16,2,161.49,0.05,Delivered,TX
ORD-000313,Amazon,SKU-1001,2026-03-21,3,85.49,0.05,Delivered,CA
ORD-000314,Wayfair,SKU-1001,2026-07-23,1,89.99,0.0,Delivered,WA
ORD-000315,Amazon,SKU-1001,2026-03-29,1,89.99,0.0,Delivered,WA
ORD-000316,Amazon,SKU-1005,2026-06-06,1,132.99,0.05,Delivered,CA
ORD-000317,Amazon,SKU-1006,2026-04-16,1,116.99,0.1,Delivered,IL
ORD-000318,Amazon,SKU-1008,2026-02-26,1,94.99,0.0,Delivered,TX
ORD-000319,eBay,SKU-1003,2026-02-22,1,249.99,0.0,Delivered,MA
ORD-000320,eBay,SKU-1002,2026-02-22,1,144.49,0.15,Delivered,CA
ORD-000321,Amazon,SKU-1003,2026-02-16,1,224.99,0.1,Delivered,AZ
ORD-000322,Amazon,SKU-1005,2026-02-26,2,118.99,0.15,Delivered,AZ
ORD-000323,Amazon,SKU-1006,2026-04-12,1,129.99,0.0,Delivered,AZ
ORD-000324,Amazon,SKU-1005,2026-04-23,1,139.99,0.0,Delivered,IL
ORD-000325,Wayfair,SKU-1007,2026-04-19,1,74.99,0.0,Shipped,NY
ORD-000326,Amazon,SKU-1008,2026-03-09,2,85.49,0.1,Delivered,IL
ORD-000327,Amazon,SKU-1003,2026-04-02,2,249.99,0.0,Delivered,MA
ORD-000328,eBay,SKU-1004,2026-02-09,1,44.99,0.1,Delivered,TX
ORD-000329,Amazon,SKU-1004,2026-03-21,1,44.99,0.1,Delivered,FL
ORD-000330,eBay,SKU-1007,2026-02-23,1,74.99,0.0,Shipped,CA
ORD-000331,Amazon,SKU-1004,2026-02-25,1,49.99,0.0,Processing,TX
ORD-000332,Amazon,SKU-1001,2026-05-27,1,85.49,0.05,Delivered,CA
ORD-000333,eBay,SKU-1004,2026-04-26,2,49.99,0.0,Delivered,IL
ORD-000334,Amazon,SKU-1006,2026-04-05,1,129.99,0.0,Delivered,CA
ORD-000335,Amazon,SKU-1003,2026-02-18,1,249.99,0.0,Delivered,IL
ORD-000336,Wayfair,SKU-1003,2026-07-12,1,237.49,0.05,Delivered,CA
ORD-000337,Amazon,SKU-1001,2026-07-10,1,76.49,0.15,Delivered,NY
ORD-000338,eBay,SKU-1007,2026-07-04,1,74.99,0.0,Delivered,CA
ORD-000339,Wayfair,SKU-1003,2026-04-24,1,224.99,0.1,Delivered,FL
ORD-000340,Amazon,SKU-1002,2026-05-13,1,144.49,0.15,Delivered,MA
ORD-000341,eBay,SKU-1002,2026-02-08,3,161.49,0.05,Delivered,NY
ORD-000342,eBay,SKU-1003,2026-05-17,1,249.99,0.0,Delivered,TX
ORD-000343,Amazon,SKU-1001,2026-05-09,1,71.99,0.2,Delivered,NY
ORD-000344,Wayfair,SKU-1004,2026-07-29,1,49.99,0.0,Cancelled,WA
ORD-000345,eBay,SKU-1007,2026-02-23,1,74.99,0.0,Delivered,CA
ORD-000346,Amazon,SKU-1005,2026-07-17,1,139.99,0.0,Delivered,MA
ORD-000347,Amazon,SKU-1004,2026-04-09,1,44.99,0.1,Delivered,WA
ORD-000348,Amazon,SKU-1002,2026-05-31,2,161.49,0.05,Delivered,TX
ORD-000349,Amazon,SKU-1001,2026-05-19,3,89.99,0.0,Shipped,IL
ORD-000350,Amazon,SKU-1003,2026-03-26,1,249.99,0.0,Delivered,WA
ORD-000351,Amazon,SKU-1004,2026-02-13,2,49.99,0.0,Shipped,WA
ORD-000352,Amazon,SKU-1006,2026-04-05,1,123.49,0.05,Delivered,NY
ORD-000353,eBay,SKU-1004,2026-07-13,1,47.49,0.05,Delivered,CA
ORD-000354,Amazon,SKU-1005,2026-07-03,1,139.99,0.0,Delivered,TX
ORD-000355,eBay,SKU-1006,2026-06-29,1,110.49,0.15,Delivered,TX
ORD-000356,Amazon,SKU-1004,2026-06-07,1,47.49,0.05,Delivered,FL
ORD-000357,Amazon,SKU-1005,2026-05-30,1,125.99,0.1,Delivered,TX
ORD-000358,Amazon,SKU-1005,2026-03-08,1,139.99,0.0,Delivered,NY
ORD-000359,Amazon,SKU-1001,2026-07-04,1,89.99,0.0,Delivered,WA
ORD-000360,eBay,SKU-1006,2026-03-18,1,123.49,0.05,Delivered,TX
ORD-000361,Amazon,SKU-1004,2026-05-04,3,47.49,0.05,Delivered,NY
ORD-000362,eBay,SKU-1005,2026-05-17,1,139.99,0.0,Shipped,NY
ORD-000363,Amazon,SKU-1001,2026-03-30,1,89.99,0.0,Delivered,CA
ORD-000364,eBay,SKU-1004,2026-06-08,1,49.99,0.0,Delivered,IL
ORD-000365,Amazon,SKU-1007,2026-02-12,2,74.99,0.0,Delivered,NY
ORD-000366,eBay,SKU-1006,2026-04-06,1,103.99,0.2,Delivered,TX
ORD-000367,Amazon,SKU-1007,2026-03-04,2,74.99,0.0,Shipped,FL
ORD-000368,eBay,SKU-1003,2026-07-13,1,237.49,0.05,Shipped,IL
ORD-000369,Amazon,SKU-1007,2026-06-18,1,71.24,0.05,Delivered,WA
ORD-000370,Amazon,SKU-1003,2026-06-13,4,224.99,0.1,Delivered,MA
ORD-000371,Wayfair,SKU-1007,2026-04-13,2,74.99,0.0,Shipped,TX
ORD-000372,Wayfair,SKU-1006,2026-07-25,1,129.99,0.0,Delivered,FL
ORD-000373,Amazon,SKU-1003,2026-02-25,1,224.99,0.1,Delivered,AZ
ORD-000374,Amazon,SKU-1004,2026-06-30,1,44.99,0.1,Delivered,IL
ORD-000375,eBay,SKU-1004,2026-05-04,2,44.99,0.1,Delivered,MA
ORD-000376,Amazon,SKU-1007,2026-04-25,2,74.99,0.0,Delivered,FL
ORD-000377,Amazon,SKU-1004,2026-07-26,2,49.99,0.0,Delivered,AZ
ORD-000378,Wayfair,SKU-1001,2026-03-14,1,89.99,0.0,Delivered,CA
ORD-000379,Amazon,SKU-1006,2026-07-18,1,110.49,0.15,Shipped,CA
ORD-000380,Amazon,SKU-1003,2026-07-22,3,249.99,0.0,Delivered,TX
ORD-000381,Amazon,SKU-1006,2026-07-19,1,129.99,0.0,Delivered,CA
ORD-000382,Amazon,SKU-1005,2026-05-26,1,125.99,0.1,Shipped,MA
ORD-000383,Amazon,SKU-1004,2026-02-20,1,49.99,0.0,Shipped,CA
ORD-000384,Amazon,SKU-1003,2026-05-10,2,224.99,0.1,Delivered,MA
ORD-000385,Amazon,SKU-1001,2026-02-04,1,89.99,0.0,Delivered,CA
ORD-000386,Wayfair,SKU-1006,2026-07-09,1,110.49,0.15,Delivered,CA
ORD-000387,eBay,SKU-1007,2026-05-11,1,74.99,0.0,Shipped,TX
ORD-000388,Amazon,SKU-1005,2026-07-05,1,132.99,0.05,Delivered,WA
ORD-000389,eBay,SKU-1007,2026-04-20,1,71.24,0.05,Delivered,NY
ORD-000390,eBay,SKU-1005,2026-04-04,1,139.99,0.0,Delivered,FL
ORD-000391,Wayfair,SKU-1004,2026-05-05,3,49.99,0.0,Shipped,FL
ORD-000392,eBay,SKU-1003,2026-06-02,3,224.99,0.1,Delivered,CA
ORD-000393,Amazon,SKU-1002,2026-02-17,3,169.99,0.0,Delivered,WA
ORD-000394,Amazon,SKU-1007,2026-05-15,1,71.24,0.05,Delivered,TX
ORD-000395,Amazon,SKU-1003,2026-03-26,3,249.99,0.0,Delivered,FL
ORD-000396,eBay,SKU-1007,2026-07-16,1,67.49,0.1,Delivered,AZ
ORD-000397,Amazon,SKU-1001,2026-05-24,1,85.49,0.05,Delivered,WA
ORD-000398,Amazon,SKU-1006,2026-02-05,2,116.99,0.1,Delivered,MA
ORD-000399,eBay,SKU-1004,2026-04-09,1,49.99,0.0,Shipped,TX
ORD-000400,eBay,SKU-1008,2026-02-09,1,94.99,0.0,Delivered,TX
ORD-000401,eBay,SKU-1008,2026-06-09,1,94.99,0.0,Delivered,FL
ORD-000402,Amazon,SKU-1003,2026-02-28,2,224.99,0.1,Delivered,IL
ORD-000403,Wayfair,SKU-1001,2026-02-05,1,85.49,0.05,Delivered,CA
ORD-000404,Wayfair,SKU-1008,2026-06-23,2,85.49,0.1,Delivered,TX
ORD-000405,Wayfair,SKU-1002,2026-04-24,1,169.99,0.0,Delivered,NY
ORD-000406,Amazon,SKU-1008,2026-06-14,4,75.99,0.2,Delivered,NY
ORD-000407,Wayfair,SKU-1003,2026-04-26,1,249.99,0.0,Delivered,TX
ORD-000408,eBay,SKU-1007,2026-04-05,1,71.24,0.05,Delivered,IL
ORD-000409,Wayfair,SKU-1002,2026-04-05,1,144.49,0.15,Delivered,FL
ORD-000410,eBay,SKU-1005,2026-02-04,3,139.99,0.0,Delivered,AZ
ORD-000411,Amazon,SKU-1006,2026-06-17,4,129.99,0.0,Cancelled,MA
ORD-000412,Amazon,SKU-1001,2026-02-13,3,76.49,0.15,Delivered,WA
ORD-000413,Wayfair,SKU-1003,2026-02-23,1,237.49,0.05,Delivered,NY
ORD-000414,Amazon,SKU-1005,2026-07-21,3,139.99,0.0,Delivered,TX
ORD-000415,eBay,SKU-1007,2026-04-26,1,74.99,0.0,Delivered,CA
ORD-000416,eBay,SKU-1007,2026-03-13,1,74.99,0.0,Delivered,CA
ORD-000417,eBay,SKU-1003,2026-05-28,1,249.99,0.0,Delivered,CA
ORD-000418,Wayfair,SKU-1006,2026-07-30,1,129.99,0.0,Shipped,CA
ORD-000419,Wayfair,SKU-1006,2026-05-14,1,116.99,0.1,Delivered,MA
ORD-000420,Amazon,SKU-1001,2026-05-28,1,85.49,0.05,Delivered,CA
ORD-000421,Amazon,SKU-1007,2026-02-17,2,59.99,0.2,Delivered,IL
ORD-000422,eBay,SKU-1003,2026-07-17,1,237.49,0.05,Delivered,CA
ORD-000423,Amazon,SKU-1008,2026-07-17,1,94.99,0.0,Delivered,IL
ORD-000424,Amazon,SKU-1003,2026-05-31,1,212.49,0.15,Delivered,WA
ORD-000425,Amazon,SKU-1004,2026-05-22,1,49.99,0.0,Delivered,TX
ORD-000426,Amazon,SKU-1008,2026-07-10,1,90.24,0.05,Delivered,AZ
ORD-000427,Amazon,SKU-1004,2026-05-11,1,49.99,0.0,Delivered,FL
ORD-000428,Wayfair,SKU-1005,2026-02-06,4,125.99,0.1,Delivered,FL
ORD-000429,Wayfair,SKU-1004,2026-06-10,1,49.99,0.0,Delivered,FL
ORD-000430,Wayfair,SKU-1001,2026-04-14,1,71.99,0.2,Delivered,IL
ORD-000431,Wayfair,SKU-1008,2026-02-27,1,94.99,0.0,Delivered,IL
ORD-000432,eBay,SKU-1006,2026-03-30,1,103.99,0.2,Delivered,MA
ORD-000433,Amazon,SKU-1008,2026-04-03,1,85.49,0.1,Delivered,AZ
ORD-000434,eBay,SKU-1001,2026-06-27,1,85.49,0.05,Delivered,MA
ORD-000435,Amazon,SKU-1008,2026-04-22,1,94.99,0.0,Delivered,FL
ORD-000436,Amazon,SKU-1001,2026-04-27,3,89.99,0.0,Delivered,WA
ORD-000437,Wayfair,SKU-1008,2026-04-25,1,94.99,0.0,Delivered,CA
ORD-000438,Amazon,SKU-1001,2026-05-06,3,89.99,0.0,Delivered,NY
ORD-000439,Amazon,SKU-1001,2026-03-08,3,80.99,0.1,Delivered,WA
ORD-000440,Amazon,SKU-1004,2026-06-25,1,42.49,0.15,Shipped,TX
ORD-000441,Amazon,SKU-1005,2026-04-21,2,139.99,0.0,Delivered,CA
ORD-000442,Amazon,SKU-1006,2026-06-27,1,123.49,0.05,Delivered,MA
ORD-000443,Amazon,SKU-1002,2026-06-09,1,152.99,0.1,Delivered,MA
ORD-000444,Wayfair,SKU-1002,2026-02-24,2,152.99,0.1,Delivered,TX
ORD-000445,Amazon,SKU-1001,2026-07-29,1,89.99,0.0,Delivered,CA
ORD-000446,eBay,SKU-1004,2026-03-16,2,47.49,0.05,Delivered,FL
ORD-000447,Amazon,SKU-1001,2026-06-29,1,80.99,0.1,Delivered,CA
ORD-000448,Amazon,SKU-1007,2026-04-24,1,74.99,0.0,Delivered,AZ
ORD-000449,Amazon,SKU-1002,2026-02-25,1,135.99,0.2,Delivered,WA
ORD-000450,eBay,SKU-1004,2026-07-07,2,49.99,0.0,Delivered,CA
ORD-000451,eBay,SKU-1002,2026-06-20,1,169.99,0.0,Delivered,CA
ORD-000452,Wayfair,SKU-1005,2026-03-13,1,139.99,0.0,Delivered,IL
ORD-000453,Amazon,SKU-1005,2026-02-26,1,139.99,0.0,Delivered,CA
ORD-000454,Amazon,SKU-1007,2026-05-14,1,63.74,0.15,Delivered,WA
ORD-000455,Amazon,SKU-1004,2026-05-10,1,49.99,0.0,Delivered,NY
ORD-000456,Amazon,SKU-1002,2026-02-17,1,152.99,0.1,Delivered,WA
ORD-000457,Amazon,SKU-1007,2026-07-02,1,74.99,0.0,Delivered,FL
ORD-000458,eBay,SKU-1008,2026-06-03,1,94.99,0.0,Delivered,NY
ORD-000459,Amazon,SKU-1007,2026-06-28,3,67.49,0.1,Delivered,FL
ORD-000460,eBay,SKU-1001,2026-03-18,3,89.99,0.0,Delivered,CA
ORD-000461,Amazon,SKU-1001,2026-07-26,1,71.99,0.2,Delivered,AZ
ORD-000462,Wayfair,SKU-1002,2026-02-19,1,161.49,0.05,Delivered,AZ
ORD-000463,Wayfair,SKU-1004,2026-02-05,2,47.49,0.05,Delivered,NY
ORD-000464,Amazon,SKU-1004,2026-07-02,1,39.99,0.2,Delivered,CA
ORD-000465,eBay,SKU-1007,2026-06-19,2,63.74,0.15,Delivered,WA
ORD-000466,Amazon,SKU-1005,2026-03-18,1,139.99,0.0,Delivered,WA
ORD-000467,Wayfair,SKU-1001,2026-04-27,1,89.99,0.0,Delivered,TX
ORD-000468,Amazon,SKU-1003,2026-04-20,1,212.49,0.15,Shipped,WA
ORD-000469,Amazon,SKU-1008,2026-04-19,3,94.99,0.0,Shipped,TX
ORD-000470,eBay,SKU-1004,2026-03-22,1,42.49,0.15,Delivered,NY
ORD-000471,Amazon,SKU-1004,2026-02-16,1,49.99,0.0,Delivered,NY
ORD-000472,Wayfair,SKU-1001,2026-06-27,1,89.99,0.0,Shipped,AZ
ORD-000473,Amazon,SKU-1002,2026-05-05,2,169.99,0.0,Shipped,NY
ORD-000474,Amazon,SKU-1005,2026-02-09,1,132.99,0.05,Delivered,MA
ORD-000475,Amazon,SKU-1004,2026-05-01,1,42.49,0.15,Delivered,WA
ORD-000476,Amazon,SKU-1003,2026-03-15,2,224.99,0.1,Delivered,TX
ORD-000477,Amazon,SKU-1002,2026-07-18,1,169.99,0.0,Shipped,IL
ORD-000478,Wayfair,SKU-1001,2026-07-17,1,80.99,0.1,Delivered,FL
ORD-000479,eBay,SKU-1008,2026-07-16,1,80.74,0.15,Shipped,NY
ORD-000480,Amazon,SKU-1002,2026-06-15,2,169.99,0.0,Delivered,FL
ORD-000481,Wayfair,SKU-1006,2026-05-08,1,123.49,0.05,Delivered,WA
ORD-000482,Amazon,SKU-1004,2026-04-13,1,42.49,0.15,Delivered,WA
ORD-000483,Amazon,SKU-1008,2026-03-12,1,94.99,0.0,Delivered,AZ
ORD-000484,Amazon,SKU-1007,2026-04-24,1,67.49,0.1,Delivered,MA
ORD-000485,Amazon,SKU-1002,2026-05-12,2,161.49,0.05,Cancelled,IL
ORD-000486,eBay,SKU-1003,2026-07-27,1,224.99,0.1,Processing,WA
ORD-000487,Wayfair,SKU-1004,2026-07-20,2,49.99,0.0,Delivered,CA
ORD-000488,Wayfair,SKU-1002,2026-03-20,3,144.49,0.15,Delivered,TX
ORD-000489,Wayfair,SKU-1002,2026-05-20,2,169.99,0.0,Delivered,TX
ORD-000490,Amazon,SKU-1007,2026-07-14,1,59.99,0.2,Delivered,AZ
ORD-000491,Wayfair,SKU-1004,2026-05-10,1,49.99,0.0,Shipped,CA
ORD-000492,Amazon,SKU-1008,2026-06-27,2,75.99,0.2,Delivered,AZ
ORD-000493,Amazon,SKU-1002,2026-04-28,1,169.99,0.0,Delivered,CA
ORD-000494,eBay,SKU-1002,2026-03-17,1,169.99,0.0,Shipped,IL
ORD-000495,Amazon,SKU-1001,2026-05-22,1,71.99,0.2,Delivered,CA
ORD-000496,Amazon,SKU-1002,2026-02-05,2,152.99,0.1,Delivered,CA
ORD-000497,eBay,SKU-1001,2026-03-31,1,89.99,0.0,Delivered,NY
ORD-000498,Amazon,SKU-1005,2026-02-13,1,139.99,0.0,Delivered,FL
ORD-000499,Wayfair,SKU-1003,2026-03-08,1,212.49,0.15,Delivered,CA
ORD-000500,Wayfair,SKU-1008,2026-05-16,1,94.99,0.0,Cancelled,CA
ORD-000501,Amazon,SKU-1001,2026-03-05,1,85.49,0.05,Processing,AZ
ORD-000502,Amazon,SKU-1002,2026-02-14,1,169.99,0.0,Delivered,AZ
ORD-000503,Amazon,SKU-1001,2026-05-26,1,85.49,0.05,Delivered,CA
ORD-000504,eBay,SKU-1006,2026-04-20,1,129.99,0.0,Delivered,FL
ORD-000505,Amazon,SKU-1006,2026-02-28,1,123.49,0.05,Delivered,IL
ORD-000506,eBay,SKU-1004,2026-04-10,2,39.99,0.2,Delivered,NY
ORD-000507,Amazon,SKU-1002,2026-03-27,1,161.49,0.05,Delivered,CA
ORD-000508,Amazon,SKU-1001,2026-06-28,1,89.99,0.0,Processing,FL
ORD-000509,Amazon,SKU-1006,2026-04-08,1,129.99,0.0,Cancelled,TX
ORD-000510,Wayfair,SKU-1001,2026-02-12,2,89.99,0.0,Delivered,NY
ORD-000511,Wayfair,SKU-1001,2026-02-13,1,89.99,0.0,Delivered,TX
ORD-000512,Wayfair,SKU-1008,2026-04-11,2,94.99,0.0,Shipped,CA
ORD-000513,Wayfair,SKU-1004,2026-04-12,2,44.99,0.1,Delivered,NY
ORD-000514,Amazon,SKU-1008,2026-03-07,1,94.99,0.0,Delivered,CA
ORD-000515,eBay,SKU-1004,2026-06-27,1,49.99,0.0,Delivered,TX
ORD-000516,eBay,SKU-1001,2026-03-07,1,85.49,0.05,Delivered,NY
ORD-000517,eBay,SKU-1001,2026-02-05,2,80.99,0.1,Processing,FL
ORD-000518,Wayfair,SKU-1005,2026-07-23,2,132.99,0.05,Delivered,FL
ORD-000519,eBay,SKU-1004,2026-06-05,1,44.99,0.1,Delivered,AZ
ORD-000520,Wayfair,SKU-1004,2026-02-15,1,42.49,0.15,Delivered,NY
ORD-000521,Amazon,SKU-1004,2026-06-07,1,49.99,0.0,Delivered,NY
ORD-000522,Amazon,SKU-1004,2026-04-03,1,49.99,0.0,Delivered,CA
ORD-000523,Amazon,SKU-1004,2026-06-09,2,49.99,0.0,Delivered,CA
ORD-000524,Wayfair,SKU-1004,2026-07-06,3,47.49,0.05,Delivered,FL
ORD-000525,Amazon,SKU-1006,2026-04-30,1,129.99,0.0,Delivered,NY
ORD-000526,eBay,SKU-1005,2026-06-03,2,139.99,0.0,Delivered,CA
ORD-000527,Amazon,SKU-1006,2026-05-03,2,103.99,0.2,Delivered,FL
ORD-000528,Amazon,SKU-1006,2026-03-16,1,116.99,0.1,Delivered,NY
ORD-000529,Amazon,SKU-1002,2026-03-04,3,169.99,0.0,Delivered,IL
ORD-000530,Amazon,SKU-1006,2026-05-19,1,123.49,0.05,Delivered,CA
ORD-000531,Amazon,SKU-1008,2026-07-02,3,94.99,0.0,Delivered,FL
ORD-000532,Wayfair,SKU-1001,2026-07-01,1,85.49,0.05,Delivered,CA
ORD-000533,eBay,SKU-1005,2026-03-06,1,132.99,0.05,Delivered,TX
ORD-000534,Amazon,SKU-1008,2026-07-07,3,85.49,0.1,Delivered,MA
ORD-000535,Amazon,SKU-1008,2026-03-08,1,90.24,0.05,Delivered,FL
ORD-000536,Amazon,SKU-1007,2026-04-23,2,63.74,0.15,Delivered,CA
ORD-000537,Amazon,SKU-1005,2026-05-01,3,139.99,0.0,Delivered,MA
ORD-000538,Amazon,SKU-1002,2026-07-15,1,169.99,0.0,Delivered,NY
ORD-000539,eBay,SKU-1005,2026-05-19,1,118.99,0.15,Delivered,AZ
ORD-000540,Amazon,SKU-1004,2026-03-01,1,49.99,0.0,Delivered,CA
ORD-000541,Amazon,SKU-1007,2026-04-16,1,74.99,0.0,Delivered,IL
ORD-000542,Amazon,SKU-1002,2026-05-04,2,169.99,0.0,Shipped,IL
ORD-000543,eBay,SKU-1007,2026-06-25,1,71.24,0.05,Shipped,WA
ORD-000544,Amazon,SKU-1006,2026-05-10,1,103.99,0.2,Cancelled,TX
ORD-000545,Amazon,SKU-1004,2026-04-07,1,42.49,0.15,Shipped,NY
ORD-000546,eBay,SKU-1002,2026-07-17,1,161.49,0.05,Delivered,CA
ORD-000547,Amazon,SKU-1006,2026-05-27,1,116.99,0.1,Delivered,CA
ORD-000548,Amazon,SKU-1004,2026-05-22,1,49.99,0.0,Delivered,AZ
ORD-000549,Amazon,SKU-1001,2026-03-13,1,76.49,0.15,Delivered,IL
ORD-000550,Wayfair,SKU-1005,2026-04-20,1,132.99,0.05,Delivered,IL
ORD-000551,Amazon,SKU-1003,2026-03-21,1,224.99,0.1,Delivered,FL
ORD-000552,Amazon,SKU-1004,2026-03-28,1,49.99,0.0,Delivered,MA
ORD-000553,Amazon,SKU-1005,2026-06-25,2,111.99,0.2,Delivered,WA
ORD-000554,Wayfair,SKU-1004,2026-07-09,3,49.99,0.0,Delivered,AZ
ORD-000555,eBay,SKU-1004,2026-03-03,1,47.49,0.05,Delivered,AZ
ORD-000556,Amazon,SKU-1007,2026-06-12,1,74.99,0.0,Delivered,CA
ORD-000557,Wayfair,SKU-1004,2026-03-16,3,44.99,0.1,Delivered,FL
ORD-000558,eBay,SKU-1002,2026-03-28,2,169.99,0.0,Delivered,FL
ORD-000559,Wayfair,SKU-1006,2026-05-24,1,110.49,0.15,Delivered,CA
ORD-000560,Amazon,SKU-1004,2026-02-24,1,49.99,0.0,Delivered,CA
ORD-000561,Wayfair,SKU-1007,2026-05-17,1,71.24,0.05,Delivered,CA
ORD-000562,Amazon,SKU-1006,2026-07-16,2,129.99,0.0,Delivered,CA
ORD-000563,Amazon,SKU-1007,2026-06-10,1,67.49,0.1,Delivered,CA
ORD-000564,Amazon,SKU-1007,2026-05-14,2,74.99,0.0,Delivered,CA
ORD-000565,eBay,SKU-1006,2026-06-21,1,123.49,0.05,Delivered,AZ
ORD-000566,Wayfair,SKU-1008,2026-07-17,1,75.99,0.2,Delivered,FL
ORD-000567,Amazon,SKU-1001,2026-07-04,1,85.49,0.05,Delivered,CA
ORD-000568,eBay,SKU-1006,2026-03-28,1,123.49,0.05,Delivered,CA
ORD-000569,Wayfair,SKU-1002,2026-03-23,1,152.99,0.1,Delivered,CA
ORD-000570,Wayfair,SKU-1007,2026-06-22,1,71.24,0.05,Delivered,CA
ORD-000571,eBay,SKU-1001,2026-06-06,3,89.99,0.0,Delivered,TX
ORD-000572,Amazon,SKU-1003,2026-03-23,1,249.99,0.0,Delivered,TX
ORD-000573,Amazon,SKU-1005,2026-05-06,2,111.99,0.2,Delivered,TX
ORD-000574,eBay,SKU-1007,2026-07-16,1,63.74,0.15,Delivered,IL
ORD-000575,Amazon,SKU-1007,2026-05-04,2,71.24,0.05,Delivered,WA
ORD-000576,Amazon,SKU-1001,2026-03-09,2,89.99,0.0,Delivered,FL
ORD-000577,Wayfair,SKU-1006,2026-06-11,1,116.99,0.1,Delivered,IL
ORD-000578,Amazon,SKU-1002,2026-04-09,1,135.99,0.2,Delivered,IL
ORD-000579,Amazon,SKU-1003,2026-07-02,2,249.99,0.0,Delivered,FL
ORD-000580,Amazon,SKU-1004,2026-07-21,1,39.99,0.2,Cancelled,WA
ORD-000581,Amazon,SKU-1007,2026-03-14,1,59.99,0.2,Delivered,MA
ORD-000582,Amazon,SKU-1006,2026-05-04,1,116.99,0.1,Delivered,TX
ORD-000583,eBay,SKU-1002,2026-06-14,3,169.99,0.0,Delivered,NY
ORD-000584,Wayfair,SKU-1001,2026-04-25,1,71.99,0.2,Delivered,TX
ORD-000585,Amazon,SKU-1006,2026-06-27,1,123.49,0.05,Delivered,WA
ORD-000586,Amazon,SKU-1007,2026-05-09,3,74.99,0.0,Delivered,IL
ORD-000587,eBay,SKU-1003,2026-07-06,1,212.49,0.15,Delivered,TX
ORD-000588,Amazon,SKU-1004,2026-03-12,1,49.99,0.0,Delivered,CA
ORD-000589,Wayfair,SKU-1002,2026-03-03,1,161.49,0.05,Delivered,CA
ORD-000590,Amazon,SKU-1007,2026-02-13,1,71.24,0.05,Delivered,FL
ORD-000591,Amazon,SKU-1008,2026-03-16,1,94.99,0.0,Delivered,FL
ORD-000592,Amazon,SKU-1005,2026-07-21,2,111.99,0.2,Delivered,FL
ORD-000593,Amazon,SKU-1004,2026-03-30,2,47.49,0.05,Shipped,IL
ORD-000594,eBay,SKU-1002,2026-04-10,1,152.99,0.1,Delivered,FL
ORD-000595,Amazon,SKU-1001,2026-03-07,1,89.99,0.0,Shipped,NY
ORD-000596,Amazon,SKU-1004,2026-02-26,1,42.49,0.15,Delivered,AZ
ORD-000597,eBay,SKU-1004,2026-02-25,1,49.99,0.0,Delivered,IL
ORD-000598,eBay,SKU-1008,2026-07-18,1,94.99,0.0,Shipped,WA
ORD-000599,Wayfair,SKU-1004,2026-06-05,2,49.99,0.0,Delivered,IL
ORD-000600,eBay,SKU-1007,2026-02-27,1,74.99,0.0,Delivered,AZ
ORD-000601,eBay,SKU-1001,2026-06-21,1,89.99,0.0,Delivered,IL
ORD-000602,Amazon,SKU-1005,2026-02-03,1,139.99,0.0,Shipped,NY
ORD-000603,Amazon,SKU-1001,2026-07-01,1,76.49,0.15,Delivered,TX
ORD-000604,eBay,SKU-1002,2026-03-26,1,152.99,0.1,Delivered,NY
ORD-000605,Amazon,SKU-1004,2026-04-21,1,44.99,0.1,Delivered,CA
ORD-000606,Amazon,SKU-1007,2026-04-01,1,67.49,0.1,Delivered,CA
ORD-000607,Amazon,SKU-1004,2026-06-22,1,44.99,0.1,Delivered,NY
ORD-000608,Wayfair,SKU-1005,2026-03-11,1,132.99,0.05,Delivered,TX
ORD-000609,eBay,SKU-1003,2026-05-11,3,249.99,0.0,Delivered,TX
ORD-000610,Amazon,SKU-1008,2026-03-18,1,94.99,0.0,Delivered,WA
ORD-000611,Amazon,SKU-1007,2026-02-10,2,71.24,0.05,Delivered,FL
ORD-000612,,SKU-1006,2026-07-19,1,129.99,0.0,Cancelled,IL
ORD-000613,Amazon,SKU-1003,2026-07-02,1,249.99,0.0,Delivered,AZ
ORD-000614,eBay,SKU-1004,2026-06-25,3,49.99,0.0,Cancelled,TX
ORD-000615,Amazon,SKU-1005,2026-05-16,1,139.99,0.0,Delivered,CA
ORD-000616,Amazon,SKU-1001,2026-03-03,2,71.99,0.2,Shipped,IL
ORD-000617,eBay,SKU-1005,2026-05-09,1,125.99,0.1,Delivered,MA
ORD-000618,Amazon,SKU-1004,2026-07-02,2,47.49,0.05,Delivered,NY
ORD-000619,Amazon,SKU-1007,2026-07-31,1,74.99,0.0,Processing,FL
ORD-000620,Wayfair,SKU-1001,2026-04-06,1,89.99,0.0,Delivered,TX
ORD-000621,Amazon,SKU-1004,2026-04-23,1,42.49,0.15,Delivered,MA
ORD-000622,Wayfair,SKU-1006,2026-06-09,2,129.99,0.0,Delivered,TX
ORD-000623,Wayfair,SKU-1002,2026-07-10,1,152.99,0.1,Delivered,CA
ORD-000624,Amazon,SKU-1008,2026-02-03,2,90.24,0.05,Delivered,NY
ORD-000625,Amazon,SKU-1005,2026-06-29,2,132.99,0.05,Cancelled,AZ
ORD-000626,Amazon,SKU-1003,2026-06-29,1,237.49,0.05,Delivered,MA
ORD-000627,Amazon,SKU-1001,2026-07-27,2,89.99,0.0,Delivered,FL
ORD-000628,Amazon,SKU-1003,2026-07-24,1,237.49,0.05,Delivered,FL
ORD-000629,Amazon,SKU-1002,2026-04-03,1,135.99,0.2,Delivered,CA
ORD-000630,Amazon,SKU-1004,2026-05-08,1,49.99,0.0,Delivered,FL
ORD-000631,eBay,SKU-1008,2026-02-27,2,85.49,0.1,Delivered,AZ
ORD-000632,Wayfair,SKU-1002,2026-03-12,1,169.99,0.0,Delivered,CA
ORD-000633,eBay,SKU-1008,2026-06-18,2,85.49,0.1,Delivered,FL
ORD-000634,Amazon,SKU-1005,2026-07-28,1,139.99,0.0,Delivered,AZ
ORD-000635,eBay,SKU-1001,2026-04-09,1,85.49,0.05,Delivered,TX
ORD-000636,Amazon,SKU-1001,2026-07-25,3,89.99,0.0,Delivered,WA
ORD-000637,eBay,SKU-1002,2026-05-03,1,161.49,0.05,Delivered,NY
ORD-000638,eBay,SKU-1001,2026-05-31,1,89.99,0.0,Delivered,IL
ORD-000639,eBay,SKU-1003,2026-06-28,1,212.49,0.15,Delivered,TX
ORD-000640,eBay,SKU-1003,2026-04-11,1,249.99,0.0,Delivered,IL
ORD-000641,eBay,SKU-1008,2026-06-15,3,94.99,0.0,Delivered,CA
ORD-000642,eBay,SKU-1006,2026-07-31,2,129.99,0.0,Delivered,CA
ORD-000643,Amazon,SKU-1008,2026-02-15,1,94.99,0.0,Delivered,CA
ORD-000644,Amazon,SKU-1002,2026-07-19,3,169.99,0.0,Delivered,IL
ORD-000645,Amazon,SKU-1004,2026-06-16,2,49.99,0.0,Delivered,AZ
ORD-000646,Amazon,SKU-1003,2026-06-20,3,237.49,0.05,Delivered,MA
ORD-000647,eBay,SKU-1004,2026-05-29,1,47.49,0.05,Delivered,FL
ORD-000648,Amazon,SKU-1005,2026-05-01,1,139.99,0.0,Delivered,TX
ORD-000649,Amazon,SKU-1004,2026-02-04,1,44.99,0.1,Shipped,TX
ORD-000650,Amazon,SKU-1004,2026-06-07,3,47.49,0.05,Delivered,NY
ORD-000651,Amazon,SKU-1003,2026-02-03,1,249.99,0.0,Delivered,NY
ORD-000652,eBay,SKU-1002,2026-07-17,1,169.99,0.0,Delivered,NY
ORD-000653,eBay,SKU-1002,2026-07-08,2,152.99,0.1,Delivered,IL
ORD-000654,Amazon,SKU-1007,2026-02-19,1,74.99,0.0,Delivered,FL
ORD-000655,eBay,SKU-1002,2026-03-22,1,169.99,0.0,Cancelled,CA
ORD-000656,Amazon,SKU-1008,2026-03-06,2,85.49,0.1,Delivered,CA
ORD-000657,Amazon,SKU-1004,2026-04-22,2,47.49,0.05,Delivered,WA
ORD-000658,Amazon,SKU-1001,2026-03-11,1,80.99,0.1,Delivered,NY
ORD-000659,Wayfair,SKU-1002,2026-05-10,2,169.99,0.0,Delivered,TX
ORD-000660,Amazon,SKU-1007,2026-02-10,1,67.49,0.1,Delivered,WA
ORD-000661,Amazon,SKU-1002,2026-04-22,3,169.99,0.0,Delivered,IL
ORD-000662,Amazon,SKU-1004,2026-06-05,1,49.99,0.0,Delivered,AZ
ORD-000663,Amazon,SKU-1002,2026-07-14,1,169.99,0.0,Shipped,FL
ORD-000664,Amazon,SKU-1004,2026-02-12,1,44.99,0.1,Delivered,CA
ORD-000665,Amazon,SKU-1007,2026-06-09,1,71.24,0.05,Delivered,MA
ORD-000666,Amazon,SKU-1005,2026-07-17,1,132.99,0.05,Delivered,NY
ORD-000667,Amazon,SKU-1003,2026-07-17,2,224.99,0.1,Delivered,CA
ORD-000668,Amazon,SKU-1006,2026-03-08,1,129.99,0.0,Delivered,FL
ORD-000669,Amazon,SKU-1004,2026-06-27,1,49.99,0.0,Delivered,TX
ORD-000670,Wayfair,SKU-1007,2026-06-23,1,71.24,0.05,Processing,IL
ORD-000671,Amazon,SKU-1004,2026-07-15,1,44.99,0.1,Delivered,FL
ORD-000672,eBay,SKU-1003,2026-04-25,2,237.49,0.05,Delivered,NY
ORD-000673,Amazon,SKU-1004,2026-06-23,1,49.99,0.0,Delivered,TX
ORD-000674,eBay,SKU-1001,2026-02-13,2,89.99,0.0,Shipped,CA
ORD-000675,Amazon,SKU-1004,2026-06-28,1,49.99,0.0,Delivered,FL
ORD-000676,Amazon,SKU-1005,2026-03-30,1,139.99,0.0,Delivered,CA
ORD-000677,Wayfair,SKU-1004,2026-02-22,1,47.49,0.05,Delivered,IL
ORD-000678,Wayfair,SKU-1008,2026-02-16,2,94.99,0.0,Delivered,CA
ORD-000679,Wayfair,SKU-1003,2026-06-14,1,224.99,0.1,Delivered,CA
ORD-000680,Amazon,SKU-1004,2026-07-12,3,47.49,0.05,Delivered,IL
ORD-000681,Amazon,SKU-1007,2026-07-24,1,67.49,0.1,Processing,CA
ORD-000682,Amazon,SKU-1002,2026-04-29,1,161.49,0.05,Delivered,MA
ORD-000683,Amazon,SKU-1008,2026-04-26,2,94.99,0.0,Delivered,IL
ORD-000684,Amazon,SKU-1003,2026-06-21,1,224.99,0.1,Delivered,TX
ORD-000685,Amazon,SKU-1008,2026-05-14,1,94.99,0.0,Delivered,CA
ORD-000686,Wayfair,SKU-1001,2026-02-03,1,89.99,0.0,Shipped,CA
ORD-000687,eBay,SKU-1007,2026-04-13,3,71.24,0.05,Delivered,FL
ORD-000688,Amazon,SKU-1001,2026-03-13,1,89.99,0.0,Delivered,TX
ORD-000689,Amazon,SKU-1007,2026-05-15,1,74.99,0.0,Delivered,TX
ORD-000690,Amazon,SKU-1004,2026-07-28,2,44.99,0.1,Delivered,WA
ORD-000691,Wayfair,SKU-1001,2026-05-10,1,89.99,0.0,Delivered,TX
ORD-000692,Amazon,SKU-1007,2026-03-04,2,74.99,0.0,Delivered,FL
ORD-000693,eBay,SKU-1001,2026-05-10,1,85.49,0.05,Delivered,FL
ORD-000694,eBay,SKU-1003,2026-03-13,1,224.99,0.1,Delivered,NY
ORD-000695,Amazon,SKU-1005,2026-03-30,1,125.99,0.1,Delivered,TX
ORD-000696,eBay,SKU-1004,2026-06-22,1,49.99,0.0,Delivered,IL
ORD-000697,Amazon,SKU-1001,2026-06-25,1,89.99,0.0,Delivered,FL
ORD-000698,Amazon,SKU-1008,2026-04-05,1,85.49,0.1,Delivered,MA
ORD-000699,eBay,SKU-1001,2026-05-21,1,89.99,0.0,Delivered,WA
ORD-000700,Amazon,SKU-1007,2026-05-02,1,59.99,0.2,Delivered,CA
ORD-000701,Wayfair,SKU-1001,2026-03-25,1,89.99,0.0,Delivered,CA
ORD-000702,Amazon,SKU-1006,2026-07-10,3,110.49,0.15,Shipped,CA
ORD-000703,Amazon,SKU-1006,2026-05-28,1,129.99,0.0,Delivered,CA
ORD-000704,eBay,SKU-1004,2026-06-22,1,44.99,0.1,Delivered,WA
ORD-000705,eBay,SKU-1001,2026-07-21,1,89.99,0.0,Delivered,CA
ORD-000706,Amazon,SKU-1006,2026-06-01,1,129.99,0.0,Delivered,TX
ORD-000707,eBay,SKU-1007,2026-03-01,1,63.74,0.15,Delivered,TX
ORD-000708,Wayfair,SKU-1004,2026-02-27,3,47.49,0.05,Delivered,CA
ORD-000709,Wayfair,SKU-1002,2026-06-25,3,169.99,0.0,Delivered,FL
ORD-000710,Amazon,SKU-1003,2026-03-14,1,224.99,0.1,Delivered,TX
ORD-000711,Wayfair,SKU-1008,2026-04-13,2,90.24,0.05,Shipped,AZ
ORD-000712,Amazon,SKU-1007,2026-06-24,3,74.99,0.0,Delivered,NY
ORD-000713,eBay,SKU-1001,2026-06-15,3,85.49,0.05,Delivered,TX
ORD-000714,Amazon,SKU-1002,2026-04-22,3,169.99,0.0,Delivered,CA
ORD-000715,Amazon,SKU-1001,2026-03-25,2,89.99,0.0,Delivered,FL
ORD-000716,Wayfair,SKU-1001,2026-03-11,1,85.49,0.05,Delivered,CA
ORD-000717,eBay,SKU-1004,2026-03-21,1,42.49,0.15,Delivered,IL
ORD-000718,Amazon,SKU-1008,2026-05-18,1,85.49,0.1,Shipped,WA
ORD-000719,Amazon,SKU-1006,2026-03-22,1,129.99,0.0,Delivered,FL
ORD-000720,Amazon,SKU-1002,2026-04-02,1,169.99,0.0,Delivered,CA
ORD-000721,Amazon,SKU-1007,2026-07-06,1,71.24,0.05,Delivered,NY
ORD-000722,Amazon,SKU-1004,2026-03-31,1,44.99,0.1,Delivered,TX
ORD-000723,eBay,SKU-1004,2026-03-25,2,49.99,0.0,Delivered,MA
ORD-000724,Amazon,SKU-1007,2026-04-26,2,63.74,0.15,Delivered,IL
ORD-000725,Wayfair,SKU-1005,2026-04-23,1,118.99,0.15,Delivered,FL
ORD-000726,eBay,SKU-1005,2026-02-11,1,139.99,0.0,Shipped,CA
ORD-000727,Amazon,SKU-1008,2026-05-14,4,94.99,0.0,Delivered,IL
ORD-000728,Amazon,SKU-1008,2026-05-25,1,94.99,0.0,Shipped,NY
ORD-000729,eBay,SKU-1004,2026-02-15,1,42.49,0.15,Delivered,WA
ORD-000730,Amazon,SKU-1001,2026-03-20,2,76.49,0.15,Delivered,CA
ORD-000731,Amazon,SKU-1004,2026-03-19,1,42.49,0.15,Delivered,AZ
ORD-000732,Amazon,SKU-1001,2026-07-18,3,80.99,0.1,Delivered,CA
ORD-000733,Amazon,SKU-1001,2026-05-05,1,80.99,0.1,Delivered,MA
ORD-000734,Amazon,SKU-1005,2026-06-22,1,125.99,0.1,Delivered,FL
ORD-000735,Amazon,SKU-1006,2026-03-11,1,116.99,0.1,Delivered,TX
ORD-000736,Amazon,SKU-1007,2026-07-12,1,63.74,0.15,Cancelled,CA
ORD-000737,Amazon,SKU-1007,2026-06-09,2,71.24,0.05,Delivered,AZ
ORD-000738,eBay,SKU-1002,2026-06-03,1,169.99,0.0,Delivered,CA
ORD-000739,Amazon,SKU-1008,2026-07-12,1,85.49,0.1,Delivered,CA
ORD-000740,Amazon,SKU-1006,2026-02-10,1,116.99,0.1,Delivered,MA
ORD-000741,Amazon,SKU-1001,2026-03-19,1,89.99,0.0,Delivered,WA
ORD-000742,Amazon,SKU-1005,2026-05-29,2,139.99,0.0,Delivered,IL
ORD-000743,Wayfair,SKU-1003,2026-02-19,2,212.49,0.15,Delivered,NY
ORD-000744,Wayfair,SKU-1001,2026-04-27,1,85.49,0.05,Delivered,FL
ORD-000745,eBay,SKU-1001,2026-07-13,1,89.99,0.0,Delivered,FL
ORD-000746,eBay,SKU-1007,2026-05-22,1,74.99,0.0,Delivered,MA
ORD-000747,Amazon,SKU-1003,2026-06-26,1,224.99,0.1,Delivered,IL
ORD-000748,Amazon,SKU-1008,2026-04-17,3,94.99,0.0,Delivered,FL
ORD-000749,Wayfair,SKU-1001,2026-07-09,4,89.99,0.0,Delivered,FL
ORD-000750,Amazon,SKU-1005,2026-03-25,1,139.99,0.0,Delivered,TX
ORD-000751,eBay,SKU-1004,2026-03-03,1,49.99,0.0,Delivered,FL
ORD-000752,Amazon,SKU-1001,2026-04-27,2,76.49,0.15,Delivered,NY
ORD-000753,Amazon,SKU-1001,2026-03-13,1,76.49,0.15,Delivered,TX
ORD-000754,Amazon,SKU-1007,2026-02-16,2,74.99,0.0,Delivered,TX
ORD-000755,,SKU-1004,2026-07-27,1,42.49,0.15,Shipped,CA
ORD-000756,Wayfair,SKU-1001,2026-04-29,4,85.49,0.05,Shipped,FL
ORD-000757,eBay,SKU-1004,2026-04-21,2,49.99,0.0,Delivered,NY
ORD-000758,Amazon,SKU-1004,2026-05-28,2,49.99,0.0,Delivered,CA
ORD-000759,Amazon,SKU-1003,2026-03-25,3,249.99,0.0,Delivered,NY
ORD-000760,Amazon,SKU-1004,2026-06-05,2,47.49,0.05,Delivered,CA
ORD-000761,Wayfair,SKU-1007,2026-06-14,1,74.99,0.0,Delivered,NY
ORD-000762,Amazon,SKU-1006,2026-02-03,1,129.99,0.0,Shipped,AZ
ORD-000763,Wayfair,SKU-1003,2026-02-28,1,237.49,0.05,Delivered,FL
ORD-000764,Wayfair,SKU-1003,2026-04-25,1,249.99,0.0,Delivered,IL
ORD-000765,Amazon,SKU-1006,2026-03-14,1,129.99,0.0,Delivered,FL
ORD-000766,Amazon,SKU-1002,2026-04-24,1,135.99,0.2,Shipped,FL
ORD-000767,Amazon,SKU-1002,2026-04-29,1,169.99,0.0,Delivered,AZ
ORD-000768,Amazon,SKU-1001,2026-02-24,1,89.99,0.0,Delivered,FL
ORD-000769,eBay,SKU-1007,2026-07-09,1,74.99,0.0,Delivered,IL
ORD-000770,Amazon,SKU-1007,2026-06-01,1,74.99,0.0,Shipped,WA
ORD-000771,Amazon,SKU-1001,2026-07-16,2,85.49,0.05,Delivered,TX
ORD-000772,eBay,SKU-1007,2026-05-06,1,67.49,0.1,Delivered,IL
ORD-000773,Amazon,SKU-1008,2026-02-09,1,94.99,0.0,Delivered,AZ
ORD-000774,Amazon,SKU-1003,2026-06-29,1,249.99,0.0,Shipped,IL
ORD-000775,eBay,SKU-1003,2026-04-20,1,249.99,0.0,Delivered,FL
ORD-000776,Wayfair,SKU-1004,2026-05-11,1,49.99,0.0,Delivered,NY
ORD-000777,Amazon,SKU-1008,2026-04-30,1,94.99,0.0,Delivered,CA
ORD-000778,Amazon,SKU-1008,2026-06-06,1,90.24,0.05,Delivered,CA
ORD-000779,Amazon,SKU-1004,2026-05-16,1,49.99,0.0,Shipped,IL
ORD-000780,Amazon,SKU-1003,2026-07-21,1,249.99,0.0,Delivered,FL
ORD-000781,Wayfair,SKU-1007,2026-03-11,1,74.99,0.0,Delivered,FL
ORD-000782,Amazon,SKU-1004,2026-04-24,1,44.99,0.1,Delivered,AZ
ORD-000783,eBay,SKU-1008,2026-05-01,4,90.24,0.05,Delivered,FL
ORD-000784,Wayfair,SKU-1007,2026-02-17,1,71.24,0.05,Delivered,WA
ORD-000785,Amazon,SKU-1007,2026-04-15,2,74.99,0.0,Delivered,NY
ORD-000786,Amazon,SKU-1003,2026-05-10,1,249.99,0.0,Delivered,CA
ORD-000787,Wayfair,SKU-1004,2026-05-05,2,49.99,0.0,Cancelled,WA
ORD-000788,Amazon,SKU-1001,2026-02-06,1,76.49,0.15,Delivered,MA
ORD-000789,Amazon,SKU-1001,2026-05-19,2,76.49,0.15,Delivered,MA
ORD-000790,Amazon,SKU-1005,2026-05-21,1,139.99,0.0,Delivered,CA
ORD-000791,Amazon,SKU-1005,2026-04-03,2,139.99,0.0,Delivered,FL
ORD-000792,Amazon,SKU-1001,2026-06-05,2,89.99,0.0,Delivered,WA
ORD-000793,eBay,SKU-1001,2026-04-14,1,89.99,0.0,Delivered,CA
ORD-000794,eBay,SKU-1004,2026-07-23,1,47.49,0.05,Shipped,TX
ORD-000795,Amazon,SKU-1001,2026-02-04,1,85.49,0.05,Delivered,IL
ORD-000796,Wayfair,SKU-1004,2026-04-18,1,49.99,0.0,Delivered,IL
ORD-000797,Amazon,SKU-1006,2026-02-17,1,123.49,0.05,Delivered,WA
ORD-000798,eBay,SKU-1003,2026-02-08,1,249.99,0.0,Delivered,AZ
ORD-000799,Amazon,SKU-1002,2026-04-14,1,169.99,0.0,Delivered,FL
ORD-000800,eBay,SKU-1008,2026-07-20,1,85.49,0.1,Delivered,WA
ORD-000801,eBay,SKU-1004,2026-02-10,1,49.99,0.0,Delivered,MA
ORD-000802,Amazon,SKU-1001,2026-05-18,2,89.99,0.0,Delivered,WA
ORD-000803,eBay,SKU-1002,2026-05-01,1,169.99,0.0,Shipped,CA
ORD-000804,Amazon,SKU-1004,2026-06-03,2,44.99,0.1,Delivered,NY
ORD-000805,Amazon,SKU-1006,2026-03-11,1,129.99,0.0,Delivered,IL
ORD-000806,Amazon,SKU-1004,2026-06-17,1,49.99,0.0,Delivered,WA
ORD-000807,Amazon,SKU-1008,2026-07-18,2,94.99,0.0,Delivered,CA
ORD-000808,Amazon,SKU-1006,2026-07-24,2,116.99,0.1,Delivered,CA
ORD-000809,eBay,SKU-1003,2026-03-20,1,249.99,0.0,Delivered,CA
ORD-000810,Amazon,SKU-1004,2026-07-27,1,49.99,0.0,Delivered,CA
ORD-000811,Amazon,SKU-1001,2026-07-04,1,80.99,0.1,Delivered,WA
ORD-000812,Amazon,SKU-1006,2026-07-06,1,123.49,0.05,Delivered,FL
ORD-000813,Wayfair,SKU-1008,2026-07-30,1,94.99,0.0,Delivered,CA
ORD-000814,Wayfair,SKU-1004,2026-05-22,1,44.99,0.1,Delivered,TX
ORD-000815,Amazon,SKU-1007,2026-02-17,1,74.99,0.0,Delivered,MA
ORD-000816,Amazon,SKU-1002,2026-06-07,3,169.99,0.0,Delivered,WA
ORD-000817,Amazon,SKU-1001,2026-05-23,1,85.49,0.05,Delivered,WA
ORD-000818,Amazon,SKU-1001,2026-06-28,2,80.99,0.1,Delivered,NY
ORD-000819,Amazon,SKU-1006,2026-02-11,1,129.99,0.0,Delivered,AZ
ORD-000820,Amazon,SKU-1005,2026-06-07,1,139.99,0.0,Delivered,IL
ORD-000821,Amazon,SKU-1001,2026-05-11,3,80.99,0.1,Delivered,FL
ORD-000822,Amazon,SKU-1008,2026-07-26,1,94.99,0.0,Cancelled,WA
ORD-000823,Wayfair,SKU-1003,2026-04-30,1,249.99,0.0,Delivered,WA
ORD-000824,Amazon,SKU-1002,2026-05-11,1,169.99,0.0,Delivered,CA
ORD-000825,Amazon,SKU-1006,2026-07-13,1,129.99,0.0,Delivered,CA
ORD-000826,Amazon,SKU-1008,2026-05-12,1,90.24,0.05,Delivered,FL
ORD-000827,Amazon,SKU-1007,2026-02-06,1,74.99,0.0,Shipped,CA
ORD-000828,Wayfair,SKU-1001,2026-07-22,1,71.99,0.2,Shipped,FL
ORD-000829,Amazon,SKU-1006,2026-02-20,1,129.99,0.0,Delivered,NY
ORD-000830,Amazon,SKU-1008,2026-07-31,1,94.99,0.0,Delivered,AZ
ORD-000831,Amazon,SKU-1007,2026-07-08,1,71.24,0.05,Shipped,CA
ORD-000832,eBay,SKU-1004,2026-03-30,1,49.99,0.0,Delivered,AZ
ORD-000833,Amazon,SKU-1006,2026-03-04,3,123.49,0.05,Delivered,AZ
ORD-000834,eBay,SKU-1007,2026-07-03,1,74.99,0.0,Delivered,IL
ORD-000835,Amazon,SKU-1002,2026-03-16,1,144.49,0.15,Delivered,CA
ORD-000836,eBay,SKU-1007,2026-03-14,1,71.24,0.05,Delivered,CA
ORD-000837,eBay,SKU-1001,2026-04-15,1,80.99,0.1,Delivered,WA
ORD-000838,eBay,SKU-1002,2026-06-15,1,169.99,0.0,Delivered,WA
ORD-000839,eBay,SKU-1005,2026-07-08,3,132.99,0.05,Shipped,TX
ORD-000840,Amazon,SKU-1001,2026-03-04,4,71.99,0.2,Delivered,AZ
ORD-000841,Amazon,SKU-1008,2026-05-31,2,90.24,0.05,Delivered,CA
ORD-000842,eBay,SKU-1007,2026-06-03,1,74.99,0.0,Delivered,CA
ORD-000843,Amazon,SKU-1003,2026-04-07,1,224.99,0.1,Delivered,CA
ORD-000844,Wayfair,SKU-1006,2026-03-19,1,129.99,0.0,Delivered,CA
ORD-000845,Amazon,SKU-1002,2026-06-30,1,169.99,0.0,Delivered,TX
ORD-000846,Amazon,SKU-1007,2026-02-27,1,74.99,0.0,Delivered,AZ
ORD-000847,eBay,SKU-1001,2026-02-15,2,89.99,0.0,Delivered,NY
ORD-000848,Amazon,SKU-1004,2026-03-23,1,39.99,0.2,Delivered,CA
ORD-000849,Amazon,SKU-1006,2026-03-08,1,123.49,0.05,Delivered,IL
ORD-000850,Amazon,SKU-1002,2026-03-14,2,161.49,0.05,Delivered,CA
ORD-000851,Wayfair,SKU-1008,2026-02-24,1,90.24,0.05,Shipped,CA
ORD-000852,Amazon,SKU-1004,2026-02-05,2,44.99,0.1,Delivered,TX
ORD-000853,Wayfair,SKU-1005,2026-07-03,3,118.99,0.15,Delivered,NY
ORD-000854,Wayfair,SKU-1001,2026-06-11,1,85.49,0.05,Delivered,IL
ORD-000855,Amazon,SKU-1007,2026-04-04,1,67.49,0.1,Delivered,NY
ORD-000856,Amazon,SKU-1002,2026-04-04,1,169.99,0.0,Delivered,TX
ORD-000857,Wayfair,SKU-1006,2026-07-01,1,129.99,0.0,Delivered,AZ
ORD-000858,eBay,SKU-1004,2026-05-07,1,44.99,0.1,Delivered,FL
ORD-000859,eBay,SKU-1004,2026-06-17,1,49.99,0.0,Delivered,MA
ORD-000860,eBay,SKU-1004,2026-07-27,1,42.49,0.15,Delivered,CA
ORD-000861,eBay,SKU-1008,2026-02-15,1,94.99,0.0,Delivered,TX
ORD-000862,Amazon,SKU-1002,2026-02-19,1,152.99,0.1,Delivered,TX
ORD-000863,eBay,SKU-1004,2026-06-30,2,44.99,0.1,Delivered,IL
ORD-000864,Wayfair,SKU-1003,2026-06-10,1,249.99,0.0,Delivered,TX
ORD-000865,Amazon,SKU-1004,2026-03-05,1,47.49,0.05,Shipped,AZ
ORD-000866,Amazon,SKU-1004,2026-07-24,3,44.99,0.1,Processing,CA
ORD-000867,Amazon,SKU-1008,2026-02-22,1,94.99,0.0,Delivered,CA
ORD-000868,Amazon,SKU-1002,2026-03-11,1,144.49,0.15,Delivered,FL
ORD-000869,Wayfair,SKU-1003,2026-06-20,3,237.49,0.05,Delivered,IL
ORD-000870,Amazon,SKU-1001,2026-02-07,2,89.99,0.0,Delivered,WA
ORD-000871,Amazon,SKU-1004,2026-07-17,2,47.49,0.05,Delivered,FL
ORD-000872,Amazon,SKU-1004,2026-06-27,1,44.99,0.1,Delivered,TX
ORD-000873,Wayfair,SKU-1004,2026-02-14,1,49.99,0.0,Delivered,FL
ORD-000874,Amazon,SKU-1002,2026-03-20,3,152.99,0.1,Delivered,WA
ORD-000875,Amazon,SKU-1001,2026-02-12,4,85.49,0.05,Delivered,TX
ORD-000876,eBay,SKU-1002,2026-07-22,1,169.99,0.0,Delivered,FL
ORD-000877,Amazon,SKU-1002,2026-02-08,1,161.49,0.05,Delivered,NY
ORD-000878,Amazon,SKU-1003,2026-06-21,3,249.99,0.0,Delivered,NY
ORD-000879,Wayfair,SKU-1003,2026-06-28,1,224.99,0.1,Delivered,MA
ORD-000880,Amazon,SKU-1003,2026-06-04,3,249.99,0.0,Delivered,TX
ORD-000881,Wayfair,SKU-1004,2026-05-27,1,49.99,0.0,Delivered,CA
ORD-000882,eBay,SKU-1004,2026-04-14,1,49.99,0.0,Shipped,WA
ORD-000883,Wayfair,SKU-1008,2026-05-13,1,94.99,0.0,Delivered,MA
ORD-000884,Amazon,SKU-1008,2026-03-11,2,94.99,0.0,Delivered,CA
ORD-000885,Amazon,SKU-1003,2026-05-27,2,249.99,0.0,Delivered,NY
ORD-000886,Wayfair,SKU-1008,2026-04-16,1,85.49,0.1,Delivered,WA
ORD-000887,Wayfair,SKU-1004,2026-07-05,1,49.99,0.0,Delivered,AZ
ORD-000888,Amazon,SKU-1008,2026-07-03,2,94.99,0.0,Delivered,AZ
ORD-000889,Amazon,SKU-1004,2026-06-27,2,49.99,0.0,Delivered,NY
ORD-000890,Amazon,SKU-1004,2026-04-20,2,49.99,0.0,Delivered,NY
ORD-000891,Amazon,SKU-1001,2026-04-10,1,85.49,0.05,Delivered,CA
ORD-000892,Amazon,SKU-1006,2026-03-19,1,116.99,0.1,Delivered,CA
ORD-000893,Wayfair,SKU-1002,2026-02-19,1,169.99,0.0,Delivered,NY
ORD-000894,eBay,SKU-1002,2026-07-29,2,169.99,0.0,Delivered,CA
ORD-000895,eBay,SKU-1002,2026-03-11,1,144.49,0.15,Delivered,CA
ORD-000896,Amazon,SKU-1002,2026-05-04,1,169.99,0.0,Delivered,CA
ORD-000897,eBay,SKU-1002,2026-02-26,1,169.99,0.0,Delivered,TX
ORD-000898,eBay,SKU-1007,2026-04-12,1,67.49,0.1,Delivered,FL
ORD-000899,Amazon,SKU-1007,2026-06-14,1,67.49,0.1,Delivered,MA
ORD-000900,Amazon,SKU-1002,2026-06-10,1,169.99,0.0,Delivered,FL
ORD-000901,Amazon,SKU-1007,2026-06-18,2,67.49,0.1,Shipped,NY
ORD-000902,Amazon,SKU-1008,2026-03-07,3,90.24,0.05,Delivered,TX
ORD-000903,Wayfair,SKU-1007,2026-07-04,1,59.99,0.2,Delivered,TX
ORD-000904,Amazon,SKU-1006,2026-03-06,2,129.99,0.0,Delivered,CA
ORD-000905,Amazon,SKU-1001,2026-07-28,2,89.99,0.0,Delivered,NY
ORD-000906,Amazon,SKU-1004,2026-02-10,2,47.49,0.05,Delivered,CA
ORD-000907,Amazon,SKU-1002,2026-07-22,1,169.99,0.0,Delivered,FL
ORD-000908,Amazon,SKU-1005,2026-07-23,1,139.99,0.0,Shipped,MA
ORD-000909,Amazon,SKU-1008,2026-03-15,2,85.49,0.1,Delivered,NY
ORD-000910,Wayfair,SKU-1001,2026-02-05,1,80.99,0.1,Cancelled,CA
ORD-000911,Amazon,SKU-1007,2026-02-27,3,63.74,0.15,Shipped,NY
ORD-000912,Amazon,SKU-1006,2026-07-24,3,129.99,0.0,Delivered,NY
ORD-000913,Amazon,SKU-1002,2026-03-02,2,169.99,0.0,Delivered,FL
ORD-000914,Amazon,SKU-1004,2026-04-16,1,49.99,0.0,Delivered,CA
ORD-000915,eBay,SKU-1003,2026-04-22,1,212.49,0.15,Delivered,NY
ORD-000916,Amazon,SKU-1008,2026-02-19,2,85.49,0.1,Delivered,TX
ORD-000917,eBay,SKU-1001,2026-07-24,1,89.99,0.0,Delivered,CA
ORD-000918,Amazon,SKU-1001,2026-07-03,3,80.99,0.1,Delivered,CA
ORD-000919,Amazon,SKU-1003,2026-03-25,1,199.99,0.2,Delivered,AZ
ORD-000920,Amazon,SKU-1006,2026-06-30,1,116.99,0.1,Shipped,MA
ORD-000921,eBay,SKU-1003,2026-05-16,4,237.49,0.05,Delivered,NY
ORD-000922,Amazon,SKU-1001,2026-04-02,1,89.99,0.0,Delivered,CA
ORD-000923,eBay,SKU-1001,2026-03-19,1,80.99,0.1,Delivered,FL
ORD-000924,Amazon,SKU-1001,2026-06-15,2,80.99,0.1,Delivered,WA
ORD-000925,Amazon,SKU-1004,2026-04-30,2,47.49,0.05,Delivered,IL
ORD-000926,Wayfair,SKU-1008,2026-03-04,1,94.99,0.0,Delivered,NY
ORD-000927,Amazon,SKU-1001,2026-04-20,2,89.99,0.0,Delivered,TX
ORD-000928,eBay,SKU-1004,2026-06-27,1,44.99,0.1,Delivered,FL
ORD-000929,Wayfair,SKU-1004,2026-06-11,1,49.99,0.0,Delivered,NY
ORD-000930,eBay,SKU-1006,2026-04-15,1,129.99,0.0,Delivered,AZ
ORD-000931,eBay,SKU-1003,2026-02-08,2,237.49,0.05,Delivered,NY
ORD-000932,Amazon,SKU-1008,2026-02-16,1,94.99,0.0,Delivered,FL
ORD-000933,Amazon,SKU-1008,2026-04-21,1,94.99,0.0,Delivered,CA
ORD-000934,Amazon,SKU-1006,2026-06-13,3,129.99,0.0,Delivered,FL
ORD-000935,Amazon,SKU-1008,2026-05-12,1,94.99,0.0,Delivered,WA
ORD-000936,Amazon,SKU-1002,2026-07-22,1,161.49,0.05,Delivered,NY
ORD-000937,Wayfair,SKU-1004,2026-02-21,2,47.49,0.05,Delivered,CA
ORD-000938,Amazon,SKU-1008,2026-03-31,1,75.99,0.2,Delivered,FL
ORD-000939,Amazon,SKU-1005,2026-06-27,2,132.99,0.05,Delivered,IL
ORD-000940,Amazon,SKU-1006,2026-04-19,1,123.49,0.05,Delivered,NY
ORD-000941,Amazon,SKU-1005,2026-06-22,1,139.99,0.0,Delivered,AZ
ORD-000942,Amazon,SKU-1005,2026-06-01,1,132.99,0.05,Shipped,AZ
ORD-000943,Wayfair,SKU-1008,2026-07-12,1,94.99,0.0,Delivered,TX
ORD-000944,eBay,SKU-1006,2026-05-24,1,110.49,0.15,Delivered,WA
ORD-000945,Amazon,SKU-1007,2026-04-16,1,74.99,0.0,Delivered,NY
ORD-000946,Amazon,SKU-1001,2026-04-05,2,89.99,0.0,Delivered,MA
ORD-000947,Wayfair,SKU-1004,2026-03-25,1,49.99,0.0,Delivered,IL
ORD-000948,Amazon,SKU-1006,2026-02-12,3,123.49,0.05,Delivered,AZ
ORD-000949,eBay,SKU-1001,2026-02-18,3,89.99,0.0,Delivered,WA
ORD-000950,Wayfair,SKU-1001,2026-03-09,1,85.49,0.05,Delivered,CA
ORD-000951,eBay,SKU-1006,2026-06-16,1,110.49,0.15,Delivered,CA
ORD-000952,Amazon,SKU-1007,2026-07-01,2,67.49,0.1,Delivered,MA
ORD-000953,Amazon,SKU-1002,2026-03-28,3,169.99,0.0,Delivered,FL
ORD-000954,Amazon,SKU-1004,2026-03-02,1,49.99,0.0,Delivered,MA
ORD-000955,Wayfair,SKU-1007,2026-05-05,1,74.99,0.0,Delivered,WA
ORD-000956,Amazon,SKU-1008,2026-07-21,2,94.99,0.0,Delivered,WA
ORD-000957,Amazon,SKU-1002,2026-07-15,3,169.99,0.0,Shipped,CA
ORD-000958,Wayfair,SKU-1007,2026-05-12,1,59.99,0.2,Delivered,AZ
ORD-000959,Wayfair,SKU-1003,2026-04-03,1,212.49,0.15,Delivered,NY
ORD-000960,Wayfair,SKU-1003,2026-07-16,1,249.99,0.0,Shipped,IL
ORD-000961,Amazon,SKU-1008,2026-05-18,3,94.99,0.0,Delivered,AZ
ORD-000962,Amazon,SKU-1001,2026-04-09,1,89.99,0.0,Delivered,IL
ORD-000963,Amazon,SKU-1006,2026-02-09,2,123.49,0.05,Delivered,NY
ORD-000964,Amazon,SKU-1005,2026-03-25,1,139.99,0.0,Delivered,CA
ORD-000965,Wayfair,SKU-1004,2026-07-18,2,42.49,0.15,Delivered,IL
ORD-000966,Amazon,SKU-1003,2026-03-08,1,224.99,0.1,Shipped,IL
ORD-000967,Amazon,SKU-1002,2026-03-20,1,169.99,0.0,Shipped,FL
ORD-000968,Amazon,SKU-1001,2026-06-24,1,85.49,0.05,Delivered,MA
ORD-000969,eBay,SKU-1002,2026-03-17,1,161.49,0.05,Delivered,CA
ORD-000970,Amazon,SKU-1008,2026-06-27,1,85.49,0.1,Delivered,AZ
ORD-000971,eBay,SKU-1004,2026-03-04,1,49.99,0.0,Delivered,IL
ORD-000972,eBay,SKU-1002,2026-05-10,1,144.49,0.15,Delivered,MA
ORD-000973,eBay,SKU-1003,2026-05-20,1,224.99,0.1,Delivered,MA
ORD-000974,Amazon,SKU-1002,2026-04-06,1,152.99,0.1,Delivered,CA
ORD-000975,Amazon,SKU-1001,2026-07-29,1,89.99,0.0,Delivered,NY
ORD-000976,Amazon,SKU-1005,2026-06-24,1,139.99,0.0,Delivered,AZ
ORD-000977,Wayfair,SKU-1008,2026-07-05,2,85.49,0.1,Delivered,NY
ORD-000978,Wayfair,SKU-1004,2026-07-23,1,39.99,0.2,Delivered,FL
ORD-000979,Amazon,SKU-1002,2026-04-29,2,169.99,0.0,Delivered,FL
ORD-000980,Amazon,SKU-1001,2026-02-13,3,85.49,0.05,Cancelled,TX
ORD-000981,Amazon,SKU-1003,2026-04-10,1,224.99,0.1,Delivered,TX
ORD-000982,Amazon,SKU-1008,2026-06-07,2,94.99,0.0,Shipped,WA
ORD-000983,Amazon,SKU-1007,2026-03-12,1,74.99,0.0,Delivered,CA
ORD-000984,Amazon,SKU-1004,2026-06-08,1,49.99,0.0,Delivered,NY
ORD-000985,Wayfair,SKU-1004,2026-03-11,1,49.99,0.0,Shipped,CA
ORD-000986,Amazon,SKU-1002,2026-04-12,1,152.99,0.1,Delivered,MA
ORD-000987,eBay,SKU-1001,2026-03-20,1,89.99,0.0,Delivered,WA
ORD-000988,Amazon,SKU-1008,2026-07-26,4,94.99,0.0,Delivered,MA
ORD-000989,Amazon,SKU-1001,2026-02-09,1,80.99,0.1,Delivered,NY
ORD-000990,eBay,SKU-1008,2026-02-03,1,94.99,0.0,Delivered,NY
ORD-000991,Wayfair,SKU-1008,2026-06-27,1,80.74,0.15,Shipped,TX
ORD-000992,eBay,SKU-1007,2026-06-22,3,74.99,0.0,Delivered,CA
ORD-000993,Wayfair,SKU-1008,2026-02-24,1,94.99,0.0,Delivered,NY
ORD-000994,Wayfair,SKU-1005,2026-03-13,1,132.99,0.05,Delivered,IL
ORD-000995,eBay,SKU-1003,2026-03-07,1,249.99,0.0,Delivered,CA
ORD-000996,Amazon,SKU-1004,2026-04-11,1,49.99,0.0,Delivered,IL
ORD-000997,Amazon,SKU-1005,2026-05-22,1,132.99,0.05,Cancelled,WA
ORD-000998,eBay,SKU-1005,2026-06-08,1,132.99,0.05,Delivered,NY
ORD-000999,Wayfair,SKU-1001,2026-04-19,1,89.99,0.0,Delivered,AZ
ORD-001000,Amazon,SKU-1004,2026-02-14,1,42.49,0.15,Delivered,FL
ORD-001001,Amazon,SKU-1004,2026-06-27,2,49.99,0.0,Delivered,IL
ORD-001002,eBay,SKU-1001,2026-05-31,1,89.99,0.0,Delivered,CA
ORD-001003,Amazon,SKU-1007,2026-07-02,2,67.49,0.1,Delivered,IL
ORD-001004,Wayfair,SKU-1003,2026-03-21,1,249.99,0.0,Cancelled,TX
ORD-001005,Amazon,SKU-1006,2026-02-06,1,129.99,0.0,Delivered,NY
ORD-001006,Wayfair,SKU-1006,2026-07-06,2,129.99,0.0,Shipped,FL
ORD-001007,Wayfair,SKU-1006,2026-07-24,1,129.99,0.0,Delivered,CA
ORD-001008,Amazon,SKU-1001,2026-03-22,2,89.99,0.0,Delivered,WA
ORD-001009,eBay,SKU-1004,2026-06-19,1,49.99,0.0,Delivered,NY
ORD-001010,Amazon,SKU-1001,2026-03-13,2,89.99,0.0,Delivered,CA
ORD-001011,Amazon,SKU-1004,2026-04-18,1,44.99,0.1,Delivered,CA
ORD-001012,eBay,SKU-1005,2026-05-19,2,125.99,0.1,Delivered,FL
ORD-001013,Amazon,SKU-1003,2026-06-06,1,224.99,0.1,Delivered,AZ
ORD-001014,Amazon,SKU-1007,2026-02-17,1,74.99,0.0,Delivered,CA
ORD-001015,Amazon,SKU-1008,2026-06-03,1,90.24,0.05,Delivered,NY
ORD-001016,Amazon,SKU-1004,2026-03-23,1,49.99,0.0,Delivered,FL
ORD-001017,Wayfair,SKU-1006,2026-07-20,1,110.49,0.15,Delivered,NY
ORD-001018,Wayfair,SKU-1004,2026-07-19,2,44.99,0.1,Shipped,AZ
ORD-001019,Amazon,SKU-1005,2026-02-24,1,139.99,0.0,Delivered,FL
ORD-001020,Amazon,SKU-1001,2026-06-08,1,89.99,0.0,Delivered,CA
ORD-001021,Amazon,SKU-1008,2026-03-14,1,80.74,0.15,Delivered,IL
ORD-001022,Amazon,SKU-1003,2026-04-01,1,249.99,0.0,Delivered,TX
ORD-001023,Amazon,SKU-1003,2026-06-24,1,249.99,0.0,Delivered,FL
ORD-001024,eBay,SKU-1006,2026-05-25,2,103.99,0.2,Delivered,MA
ORD-001025,eBay,SKU-1007,2026-02-28,2,74.99,0.0,Delivered,FL
ORD-001026,Wayfair,SKU-1007,2026-03-14,2,67.49,0.1,Delivered,NY
ORD-001027,Amazon,SKU-1007,2026-05-06,1,74.99,0.0,Shipped,NY
ORD-001028,eBay,SKU-1004,2026-04-05,2,47.49,0.05,Delivered,CA
ORD-001029,eBay,SKU-1002,2026-05-19,1,152.99,0.1,Delivered,IL
ORD-001030,Amazon,SKU-1004,2026-05-22,1,49.99,0.0,Delivered,AZ
ORD-001031,Amazon,SKU-1007,2026-02-09,1,67.49,0.1,Delivered,FL
ORD-001032,Amazon,SKU-1001,2026-05-15,4,89.99,0.0,Delivered,IL
ORD-001033,eBay,SKU-1006,2026-06-29,1,123.49,0.05,Delivered,WA
ORD-001034,Amazon,SKU-1004,2026-05-15,2,44.99,0.1,Shipped,WA
ORD-001035,Amazon,SKU-1003,2026-04-14,3,237.49,0.05,Delivered,NY
ORD-001036,Wayfair,SKU-1005,2026-07-11,2,132.99,0.05,Delivered,AZ
ORD-001037,Amazon,SKU-1007,2026-03-24,2,74.99,0.0,Delivered,NY
ORD-001038,Wayfair,SKU-1006,2026-06-15,4,129.99,0.0,Delivered,FL
ORD-001039,eBay,SKU-1004,2026-03-14,1,42.49,0.15,Delivered,TX
ORD-001040,Amazon,SKU-1007,2026-05-21,4,74.99,0.0,Delivered,NY
ORD-001041,Amazon,SKU-1005,2026-02-14,2,111.99,0.2,Delivered,FL
ORD-001042,Amazon,SKU-1001,2026-04-03,2,71.99,0.2,Delivered,AZ
ORD-001043,Amazon,SKU-1005,2026-07-04,1,139.99,0.0,Delivered,IL
ORD-001044,Amazon,SKU-1005,2026-05-09,1,139.99,0.0,Delivered,FL
ORD-001045,Amazon,SKU-1007,2026-02-27,1,74.99,0.0,Delivered,CA
ORD-001046,,SKU-1004,2026-03-28,1,49.99,0.0,Delivered,FL
ORD-001047,Amazon,SKU-1004,2026-04-10,1,47.49,0.05,Cancelled,WA
ORD-001048,eBay,SKU-1008,2026-05-19,2,94.99,0.0,Delivered,WA
ORD-001049,eBay,SKU-1001,2026-06-17,1,89.99,0.0,Delivered,IL
ORD-001050,Amazon,SKU-1008,2026-03-04,1,94.99,0.0,Delivered,FL
ORD-001051,Amazon,SKU-1001,2026-05-08,1,89.99,0.0,Delivered,CA
ORD-001052,eBay,SKU-1001,2026-05-20,1,76.49,0.15,Delivered,CA
ORD-001053,Amazon,SKU-1007,2026-03-05,1,74.99,0.0,Delivered,NY
ORD-001054,Amazon,SKU-1003,2026-04-29,2,237.49,0.05,Delivered,FL
ORD-001055,Amazon,SKU-1007,2026-05-30,2,67.49,0.1,Delivered,WA
ORD-001056,eBay,SKU-1001,2026-07-11,1,89.99,0.0,Delivered,FL
ORD-001057,Wayfair,SKU-1008,2026-04-14,1,80.74,0.15,Delivered,FL
ORD-001058,eBay,SKU-1007,2026-06-25,1,71.24,0.05,Delivered,MA
ORD-001059,eBay,SKU-1004,2026-06-27,1,44.99,0.1,Delivered,CA
ORD-001060,Amazon,SKU-1006,2026-02-06,1,129.99,0.0,Shipped,AZ
ORD-001061,Amazon,SKU-1005,2026-06-18,1,139.99,0.0,Delivered,AZ
ORD-001062,Amazon,SKU-1001,2026-05-19,1,85.49,0.05,Delivered,CA
ORD-001063,Amazon,SKU-1008,2026-04-16,1,94.99,0.0,Delivered,TX
ORD-001064,Amazon,SKU-1004,2026-07-09,3,49.99,0.0,Delivered,TX
ORD-001065,Amazon,SKU-1001,2026-04-25,1,71.99,0.2,Processing,CA
ORD-001066,eBay,SKU-1002,2026-04-03,1,152.99,0.1,Delivered,CA
ORD-001067,Amazon,SKU-1001,2026-05-17,1,89.99,0.0,Delivered,AZ
ORD-001068,Amazon,SKU-1001,2026-07-02,1,89.99,0.0,Delivered,IL
ORD-001069,Amazon,SKU-1003,2026-02-23,2,237.49,0.05,Shipped,CA
ORD-001070,Amazon,SKU-1004,2026-04-05,1,49.99,0.0,Delivered,NY
ORD-001071,Amazon,SKU-1001,2026-07-10,1,71.99,0.2,Delivered,MA
ORD-001072,eBay,SKU-1004,2026-07-26,1,49.99,0.0,Delivered,FL
ORD-001073,Amazon,SKU-1004,2026-06-18,1,49.99,0.0,Delivered,CA
ORD-001074,Amazon,SKU-1001,2026-04-14,2,89.99,0.0,Delivered,IL
ORD-001075,Wayfair,SKU-1008,2026-07-14,1,85.49,0.1,Delivered,TX
ORD-001076,Amazon,SKU-1008,2026-05-30,3,94.99,0.0,Delivered,CA
ORD-001077,eBay,SKU-1008,2026-02-03,3,85.49,0.1,Delivered,AZ
ORD-001078,eBay,SKU-1006,2026-06-19,1,110.49,0.15,Delivered,FL
ORD-001079,Wayfair,SKU-1008,2026-05-26,1,94.99,0.0,Shipped,IL
ORD-001080,Amazon,SKU-1003,2026-07-30,4,249.99,0.0,Delivered,CA
ORD-001081,eBay,SKU-1001,2026-04-14,1,80.99,0.1,Delivered,IL
ORD-001082,Wayfair,SKU-1005,2026-03-30,1,132.99,0.05,Delivered,TX
ORD-001083,eBay,SKU-1008,2026-03-27,1,75.99,0.2,Delivered,CA
ORD-001084,Amazon,SKU-1002,2026-03-17,1,161.49,0.05,Delivered,WA
ORD-001085,Amazon,SKU-1005,2026-03-06,2,139.99,0.0,Delivered,AZ
ORD-001086,eBay,SKU-1008,2026-04-13,1,85.49,0.1,Cancelled,WA
ORD-001087,Amazon,SKU-1004,2026-06-25,2,49.99,0.0,Delivered,WA
ORD-001088,Wayfair,SKU-1006,2026-04-25,1,103.99,0.2,Delivered,WA
ORD-001089,Amazon,SKU-1004,2026-02-13,2,49.99,0.0,Delivered,NY
ORD-001090,Amazon,SKU-1004,2026-03-23,1,42.49,0.15,Shipped,MA
ORD-001091,eBay,SKU-1002,2026-02-21,3,169.99,0.0,Delivered,CA
ORD-001092,Amazon,SKU-1005,2026-05-23,2,132.99,0.05,Delivered,TX
ORD-001093,Amazon,SKU-1002,2026-04-04,3,152.99,0.1,Shipped,FL
ORD-001094,Amazon,SKU-1002,2026-07-05,1,152.99,0.1,Delivered,FL
ORD-001095,Amazon,SKU-1001,2026-02-10,1,76.49,0.15,Delivered,IL
ORD-001096,Wayfair,SKU-1001,2026-02-16,1,85.49,0.05,Delivered,WA
ORD-001097,Amazon,SKU-1004,2026-05-10,1,47.49,0.05,Delivered,AZ
ORD-001098,eBay,SKU-1007,2026-05-29,1,67.49,0.1,Shipped,FL
ORD-001099,Wayfair,SKU-1003,2026-02-08,1,249.99,0.0,Delivered,CA
ORD-001100,Amazon,SKU-1005,2026-03-23,3,139.99,0.0,Delivered,TX
ORD-001101,eBay,SKU-1004,2026-03-21,1,44.99,0.1,Delivered,TX
ORD-001102,Wayfair,SKU-1004,2026-05-04,1,42.49,0.15,Delivered,CA
ORD-001103,Amazon,SKU-1003,2026-05-07,3,237.49,0.05,Delivered,CA
ORD-001104,Wayfair,SKU-1002,2026-06-25,2,169.99,0.0,Delivered,CA
ORD-001105,eBay,SKU-1008,2026-04-30,1,90.24,0.05,Delivered,NY
ORD-001106,Wayfair,SKU-1006,2026-06-26,3,123.49,0.05,Delivered,CA
ORD-001107,eBay,SKU-1004,2026-02-12,1,42.49,0.15,Delivered,WA
ORD-001108,Amazon,SKU-1004,2026-06-05,2,39.99,0.2,Delivered,IL
ORD-001109,Amazon,SKU-1002,2026-02-03,1,169.99,0.0,Delivered,CA
ORD-001110,Amazon,SKU-1003,2026-07-01,3,249.99,0.0,Cancelled,CA
ORD-001111,Amazon,SKU-1003,2026-04-10,2,249.99,0.0,Delivered,CA
ORD-001112,Wayfair,SKU-1001,2026-02-27,1,80.99,0.1,Delivered,IL
ORD-001113,Wayfair,SKU-1001,2026-04-21,1,89.99,0.0,Delivered,CA
ORD-001114,eBay,SKU-1004,2026-07-11,2,42.49,0.15,Delivered,CA
ORD-001115,eBay,SKU-1008,2026-03-23,1,85.49,0.1,Delivered,NY
ORD-001116,Wayfair,SKU-1005,2026-07-09,1,118.99,0.15,Delivered,CA
ORD-001117,eBay,SKU-1002,2026-04-14,2,144.49,0.15,Cancelled,AZ
ORD-001118,Amazon,SKU-1002,2026-06-02,2,161.49,0.05,Delivered,NY
ORD-001119,eBay,SKU-1008,2026-05-08,1,90.24,0.05,Delivered,NY
ORD-001120,eBay,SKU-1006,2026-06-08,1,123.49,0.05,Delivered,IL
ORD-001121,Amazon,SKU-1005,2026-03-25,1,139.99,0.0,Delivered,NY
ORD-001122,Amazon,SKU-1003,2026-05-08,1,249.99,0.0,Delivered,TX
ORD-001123,Amazon,SKU-1004,2026-02-12,1,47.49,0.05,Processing,NY
ORD-001124,Wayfair,SKU-1004,2026-04-24,1,49.99,0.0,Delivered,TX
ORD-001125,Wayfair,SKU-1001,2026-04-18,2,85.49,0.05,Delivered,IL
ORD-001126,Amazon,SKU-1008,2026-02-20,1,90.24,0.05,Delivered,WA
ORD-001127,eBay,SKU-1002,2026-07-26,2,169.99,0.0,Delivered,CA
ORD-001128,eBay,SKU-1007,2026-06-21,3,74.99,0.0,Delivered,IL
ORD-001129,Amazon,SKU-1007,2026-05-16,2,67.49,0.1,Delivered,WA
ORD-001130,Wayfair,SKU-1008,2026-05-14,1,85.49,0.1,Delivered,TX
ORD-001131,Amazon,SKU-1005,2026-06-01,2,132.99,0.05,Shipped,TX
ORD-001132,eBay,SKU-1002,2026-07-30,1,169.99,0.0,Shipped,CA
ORD-001133,Wayfair,SKU-1001,2026-04-21,3,89.99,0.0,Shipped,AZ
ORD-001134,Amazon,SKU-1003,2026-07-27,2,224.99,0.1,Delivered,TX
ORD-001135,Amazon,SKU-1005,2026-02-10,3,139.99,0.0,Delivered,TX
ORD-001136,eBay,SKU-1005,2026-07-07,1,139.99,0.0,Delivered,MA
ORD-001137,Amazon,SKU-1001,2026-06-03,1,85.49,0.05,Delivered,AZ
ORD-001138,Amazon,SKU-1001,2026-06-23,1,80.99,0.1,Delivered,CA
ORD-001139,Wayfair,SKU-1002,2026-05-11,1,169.99,0.0,Delivered,CA
ORD-001140,Amazon,SKU-1001,2026-03-17,1,76.49,0.15,Delivered,MA
ORD-001141,Amazon,SKU-1001,2026-02-19,1,76.49,0.15,Delivered,AZ
ORD-001142,Wayfair,SKU-1003,2026-07-22,1,237.49,0.05,Processing,FL
ORD-001143,eBay,SKU-1004,2026-04-13,1,39.99,0.2,Delivered,IL
ORD-001144,Amazon,SKU-1005,2026-04-27,3,118.99,0.15,Delivered,FL
ORD-001145,Amazon,SKU-1006,2026-05-29,1,110.49,0.15,Shipped,NY
ORD-001146,Wayfair,SKU-1007,2026-05-19,1,63.74,0.15,Delivered,NY
ORD-001147,Amazon,SKU-1008,2026-06-27,1,85.49,0.1,Delivered,AZ
ORD-001148,Wayfair,SKU-1001,2026-06-19,1,76.49,0.15,Delivered,WA
ORD-001149,Amazon,SKU-1002,2026-06-23,1,169.99,0.0,Delivered,NY
ORD-001150,Amazon,SKU-1007,2026-03-16,1,71.24,0.05,Delivered,CA
ORD-001151,eBay,SKU-1006,2026-05-10,1,129.99,0.0,Delivered,CA
ORD-001152,eBay,SKU-1002,2026-03-08,1,152.99,0.1,Delivered,CA
ORD-001153,Amazon,SKU-1004,2026-05-25,1,44.99,0.1,Shipped,CA
ORD-001154,Amazon,SKU-1001,2026-04-18,1,80.99,0.1,Delivered,WA
ORD-001155,Amazon,SKU-1001,2026-05-25,1,89.99,0.0,Delivered,WA
ORD-001156,eBay,SKU-1002,2026-07-14,2,161.49,0.05,Delivered,AZ
ORD-001157,Amazon,SKU-1004,2026-02-15,1,49.99,0.0,Delivered,CA
ORD-001158,Wayfair,SKU-1002,2026-03-25,1,169.99,0.0,Cancelled,TX
ORD-001159,eBay,SKU-1002,2026-03-30,3,169.99,0.0,Shipped,WA
ORD-001160,Amazon,SKU-1006,2026-06-13,1,129.99,0.0,Delivered,CA
ORD-001161,Amazon,SKU-1002,2026-05-22,1,169.99,0.0,Delivered,CA
ORD-001162,Amazon,SKU-1004,2026-05-12,1,49.99,0.0,Delivered,TX
ORD-001163,Amazon,SKU-1005,2026-03-29,1,125.99,0.1,Delivered,MA
ORD-001164,eBay,SKU-1006,2026-06-27,1,103.99,0.2,Delivered,MA
ORD-001165,eBay,SKU-1006,2026-07-29,1,129.99,0.0,Delivered,WA
ORD-001166,eBay,SKU-1008,2026-02-19,1,90.24,0.05,Delivered,NY
ORD-001167,Amazon,SKU-1005,2026-07-02,2,139.99,0.0,Delivered,IL
ORD-001168,Amazon,SKU-1001,2026-05-22,2,85.49,0.05,Delivered,NY
ORD-001169,Amazon,SKU-1003,2026-03-26,1,249.99,0.0,Delivered,MA
ORD-001170,Wayfair,SKU-1004,2026-03-08,1,47.49,0.05,Delivered,FL
ORD-001171,eBay,SKU-1008,2026-04-16,2,94.99,0.0,Delivered,TX
ORD-001172,Amazon,SKU-1002,2026-07-22,4,152.99,0.1,Delivered,TX
ORD-001173,Amazon,SKU-1007,2026-03-20,1,74.99,0.0,Shipped,CA
ORD-001174,eBay,SKU-1002,2026-03-10,3,169.99,0.0,Delivered,FL
ORD-001175,Amazon,SKU-1007,2026-06-11,1,67.49,0.1,Delivered,WA
ORD-001176,Amazon,SKU-1002,2026-04-06,1,161.49,0.05,Cancelled,CA
ORD-001177,Amazon,SKU-1007,2026-05-05,1,74.99,0.0,Delivered,NY
ORD-001178,eBay,SKU-1006,2026-06-05,1,129.99,0.0,Shipped,IL
ORD-001179,eBay,SKU-1008,2026-03-13,1,94.99,0.0,Delivered,TX
ORD-001180,Amazon,SKU-1003,2026-06-05,1,249.99,0.0,Delivered,CA
ORD-001181,Amazon,SKU-1002,2026-06-10,2,169.99,0.0,Delivered,NY
ORD-001182,eBay,SKU-1004,2026-05-11,1,47.49,0.05,Delivered,NY
ORD-001183,Wayfair,SKU-1001,2026-05-11,3,89.99,0.0,Delivered,MA
ORD-001184,eBay,SKU-1007,2026-05-02,1,71.24,0.05,Delivered,WA
ORD-001185,Wayfair,SKU-1006,2026-04-06,1,129.99,0.0,Shipped,WA
ORD-001186,eBay,SKU-1006,2026-07-17,1,123.49,0.05,Delivered,CA
ORD-001187,Amazon,SKU-1002,2026-07-21,2,169.99,0.0,Delivered,WA
ORD-001188,Amazon,SKU-1008,2026-07-02,3,94.99,0.0,Delivered,AZ
ORD-001189,Amazon,SKU-1002,2026-07-29,1,135.99,0.2,Delivered,NY
ORD-001190,Amazon,SKU-1003,2026-02-24,1,237.49,0.05,Shipped,IL
ORD-001191,Amazon,SKU-1002,2026-05-14,1,169.99,0.0,Delivered,NY
ORD-001192,eBay,SKU-1001,2026-05-19,1,85.49,0.05,Delivered,CA
ORD-001193,eBay,SKU-1003,2026-03-24,1,237.49,0.05,Delivered,FL
ORD-001194,Amazon,SKU-1002,2026-03-20,2,169.99,0.0,Cancelled,AZ
ORD-001195,Wayfair,SKU-1004,2026-03-01,2,49.99,0.0,Delivered,NY
ORD-001196,Amazon,SKU-1002,2026-07-01,1,161.49,0.05,Delivered,CA
ORD-001197,Wayfair,SKU-1002,2026-07-22,1,135.99,0.2,Delivered,FL
ORD-001198,eBay,SKU-1001,2026-04-11,3,85.49,0.05,Delivered,NY
ORD-001199,Wayfair,SKU-1003,2026-04-23,2,199.99,0.2,Delivered,NY
ORD-001200,Amazon,SKU-1001,2026-04-27,2,89.99,0.0,Shipped,NY
ORD-001201,Wayfair,SKU-1007,2026-02-08,1,63.74,0.15,Delivered,WA
ORD-001202,Amazon,SKU-1007,2026-07-10,1,63.74,0.15,Delivered,WA
ORD-001203,eBay,SKU-1001,2026-04-25,1,89.99,0.0,Delivered,IL
ORD-001204,Amazon,SKU-1003,2026-07-07,1,224.99,0.1,Shipped,TX
ORD-001205,Wayfair,SKU-1008,2026-06-03,4,80.74,0.15,Delivered,IL
ORD-001206,Amazon,SKU-1003,2026-03-10,2,212.49,0.15,Shipped,WA
ORD-001207,Amazon,SKU-1001,2026-02-24,1,80.99,0.1,Delivered,AZ
ORD-001208,Amazon,SKU-1002,2026-03-03,1,161.49,0.05,Delivered,CA
ORD-001209,eBay,SKU-1008,2026-03-01,1,85.49,0.1,Delivered,MA
ORD-001210,eBay,SKU-1008,2026-03-30,2,85.49,0.1,Delivered,WA
ORD-001211,Wayfair,SKU-1006,2026-07-14,2,129.99,0.0,Delivered,AZ
ORD-001212,eBay,SKU-1008,2026-07-05,1,94.99,0.0,Delivered,IL
ORD-001213,eBay,SKU-1006,2026-06-25,3,129.99,0.0,Delivered,TX
ORD-001214,Amazon,SKU-1003,2026-04-30,2,212.49,0.15,Delivered,CA
ORD-001215,Wayfair,SKU-1003,2026-05-10,1,249.99,0.0,Delivered,FL
ORD-001216,Wayfair,SKU-1007,2026-04-24,2,67.49,0.1,Delivered,CA
ORD-001217,eBay,SKU-1006,2026-03-01,1,123.49,0.05,Delivered,CA
ORD-001218,Wayfair,SKU-1008,2026-06-09,1,94.99,0.0,Delivered,IL
ORD-001219,Wayfair,SKU-1007,2026-02-10,1,74.99,0.0,Cancelled,CA
ORD-001220,eBay,SKU-1008,2026-06-04,1,94.99,0.0,Delivered,MA
ORD-001221,Wayfair,SKU-1001,2026-03-13,2,89.99,0.0,Delivered,IL
ORD-001222,Amazon,SKU-1006,2026-03-19,2,116.99,0.1,Delivered,IL
ORD-001223,Amazon,SKU-1008,2026-02-07,1,94.99,0.0,Delivered,MA
ORD-001224,Amazon,SKU-1007,2026-06-17,2,74.99,0.0,Delivered,WA
ORD-001225,Amazon,SKU-1004,2026-04-25,2,47.49,0.05,Shipped,AZ
ORD-001226,Amazon,SKU-1006,2026-03-15,1,129.99,0.0,Delivered,AZ
ORD-001227,Wayfair,SKU-1002,2026-03-24,2,169.99,0.0,Delivered,FL
ORD-001228,Wayfair,SKU-1006,2026-03-11,1,103.99,0.2,Delivered,CA
ORD-001229,Amazon,SKU-1001,2026-06-03,1,89.99,0.0,Cancelled,WA
ORD-001230,Wayfair,SKU-1005,2026-07-12,2,139.99,0.0,Delivered,NY
ORD-001231,eBay,SKU-1003,2026-03-18,1,249.99,0.0,Delivered,IL
ORD-001232,eBay,SKU-1006,2026-07-18,1,123.49,0.05,Delivered,CA
ORD-001233,Amazon,SKU-1001,2026-07-16,1,85.49,0.05,Delivered,FL
ORD-001234,Amazon,SKU-1005,2026-02-26,2,139.99,0.0,Delivered,WA
ORD-001235,Amazon,SKU-1004,2026-02-27,1,44.99,0.1,Shipped,FL
ORD-001236,eBay,SKU-1004,2026-05-13,1,47.49,0.05,Shipped,NY
ORD-001237,eBay,SKU-1004,2026-07-18,1,44.99,0.1,Cancelled,AZ
ORD-001238,eBay,SKU-1002,2026-03-20,1,169.99,0.0,Delivered,CA
ORD-001239,eBay,SKU-1005,2026-02-24,1,118.99,0.15,Delivered,MA
ORD-001240,Amazon,SKU-1004,2026-06-21,1,39.99,0.2,Delivered,TX
ORD-001241,Wayfair,SKU-1001,2026-04-18,1,89.99,0.0,Delivered,WA
ORD-001242,Wayfair,SKU-1004,2026-05-03,1,47.49,0.05,Delivered,WA
ORD-001243,Amazon,SKU-1001,2026-03-10,1,80.99,0.1,Delivered,FL
ORD-001244,Amazon,SKU-1002,2026-03-06,2,169.99,0.0,Delivered,TX
ORD-001245,Amazon,SKU-1005,2026-05-29,1,139.99,0.0,Delivered,WA
ORD-001246,Amazon,SKU-1004,2026-04-11,4,44.99,0.1,Delivered,NY
ORD-001247,Wayfair,SKU-1006,2026-07-06,1,116.99,0.1,Delivered,IL
ORD-001248,Wayfair,SKU-1003,2026-04-06,1,249.99,0.0,Delivered,FL
ORD-001249,eBay,SKU-1001,2026-05-05,3,80.99,0.1,Delivered,IL
ORD-001250,Amazon,SKU-1002,2026-03-30,1,169.99,0.0,Delivered,CA
ORD-001251,Amazon,SKU-1006,2026-06-07,1,129.99,0.0,Delivered,TX
ORD-001252,Amazon,SKU-1002,2026-02-14,1,135.99,0.2,Delivered,TX
ORD-001253,Wayfair,SKU-1006,2026-06-18,1,110.49,0.15,Delivered,FL
ORD-001254,eBay,SKU-1002,2026-03-13,1,169.99,0.0,Delivered,TX
ORD-001255,eBay,SKU-1008,2026-05-07,2,94.99,0.0,Delivered,WA
ORD-001256,Wayfair,SKU-1002,2026-06-01,1,169.99,0.0,Delivered,MA
ORD-001257,Wayfair,SKU-1008,2026-04-21,1,94.99,0.0,Delivered,IL
ORD-001258,eBay,SKU-1007,2026-02-21,2,59.99,0.2,Delivered,CA
ORD-001259,Amazon,SKU-1006,2026-06-08,2,129.99,0.0,Delivered,WA
ORD-001260,Amazon,SKU-1008,2026-06-09,1,75.99,0.2,Delivered,WA
ORD-001261,eBay,SKU-1004,2026-02-03,2,44.99,0.1,Delivered,TX
ORD-001262,Wayfair,SKU-1006,2026-06-17,1,129.99,0.0,Delivered,CA
ORD-001263,eBay,SKU-1008,2026-03-31,1,94.99,0.0,Delivered,TX
ORD-001264,Amazon,SKU-1001,2026-03-17,1,89.99,0.0,Delivered,TX
ORD-001265,eBay,SKU-1004,2026-03-04,1,47.49,0.05,Delivered,CA
ORD-001266,Amazon,SKU-1005,2026-04-21,3,111.99,0.2,Delivered,AZ
ORD-001267,Wayfair,SKU-1008,2026-06-06,1,94.99,0.0,Delivered,TX
ORD-001268,Amazon,SKU-1001,2026-03-21,1,89.99,0.0,Delivered,CA
ORD-001269,Wayfair,SKU-1004,2026-05-18,1,47.49,0.05,Delivered,WA
ORD-001270,Amazon,SKU-1002,2026-04-19,1,144.49,0.15,Delivered,TX
ORD-001271,eBay,SKU-1008,2026-05-25,1,94.99,0.0,Delivered,TX
ORD-001272,Amazon,SKU-1007,2026-03-22,1,74.99,0.0,Delivered,TX
ORD-001273,eBay,SKU-1001,2026-06-04,3,71.99,0.2,Delivered,NY
ORD-001274,eBay,SKU-1004,2026-03-06,1,44.99,0.1,Delivered,NY
ORD-001275,Wayfair,SKU-1008,2026-05-12,1,75.99,0.2,Shipped,CA
ORD-001276,Amazon,SKU-1003,2026-07-27,1,224.99,0.1,Delivered,MA
ORD-001277,Amazon,SKU-1006,2026-04-17,1,129.99,0.0,Delivered,FL
ORD-001278,Amazon,SKU-1006,2026-04-14,2,110.49,0.15,Cancelled,TX
ORD-001279,Amazon,SKU-1007,2026-08-01,2,74.99,0.0,Delivered,FL
ORD-001280,Wayfair,SKU-1002,2026-07-13,1,169.99,0.0,Delivered,CA
ORD-001281,Wayfair,SKU-1008,2026-05-22,1,94.99,0.0,Shipped,NY
ORD-001282,eBay,SKU-1004,2026-04-02,1,49.99,0.0,Delivered,NY
ORD-001283,Amazon,SKU-1001,2026-05-06,1,89.99,0.0,Delivered,TX
ORD-001284,Amazon,SKU-1001,2026-02-15,1,89.99,0.0,Delivered,TX
ORD-001285,Amazon,SKU-1005,2026-04-07,3,139.99,0.0,Delivered,CA
ORD-001286,Amazon,SKU-1001,2026-03-07,1,80.99,0.1,Delivered,IL
ORD-001287,Amazon,SKU-1004,2026-07-18,1,47.49,0.05,Delivered,CA
ORD-001288,eBay,SKU-1005,2026-02-12,1,118.99,0.15,Delivered,CA
ORD-001289,Wayfair,SKU-1006,2026-02-21,3,123.49,0.05,Delivered,NY
ORD-001290,Amazon,SKU-1007,2026-03-13,1,74.99,0.0,Delivered,TX
ORD-001291,Wayfair,SKU-1007,2026-06-25,3,63.74,0.15,Delivered,WA
ORD-001292,Amazon,SKU-1008,2026-05-20,1,75.99,0.2,Shipped,CA
ORD-001293,Wayfair,SKU-1002,2026-04-17,1,161.49,0.05,Shipped,WA
ORD-001294,Amazon,SKU-1006,2026-07-27,1,123.49,0.05,Delivered,NY
ORD-001295,Amazon,SKU-1004,2026-05-12,1,49.99,0.0,Delivered,CA
ORD-001296,eBay,SKU-1002,2026-06-13,1,152.99,0.1,Delivered,TX
ORD-001297,eBay,SKU-1002,2026-06-23,1,169.99,0.0,Delivered,TX
ORD-001298,Wayfair,SKU-1005,2026-04-14,3,139.99,0.0,Shipped,WA
ORD-001299,Wayfair,SKU-1002,2026-06-18,1,161.49,0.05,Delivered,MA
ORD-001300,Wayfair,SKU-1003,2026-06-22,1,249.99,0.0,Delivered,TX
ORD-001301,eBay,SKU-1008,2026-02-04,2,94.99,0.0,Cancelled,CA
ORD-001302,Amazon,SKU-1008,2026-07-01,1,85.49,0.1,Delivered,WA
ORD-001303,eBay,SKU-1007,2026-06-23,1,74.99,0.0,Delivered,CA
ORD-001304,Wayfair,SKU-1005,2026-05-14,1,139.99,0.0,Delivered,TX
ORD-001305,Amazon,SKU-1008,2026-03-20,1,85.49,0.1,Delivered,FL
ORD-001306,Amazon,SKU-1008,2026-04-15,1,94.99,0.0,Delivered,NY
ORD-001307,Amazon,SKU-1005,2026-02-20,1,139.99,0.0,Delivered,NY
ORD-001308,Amazon,SKU-1006,2026-02-05,1,129.99,0.0,Delivered,IL
ORD-001309,eBay,SKU-1007,2026-02-13,1,67.49,0.1,Delivered,MA
ORD-001310,eBay,SKU-1005,2026-02-04,3,139.99,0.0,Delivered,TX
ORD-001311,Amazon,SKU-1006,2026-06-04,2,110.49,0.15,Shipped,TX
ORD-001312,Amazon,SKU-1004,2026-06-21,1,47.49,0.05,Delivered,IL
ORD-001313,Amazon,SKU-1001,2026-06-12,2,89.99,0.0,Delivered,TX
ORD-001314,Amazon,SKU-1002,2026-05-03,1,169.99,0.0,Shipped,NY
ORD-001315,Wayfair,SKU-1008,2026-03-02,1,75.99,0.2,Delivered,MA
ORD-001316,Amazon,SKU-1003,2026-04-28,1,212.49,0.15,Delivered,AZ
ORD-001317,Amazon,SKU-1005,2026-06-17,1,139.99,0.0,Delivered,AZ
ORD-001318,eBay,SKU-1006,2026-04-16,1,129.99,0.0,Delivered,WA
ORD-001319,Wayfair,SKU-1008,2026-02-21,2,80.74,0.15,Cancelled,IL
ORD-001320,Amazon,SKU-1001,2026-05-27,2,80.99,0.1,Delivered,CA
ORD-001321,Wayfair,SKU-1005,2026-04-14,1,139.99,0.0,Delivered,IL
ORD-001322,Amazon,SKU-1003,2026-06-05,1,249.99,0.0,Shipped,TX
ORD-001323,eBay,SKU-1007,2026-04-05,1,71.24,0.05,Delivered,NY
ORD-001324,Amazon,SKU-1004,2026-02-23,1,49.99,0.0,Delivered,WA
ORD-001325,eBay,SKU-1006,2026-04-03,1,129.99,0.0,Shipped,TX
ORD-001326,Amazon,SKU-1004,2026-03-02,1,49.99,0.0,Shipped,AZ
ORD-001327,Amazon,SKU-1007,2026-03-10,2,71.24,0.05,Delivered,NY
ORD-001328,Amazon,SKU-1002,2026-03-09,1,152.99,0.1,Delivered,IL
ORD-001329,Amazon,SKU-1006,2026-02-15,2,116.99,0.1,Delivered,AZ
ORD-001330,Amazon,SKU-1007,2026-05-06,1,74.99,0.0,Delivered,AZ
ORD-001331,eBay,SKU-1004,2026-06-02,2,44.99,0.1,Delivered,TX
ORD-001332,Amazon,SKU-1004,2026-07-17,1,49.99,0.0,Delivered,AZ
ORD-001333,eBay,SKU-1001,2026-06-10,1,89.99,0.0,Delivered,MA
ORD-001334,eBay,SKU-1004,2026-04-09,3,47.49,0.05,Delivered,NY
ORD-001335,Wayfair,SKU-1001,2026-06-15,1,71.99,0.2,Delivered,NY
ORD-001336,Amazon,SKU-1001,2026-06-25,1,89.99,0.0,Delivered,NY
ORD-001337,Amazon,SKU-1006,2026-05-10,1,116.99,0.1,Delivered,CA
ORD-001338,Amazon,SKU-1001,2026-07-06,2,89.99,0.0,Delivered,CA
ORD-001339,Amazon,SKU-1001,2026-02-04,2,89.99,0.0,Delivered,WA
ORD-001340,Amazon,SKU-1001,2026-06-27,1,85.49,0.05,Shipped,CA
ORD-001341,Wayfair,SKU-1003,2026-02-04,4,224.99,0.1,Delivered,NY
ORD-001342,Amazon,SKU-1003,2026-05-04,3,224.99,0.1,Delivered,NY
ORD-001343,Amazon,SKU-1006,2026-03-12,1,116.99,0.1,Delivered,AZ
ORD-001344,Amazon,SKU-1001,2026-07-26,1,76.49,0.15,Delivered,WA
ORD-001345,Wayfair,SKU-1008,2026-07-19,1,85.49,0.1,Cancelled,NY
ORD-001346,eBay,SKU-1008,2026-06-15,3,94.99,0.0,Shipped,TX
ORD-001347,Wayfair,SKU-1003,2026-05-23,1,224.99,0.1,Delivered,TX
ORD-001348,eBay,SKU-1008,2026-03-13,1,75.99,0.2,Delivered,CA
ORD-001349,Amazon,SKU-1007,2026-02-24,1,74.99,0.0,Delivered,TX
ORD-001350,Amazon,SKU-1001,2026-05-03,1,89.99,0.0,Delivered,TX
ORD-001351,Amazon,SKU-1004,2026-05-26,1,49.99,0.0,Delivered,FL
ORD-001352,Wayfair,SKU-1001,2026-05-15,1,85.49,0.05,Delivered,NY
ORD-001353,eBay,SKU-1004,2026-04-23,1,44.99,0.1,Delivered,TX
ORD-001354,eBay,SKU-1007,2026-07-10,3,74.99,0.0,Shipped,WA
ORD-001355,Amazon,SKU-1005,2026-02-28,1,139.99,0.0,Delivered,CA
ORD-001356,Amazon,SKU-1004,2026-02-25,1,47.49,0.05,Delivered,IL
ORD-001357,Amazon,SKU-1001,2026-03-01,3,76.49,0.15,Delivered,CA
ORD-001358,Amazon,SKU-1003,2026-07-06,1,224.99,0.1,Delivered,TX
ORD-001359,Amazon,SKU-1001,2026-06-02,1,89.99,0.0,Delivered,MA
ORD-001360,Amazon,SKU-1007,2026-05-05,2,59.99,0.2,Delivered,CA
ORD-001361,eBay,SKU-1001,2026-05-21,1,85.49,0.05,Delivered,CA
ORD-001362,Amazon,SKU-1004,2026-05-28,2,47.49,0.05,Delivered,TX
ORD-001363,Amazon,SKU-1007,2026-05-22,1,67.49,0.1,Delivered,TX
ORD-001364,Amazon,SKU-1004,2026-07-28,2,39.99,0.2,Delivered,AZ
ORD-001365,Wayfair,SKU-1005,2026-06-25,2,132.99,0.05,Delivered,WA
ORD-001366,Amazon,SKU-1005,2026-04-24,1,118.99,0.15,Delivered,NY
ORD-001367,eBay,SKU-1003,2026-07-24,1,237.49,0.05,Delivered,NY
ORD-001368,Amazon,SKU-1007,2026-05-28,1,71.24,0.05,Delivered,IL
ORD-001369,eBay,SKU-1002,2026-03-16,1,169.99,0.0,Delivered,CA
ORD-001370,Wayfair,SKU-1006,2026-05-07,2,129.99,0.0,Delivered,NY
ORD-001371,eBay,SKU-1007,2026-07-18,4,74.99,0.0,Delivered,IL
ORD-001372,Wayfair,SKU-1004,2026-04-28,1,49.99,0.0,Delivered,CA
ORD-001373,Amazon,SKU-1005,2026-05-10,1,132.99,0.05,Delivered,WA
ORD-001374,Wayfair,SKU-1006,2026-02-27,4,116.99,0.1,Delivered,WA
ORD-001375,Amazon,SKU-1005,2026-06-09,2,132.99,0.05,Delivered,WA
ORD-001376,Wayfair,SKU-1004,2026-07-22,1,49.99,0.0,Delivered,NY
ORD-001377,Amazon,SKU-1004,2026-06-02,3,49.99,0.0,Shipped,NY
ORD-001378,eBay,SKU-1008,2026-05-14,1,94.99,0.0,Delivered,TX
ORD-001379,Amazon,SKU-1007,2026-05-19,1,74.99,0.0,Delivered,CA
ORD-001380,eBay,SKU-1001,2026-06-14,2,85.49,0.05,Delivered,MA
ORD-001381,Amazon,SKU-1008,2026-05-13,1,90.24,0.05,Shipped,IL
ORD-001382,Amazon,SKU-1005,2026-07-14,1,125.99,0.1,Delivered,TX
ORD-001383,Amazon,SKU-1001,2026-03-06,1,85.49,0.05,Shipped,AZ
ORD-001384,Amazon,SKU-1005,2026-06-23,1,139.99,0.0,Delivered,CA
ORD-001385,eBay,SKU-1001,2026-03-13,1,80.99,0.1,Delivered,CA
ORD-001386,eBay,SKU-1004,2026-03-07,4,47.49,0.05,Delivered,CA
ORD-001387,Amazon,SKU-1006,2026-03-23,1,129.99,0.0,Shipped,IL
ORD-001388,eBay,SKU-1007,2026-04-13,1,74.99,0.0,Delivered,MA
ORD-001389,Amazon,SKU-1007,2026-07-04,1,74.99,0.0,Delivered,CA
ORD-001390,Wayfair,SKU-1001,2026-03-27,1,85.49,0.05,Delivered,CA
ORD-001391,Amazon,SKU-1008,2026-07-27,1,80.74,0.15,Delivered,NY
ORD-001392,Amazon,SKU-1002,2026-03-19,1,161.49,0.05,Shipped,CA
ORD-001393,Amazon,SKU-1003,2026-07-09,1,249.99,0.0,Delivered,TX
ORD-001394,eBay,SKU-1001,2026-06-19,1,85.49,0.05,Delivered,AZ
ORD-001395,Amazon,SKU-1001,2026-04-26,1,89.99,0.0,Delivered,CA
ORD-001396,Amazon,SKU-1002,2026-02-25,1,161.49,0.05,Delivered,IL
ORD-001397,Amazon,SKU-1004,2026-05-15,3,49.99,0.0,Delivered,AZ
ORD-001398,Wayfair,SKU-1006,2026-02-28,1,116.99,0.1,Delivered,IL
ORD-001399,Amazon,SKU-1008,2026-05-27,1,85.49,0.1,Shipped,FL
ORD-001400,Amazon,SKU-1005,2026-06-27,1,118.99,0.15,Shipped,NY
ORD-001401,Wayfair,SKU-1008,2026-04-07,1,94.99,0.0,Shipped,WA
ORD-001402,Amazon,SKU-1008,2026-02-09,1,85.49,0.1,Delivered,CA
ORD-001403,Amazon,SKU-1002,2026-05-08,1,152.99,0.1,Delivered,TX
ORD-001404,Amazon,SKU-1001,2026-06-01,1,89.99,0.0,Delivered,CA
ORD-001405,Amazon,SKU-1003,2026-03-29,1,249.99,0.0,Delivered,AZ
ORD-001406,Amazon,SKU-1007,2026-07-17,1,67.49,0.1,Delivered,TX
ORD-001407,Wayfair,SKU-1002,2026-06-09,1,169.99,0.0,Delivered,NY
ORD-001408,eBay,SKU-1005,2026-04-03,1,139.99,0.0,Delivered,AZ
ORD-001409,Wayfair,SKU-1008,2026-04-15,1,75.99,0.2,Delivered,FL
ORD-001410,Amazon,SKU-1004,2026-02-06,1,49.99,0.0,Shipped,WA
ORD-001411,eBay,SKU-1002,2026-05-15,1,152.99,0.1,Delivered,CA
ORD-001412,Wayfair,SKU-1003,2026-06-08,2,199.99,0.2,Delivered,NY
ORD-001413,Amazon,SKU-1005,2026-02-14,2,139.99,0.0,Cancelled,AZ
ORD-001414,Amazon,SKU-1006,2026-02-24,1,110.49,0.15,Delivered,AZ
ORD-001415,Wayfair,SKU-1008,2026-02-15,1,85.49,0.1,Delivered,MA
ORD-001416,Amazon,SKU-1001,2026-07-08,2,89.99,0.0,Delivered,MA
ORD-001417,Amazon,SKU-1005,2026-04-24,2,125.99,0.1,Delivered,MA
ORD-001418,Amazon,SKU-1004,2026-03-05,1,49.99,0.0,Delivered,NY
ORD-001419,eBay,SKU-1003,2026-06-05,1,249.99,0.0,Delivered,CA
ORD-001420,Wayfair,SKU-1004,2026-07-20,1,42.49,0.15,Delivered,CA
ORD-001421,Amazon,SKU-1004,2026-07-23,1,44.99,0.1,Delivered,CA
ORD-001422,eBay,SKU-1002,2026-06-17,1,169.99,0.0,Delivered,WA
ORD-001423,Wayfair,SKU-1006,2026-03-01,3,129.99,0.0,Delivered,MA
ORD-001424,Amazon,SKU-1007,2026-05-15,1,74.99,0.0,Delivered,TX
ORD-001425,eBay,SKU-1007,2026-03-11,1,74.99,0.0,Delivered,CA
ORD-001426,Amazon,SKU-1004,2026-06-03,1,49.99,0.0,Delivered,MA
ORD-001427,Amazon,SKU-1001,2026-03-12,1,89.99,0.0,Delivered,NY
ORD-001428,Amazon,SKU-1003,2026-05-10,2,249.99,0.0,Delivered,NY
ORD-001429,Amazon,SKU-1005,2026-06-08,1,139.99,0.0,Delivered,TX
ORD-001430,Amazon,SKU-1001,2026-02-11,1,89.99,0.0,Delivered,TX
ORD-001431,eBay,SKU-1008,2026-05-16,1,94.99,0.0,Delivered,AZ
ORD-001432,Amazon,SKU-1002,2026-03-26,1,169.99,0.0,Delivered,IL
ORD-001433,Amazon,SKU-1001,2026-07-31,1,80.99,0.1,Shipped,WA
ORD-001434,eBay,SKU-1002,2026-03-16,1,144.49,0.15,Delivered,CA
ORD-001435,Amazon,SKU-1004,2026-03-19,3,42.49,0.15,Delivered,IL
ORD-001436,Amazon,SKU-1001,2026-06-03,1,85.49,0.05,Delivered,CA
ORD-001437,Amazon,SKU-1007,2026-04-17,2,71.24,0.05,Delivered,CA
ORD-001438,Amazon,SKU-1001,2026-04-28,1,80.99,0.1,Cancelled,TX
ORD-001439,Amazon,SKU-1004,2026-02-05,2,49.99,0.0,Delivered,FL
ORD-001440,Wayfair,SKU-1006,2026-07-04,1,129.99,0.0,Delivered,WA
ORD-001441,Amazon,SKU-1001,2026-03-30,1,89.99,0.0,Delivered,TX
ORD-001442,Wayfair,SKU-1006,2026-05-05,1,129.99,0.0,Delivered,NY
ORD-001443,Amazon,SKU-1001,2026-07-12,1,76.49,0.15,Delivered,MA
ORD-001444,Amazon,SKU-1004,2026-07-25,1,49.99,0.0,Delivered,MA
ORD-001445,Amazon,SKU-1002,2026-06-30,1,169.99,0.0,Delivered,NY
ORD-001446,Wayfair,SKU-1004,2026-05-01,1,39.99,0.2,Delivered,WA
ORD-001447,Amazon,SKU-1004,2026-04-17,1,44.99,0.1,Delivered,TX
ORD-001448,Amazon,SKU-1007,2026-02-12,1,67.49,0.1,Delivered,NY
ORD-001449,Amazon,SKU-1001,2026-02-02,1,89.99,0.0,Shipped,IL
ORD-001450,Wayfair,SKU-1004,2026-06-25,1,49.99,0.0,Delivered,MA
ORD-001451,eBay,SKU-1002,2026-02-22,1,169.99,0.0,Delivered,TX
ORD-001452,Amazon,SKU-1006,2026-05-15,3,129.99,0.0,Delivered,TX
ORD-001453,Amazon,SKU-1003,2026-07-25,2,224.99,0.1,Delivered,IL
ORD-001454,Amazon,SKU-1002,2026-03-25,1,169.99,0.0,Delivered,FL
ORD-001455,Amazon,SKU-1004,2026-05-24,1,47.49,0.05,Delivered,NY
ORD-001456,Amazon,SKU-1006,2026-05-03,1,129.99,0.0,Delivered,CA
ORD-001457,Wayfair,SKU-1004,2026-05-20,1,49.99,0.0,Delivered,IL
ORD-001458,Amazon,SKU-1005,2026-07-10,1,132.99,0.05,Delivered,IL
ORD-001459,Amazon,SKU-1004,2026-02-03,1,44.99,0.1,Delivered,AZ
ORD-001460,Amazon,SKU-1001,2026-07-18,1,85.49,0.05,Shipped,FL
ORD-001461,Wayfair,SKU-1006,2026-03-05,2,116.99,0.1,Delivered,CA
ORD-001462,Amazon,SKU-1002,2026-06-08,1,144.49,0.15,Delivered,CA
ORD-001463,eBay,SKU-1005,2026-02-03,2,132.99,0.05,Delivered,CA
ORD-001464,Wayfair,SKU-1001,2026-06-15,1,89.99,0.0,Delivered,AZ
ORD-001465,Amazon,SKU-1004,2026-03-05,1,47.49,0.05,Delivered,TX
ORD-001466,Amazon,SKU-1007,2026-07-08,1,63.74,0.15,Delivered,NY
ORD-001467,Amazon,SKU-1005,2026-07-20,1,132.99,0.05,Delivered,CA
ORD-001468,Amazon,SKU-1004,2026-02-27,3,47.49,0.05,Delivered,NY
ORD-001469,Amazon,SKU-1006,2026-05-19,2,129.99,0.0,Delivered,CA
ORD-001470,eBay,SKU-1004,2026-02-10,1,42.49,0.15,Delivered,CA
ORD-001471,Wayfair,SKU-1008,2026-06-01,2,94.99,0.0,Delivered,CA
ORD-001472,Wayfair,SKU-1004,2026-03-27,1,44.99,0.1,Delivered,CA
ORD-001473,Amazon,SKU-1006,2026-06-26,1,116.99,0.1,Shipped,TX
ORD-001474,Amazon,SKU-1007,2026-05-13,1,67.49,0.1,Delivered,MA
ORD-001475,Amazon,SKU-1005,2026-06-11,2,132.99,0.05,Delivered,TX
ORD-001476,Amazon,SKU-1008,2026-07-10,2,94.99,0.0,Delivered,IL
ORD-001477,eBay,SKU-1002,2026-06-09,3,161.49,0.05,Delivered,MA
ORD-001478,eBay,SKU-1007,2026-04-03,1,63.74,0.15,Delivered,NY
ORD-001479,Wayfair,SKU-1008,2026-02-17,1,94.99,0.0,Shipped,CA
ORD-001480,eBay,SKU-1007,2026-02-09,3,74.99,0.0,Delivered,NY
ORD-001481,Amazon,SKU-1008,2026-03-25,1,90.24,0.05,Delivered,TX
ORD-001482,Amazon,SKU-1006,2026-06-17,2,129.99,0.0,Delivered,FL
ORD-001483,Amazon,SKU-1006,2026-03-09,2,129.99,0.0,Delivered,FL
ORD-001484,Amazon,SKU-1001,2026-07-16,1,89.99,0.0,Delivered,IL
ORD-001485,Amazon,SKU-1004,2026-06-25,2,44.99,0.1,Delivered,FL
ORD-001486,Amazon,SKU-1007,2026-03-06,2,74.99,0.0,Delivered,TX
ORD-001487,Amazon,SKU-1005,2026-03-31,2,139.99,0.0,Shipped,NY
ORD-001488,Wayfair,SKU-1003,2026-03-14,3,249.99,0.0,Delivered,AZ
ORD-001489,Amazon,SKU-1008,2026-05-15,1,90.24,0.05,Delivered,FL
ORD-001490,Wayfair,SKU-1008,2026-07-19,1,94.99,0.0,Delivered,TX
ORD-001491,Amazon,SKU-1007,2026-06-22,2,74.99,0.0,Delivered,AZ
ORD-001492,Amazon,SKU-1001,2026-06-26,3,80.99,0.1,Delivered,CA
ORD-001493,Wayfair,SKU-1008,2026-07-05,2,80.74,0.15,Delivered,NY
ORD-001494,eBay,SKU-1001,2026-02-28,1,85.49,0.05,Delivered,NY
ORD-001495,Wayfair,SKU-1003,2026-04-01,1,249.99,0.0,Delivered,IL
ORD-001496,Wayfair,SKU-1004,2026-07-26,1,49.99,0.0,Delivered,NY
ORD-001497,Amazon,SKU-1003,2026-07-31,1,249.99,0.0,Delivered,AZ
ORD-001498,Amazon,SKU-1008,2026-03-23,1,80.74,0.15,Delivered,CA
ORD-001499,Amazon,SKU-1001,2026-06-19,1,71.99,0.2,Delivered,WA
ORD-001500,Amazon,SKU-1007,2026-03-06,1,74.99,0.0,Delivered,FL
ORD-001501,Wayfair,SKU-1008,2026-03-07,1,90.24,0.05,Delivered,CA
ORD-001502,Amazon,SKU-1002,2026-06-08,2,152.99,0.1,Delivered,AZ
ORD-001503,Amazon,SKU-1004,2026-05-06,2,49.99,0.0,Delivered,FL
ORD-001504,eBay,SKU-1002,2026-06-10,1,169.99,0.0,Delivered,MA
ORD-001505,Amazon,SKU-1004,2026-03-09,2,47.49,0.05,Delivered,FL
ORD-001506,eBay,SKU-1001,2026-03-10,1,89.99,0.0,Delivered,IL
ORD-001507,Amazon,SKU-1008,2026-02-10,1,90.24,0.05,Delivered,MA
ORD-001508,Wayfair,SKU-1001,2026-05-11,1,76.49,0.15,Delivered,CA
ORD-001509,Amazon,SKU-1002,2026-05-23,1,152.99,0.1,Delivered,IL
ORD-001510,Wayfair,SKU-1008,2026-04-29,3,80.74,0.15,Shipped,FL
ORD-001511,Amazon,SKU-1007,2026-07-11,1,74.99,0.0,Delivered,IL
ORD-001512,Amazon,SKU-1001,2026-05-12,3,76.49,0.15,Delivered,MA
ORD-001513,Amazon,SKU-1004,2026-06-27,2,49.99,0.0,Cancelled,NY
ORD-001514,Amazon,SKU-1008,2026-02-05,1,85.49,0.1,Delivered,MA
ORD-001515,Amazon,SKU-1007,2026-06-28,1,71.24,0.05,Delivered,WA
ORD-001516,Wayfair,SKU-1007,2026-07-07,1,74.99,0.0,Delivered,AZ
ORD-001517,Amazon,SKU-1007,2026-02-06,1,71.24,0.05,Cancelled,NY
ORD-001518,Amazon,SKU-1007,2026-02-16,1,74.99,0.0,Delivered,FL
ORD-001519,Amazon,SKU-1008,2026-04-09,2,94.99,0.0,Shipped,CA
ORD-001520,Amazon,SKU-1005,2026-07-10,1,139.99,0.0,Delivered,CA
ORD-001521,Amazon,SKU-1004,2026-04-24,1,44.99,0.1,Delivered,WA
ORD-001522,Amazon,SKU-1002,2026-07-25,2,144.49,0.15,Delivered,CA
ORD-001523,Amazon,SKU-1002,2026-06-11,1,161.49,0.05,Delivered,TX
ORD-001524,Wayfair,SKU-1003,2026-05-19,1,249.99,0.0,Delivered,CA
ORD-001525,Amazon,SKU-1005,2026-05-17,2,139.99,0.0,Delivered,TX
ORD-001526,Amazon,SKU-1001,2026-04-17,3,76.49,0.15,Delivered,FL
ORD-001527,Amazon,SKU-1007,2026-06-12,2,67.49,0.1,Delivered,NY
ORD-001528,eBay,SKU-1005,2026-03-12,1,111.99,0.2,Delivered,CA
ORD-001529,Amazon,SKU-1008,2026-06-10,4,90.24,0.05,Delivered,FL
ORD-001530,Wayfair,SKU-1001,2026-02-15,1,85.49,0.05,Delivered,TX
ORD-001531,Amazon,SKU-1002,2026-04-05,1,152.99,0.1,Cancelled,TX
ORD-001532,Wayfair,SKU-1003,2026-07-29,1,224.99,0.1,Processing,TX
ORD-001533,Amazon,SKU-1003,2026-05-05,1,237.49,0.05,Delivered,NY
ORD-001534,Wayfair,SKU-1005,2026-03-06,3,139.99,0.0,Delivered,WA
ORD-001535,eBay,SKU-1006,2026-04-16,1,129.99,0.0,Delivered,NY
ORD-001536,Amazon,SKU-1001,2026-03-24,2,76.49,0.15,Delivered,CA
ORD-001537,Amazon,SKU-1002,2026-06-02,2,169.99,0.0,Delivered,NY
ORD-001538,Wayfair,SKU-1006,2026-03-07,1,123.49,0.05,Delivered,NY
ORD-001539,eBay,SKU-1001,2026-04-04,2,89.99,0.0,Delivered,AZ
ORD-001540,eBay,SKU-1005,2026-02-13,1,118.99,0.15,Delivered,AZ
ORD-001541,eBay,SKU-1005,2026-05-24,1,132.99,0.05,Delivered,CA
ORD-001542,Wayfair,SKU-1007,2026-06-12,1,63.74,0.15,Delivered,TX
ORD-001543,Amazon,SKU-1005,2026-05-25,1,125.99,0.1,Delivered,IL
ORD-001544,Amazon,SKU-1002,2026-02-14,1,144.49,0.15,Delivered,AZ
ORD-001545,Amazon,SKU-1004,2026-04-24,2,39.99,0.2,Delivered,MA
ORD-001546,eBay,SKU-1008,2026-05-23,1,90.24,0.05,Delivered,CA
ORD-001547,Amazon,SKU-1003,2026-04-13,1,249.99,0.0,Delivered,MA
ORD-001548,eBay,SKU-1002,2026-03-01,3,152.99,0.1,Delivered,CA
ORD-001549,eBay,SKU-1007,2026-02-09,1,74.99,0.0,Delivered,FL
ORD-001550,Amazon,SKU-1002,2026-02-08,1,169.99,0.0,Delivered,NY
ORD-001551,Amazon,SKU-1004,2026-05-29,1,49.99,0.0,Delivered,AZ
ORD-001552,Amazon,SKU-1004,2026-04-10,1,49.99,0.0,Delivered,WA
ORD-001553,Wayfair,SKU-1008,2026-03-30,2,94.99,0.0,Delivered,TX
ORD-001554,Amazon,SKU-1005,2026-02-20,2,139.99,0.0,Delivered,NY
ORD-001555,eBay,SKU-1008,2026-04-24,1,90.24,0.05,Shipped,FL
ORD-001556,eBay,SKU-1008,2026-04-05,1,94.99,0.0,Delivered,WA
ORD-001557,Amazon,SKU-1002,2026-03-21,2,169.99,0.0,Delivered,AZ
ORD-001558,Wayfair,SKU-1008,2026-03-28,1,94.99,0.0,Delivered,CA
ORD-001559,Amazon,SKU-1002,2026-04-10,1,161.49,0.05,Delivered,TX
ORD-001560,Wayfair,SKU-1004,2026-04-19,2,42.49,0.15,Delivered,NY
ORD-001561,eBay,SKU-1005,2026-06-21,1,139.99,0.0,Delivered,AZ
ORD-001562,Amazon,SKU-1007,2026-05-27,1,67.49,0.1,Delivered,NY
ORD-001563,Amazon,SKU-1003,2026-07-30,1,249.99,0.0,Processing,AZ
ORD-001564,eBay,SKU-1007,2026-07-27,1,74.99,0.0,Delivered,AZ
ORD-001565,Amazon,SKU-1007,2026-04-25,1,74.99,0.0,Delivered,NY
ORD-001566,Wayfair,SKU-1004,2026-04-11,1,49.99,0.0,Delivered,CA
ORD-001567,Amazon,SKU-1004,2026-03-16,1,44.99,0.1,Delivered,MA
ORD-001568,Amazon,SKU-1005,2026-06-20,1,125.99,0.1,Shipped,CA
ORD-001569,Wayfair,SKU-1006,2026-06-23,1,129.99,0.0,Delivered,FL
ORD-001570,Wayfair,SKU-1008,2026-05-14,2,94.99,0.0,Shipped,AZ
ORD-001571,Amazon,SKU-1003,2026-04-06,3,249.99,0.0,Delivered,MA
ORD-001572,Amazon,SKU-1001,2026-06-06,1,89.99,0.0,Delivered,WA
ORD-001573,Amazon,SKU-1006,2026-03-05,2,129.99,0.0,Delivered,IL
ORD-001574,Wayfair,SKU-1007,2026-02-21,1,67.49,0.1,Delivered,NY
ORD-001575,Wayfair,SKU-1001,2026-07-06,3,89.99,0.0,Delivered,NY
ORD-001576,Wayfair,SKU-1007,2026-04-25,1,67.49,0.1,Delivered,NY
ORD-001577,Wayfair,SKU-1001,2026-06-29,1,89.99,0.0,Delivered,MA
ORD-001578,Amazon,SKU-1005,2026-07-31,1,139.99,0.0,Delivered,NY
ORD-001579,Amazon,SKU-1004,2026-06-21,2,49.99,0.0,Delivered,CA
ORD-001580,Amazon,SKU-1007,2026-06-04,1,71.24,0.05,Delivered,IL
ORD-001581,Amazon,SKU-1008,2026-03-17,1,75.99,0.2,Delivered,CA
ORD-001582,Wayfair,SKU-1004,2026-06-15,2,47.49,0.05,Delivered,IL
ORD-001583,Amazon,SKU-1002,2026-04-29,2,169.99,0.0,Delivered,FL
ORD-001584,Amazon,SKU-1007,2026-03-27,2,67.49,0.1,Delivered,TX
ORD-001585,Amazon,SKU-1006,2026-06-05,1,110.49,0.15,Cancelled,CA
ORD-001586,eBay,SKU-1001,2026-05-09,1,89.99,0.0,Delivered,CA
ORD-001587,Wayfair,SKU-1002,2026-03-03,1,169.99,0.0,Delivered,IL
ORD-001588,eBay,SKU-1004,2026-06-22,1,49.99,0.0,Delivered,MA
ORD-001589,Wayfair,SKU-1006,2026-04-12,1,123.49,0.05,Delivered,WA
ORD-001590,Amazon,SKU-1001,2026-03-26,2,71.99,0.2,Delivered,FL
ORD-001591,Amazon,SKU-1004,2026-04-27,3,44.99,0.1,Shipped,CA
ORD-001592,Wayfair,SKU-1004,2026-02-04,1,49.99,0.0,Delivered,MA
ORD-001593,eBay,SKU-1001,2026-03-25,1,85.49,0.05,Delivered,CA
ORD-001594,Amazon,SKU-1004,2026-05-02,1,42.49,0.15,Delivered,CA
ORD-001595,Amazon,SKU-1002,2026-05-22,1,169.99,0.0,Delivered,NY
ORD-001596,Amazon,SKU-1002,2026-07-20,1,161.49,0.05,Delivered,CA
ORD-001597,Amazon,SKU-1002,2026-03-06,2,161.49,0.05,Delivered,TX
ORD-001598,eBay,SKU-1007,2026-04-13,3,67.49,0.1,Delivered,AZ
ORD-001599,Amazon,SKU-1002,2026-04-02,4,169.99,0.0,Shipped,CA
ORD-001600,Wayfair,SKU-1002,2026-04-25,1,135.99,0.2,Delivered,IL
ORD-001601,Amazon,SKU-1004,2026-04-20,1,49.99,0.0,Delivered,NY
ORD-001602,Amazon,SKU-1004,2026-04-22,2,49.99,0.0,Delivered,FL
ORD-001603,Amazon,SKU-1002,2026-07-14,2,152.99,0.1,Shipped,FL
ORD-001604,eBay,SKU-1004,2026-07-27,1,42.49,0.15,Delivered,CA
ORD-001605,Wayfair,SKU-1007,2026-07-23,1,74.99,0.0,Delivered,AZ
ORD-001606,Amazon,SKU-1008,2026-05-08,1,85.49,0.1,Delivered,NY
ORD-001607,Amazon,SKU-1004,2026-04-22,1,42.49,0.15,Delivered,NY
ORD-001608,Amazon,SKU-1001,2026-07-17,1,85.49,0.05,Delivered,WA
ORD-001609,eBay,SKU-1002,2026-06-28,2,144.49,0.15,Delivered,MA
ORD-001610,Amazon,SKU-1005,2026-06-03,2,132.99,0.05,Delivered,CA
ORD-001611,eBay,SKU-1003,2026-03-13,2,249.99,0.0,Shipped,CA
ORD-001612,Amazon,SKU-1007,2026-05-26,1,74.99,0.0,Delivered,FL
ORD-001613,Amazon,SKU-1008,2026-07-09,2,94.99,0.0,Delivered,AZ
ORD-001614,Amazon,SKU-1008,2026-07-02,2,94.99,0.0,Delivered,WA
ORD-001615,eBay,SKU-1004,2026-02-17,1,44.99,0.1,Delivered,WA
ORD-001616,Amazon,SKU-1001,2026-04-13,1,80.99,0.1,Delivered,WA
ORD-001617,Wayfair,SKU-1007,2026-04-22,1,74.99,0.0,Delivered,FL
ORD-001618,Amazon,SKU-1006,2026-05-31,1,110.49,0.15,Delivered,CA
ORD-001619,eBay,SKU-1003,2026-02-07,2,224.99,0.1,Delivered,NY
ORD-001620,eBay,SKU-1001,2026-04-06,1,80.99,0.1,Delivered,AZ
ORD-001621,eBay,SKU-1006,2026-04-22,1,116.99,0.1,Delivered,CA
ORD-001622,Amazon,SKU-1003,2026-03-22,1,249.99,0.0,Cancelled,TX
ORD-001623,Amazon,SKU-1004,2026-05-03,1,49.99,0.0,Delivered,NY
ORD-001624,Wayfair,SKU-1005,2026-02-11,3,132.99,0.05,Delivered,FL
ORD-001625,Amazon,SKU-1008,2026-07-17,2,85.49,0.1,Delivered,WA
ORD-001626,Wayfair,SKU-1004,2026-04-11,1,44.99,0.1,Delivered,NY
ORD-001627,Amazon,SKU-1001,2026-07-20,1,85.49,0.05,Delivered,TX
ORD-001628,eBay,SKU-1005,2026-02-10,1,139.99,0.0,Delivered,AZ
ORD-001629,Amazon,SKU-1001,2026-04-29,1,89.99,0.0,Delivered,TX
ORD-001630,Amazon,SKU-1004,2026-02-07,1,47.49,0.05,Delivered,WA
ORD-001631,Amazon,SKU-1006,2026-04-05,1,129.99,0.0,Delivered,WA
ORD-001632,Wayfair,SKU-1003,2026-04-02,2,212.49,0.15,Delivered,NY
ORD-001633,Wayfair,SKU-1007,2026-05-15,1,74.99,0.0,Delivered,TX
ORD-001634,eBay,SKU-1005,2026-06-16,1,111.99,0.2,Delivered,CA
ORD-001635,Wayfair,SKU-1003,2026-02-25,1,224.99,0.1,Shipped,NY
ORD-001636,Amazon,SKU-1002,2026-03-11,1,169.99,0.0,Delivered,CA
ORD-001637,Amazon,SKU-1007,2026-04-05,1,71.24,0.05,Delivered,CA
ORD-001638,Amazon,SKU-1001,2026-06-22,1,80.99,0.1,Delivered,WA
ORD-001639,eBay,SKU-1007,2026-02-26,1,74.99,0.0,Delivered,NY
ORD-001640,Amazon,SKU-1003,2026-07-24,2,249.99,0.0,Delivered,CA
ORD-001641,eBay,SKU-1004,2026-07-02,1,42.49,0.15,Delivered,TX
ORD-001642,Amazon,SKU-1003,2026-02-02,1,224.99,0.1,Delivered,WA
ORD-001643,Amazon,SKU-1001,2026-03-28,1,89.99,0.0,Delivered,CA
ORD-001644,Amazon,SKU-1001,2026-07-24,2,89.99,0.0,Processing,NY
ORD-001645,eBay,SKU-1002,2026-03-01,1,169.99,0.0,Delivered,CA
ORD-001646,Wayfair,SKU-1007,2026-02-05,1,74.99,0.0,Delivered,WA
ORD-001647,eBay,SKU-1001,2026-07-23,1,80.99,0.1,Delivered,TX
ORD-001648,eBay,SKU-1005,2026-05-28,1,125.99,0.1,Delivered,AZ
ORD-001649,Amazon,SKU-1008,2026-03-19,4,90.24,0.05,Delivered,WA
ORD-001650,Amazon,SKU-1001,2026-07-03,1,85.49,0.05,Delivered,AZ
ORD-001651,Amazon,SKU-1004,2026-02-12,1,47.49,0.05,Delivered,AZ
ORD-001652,Amazon,SKU-1006,2026-04-29,1,116.99,0.1,Delivered,TX
ORD-001653,Amazon,SKU-1003,2026-05-27,1,237.49,0.05,Delivered,TX
ORD-001654,eBay,SKU-1001,2026-04-06,1,85.49,0.05,Delivered,CA
ORD-001655,Wayfair,SKU-1004,2026-05-01,3,44.99,0.1,Delivered,IL
ORD-001656,eBay,SKU-1007,2026-06-16,1,74.99,0.0,Delivered,CA
ORD-001657,eBay,SKU-1005,2026-02-27,1,111.99,0.2,Delivered,MA
ORD-001658,Amazon,SKU-1006,2026-02-07,1,116.99,0.1,Delivered,IL
ORD-001659,Wayfair,SKU-1001,2026-03-03,2,85.49,0.05,Cancelled,FL
ORD-001660,eBay,SKU-1004,2026-07-29,2,49.99,0.0,Delivered,IL
ORD-001661,eBay,SKU-1004,2026-03-21,1,44.99,0.1,Delivered,AZ
ORD-001662,Amazon,SKU-1006,2026-05-17,1,116.99,0.1,Delivered,TX
ORD-001663,eBay,SKU-1004,2026-07-14,1,49.99,0.0,Delivered,TX
ORD-001664,Amazon,SKU-1001,2026-07-07,2,85.49,0.05,Delivered,TX
ORD-001665,Wayfair,SKU-1004,2026-02-05,1,49.99,0.0,Shipped,CA
ORD-001666,Amazon,SKU-1007,2026-06-18,1,67.49,0.1,Delivered,CA
ORD-001667,Wayfair,SKU-1007,2026-07-13,1,59.99,0.2,Delivered,IL
ORD-001668,Amazon,SKU-1004,2026-04-23,1,47.49,0.05,Delivered,FL
ORD-001669,Amazon,SKU-1005,2026-05-19,4,139.99,0.0,Cancelled,FL
ORD-001670,Amazon,SKU-1004,2026-06-19,1,47.49,0.05,Shipped,CA
ORD-001671,Wayfair,SKU-1002,2026-06-28,1,144.49,0.15,Delivered,MA
ORD-001672,Amazon,SKU-1008,2026-05-03,2,94.99,0.0,Delivered,TX
ORD-001673,Amazon,SKU-1003,2026-07-27,3,224.99,0.1,Delivered,FL
ORD-001674,Wayfair,SKU-1004,2026-06-08,2,49.99,0.0,Delivered,CA
ORD-001675,Amazon,SKU-1007,2026-02-02,1,74.99,0.0,Delivered,CA
ORD-001676,Amazon,SKU-1008,2026-07-19,1,94.99,0.0,Delivered,CA
ORD-001677,eBay,SKU-1002,2026-06-10,4,161.49,0.05,Delivered,MA
ORD-001678,Amazon,SKU-1003,2026-06-27,1,224.99,0.1,Delivered,CA
ORD-001679,eBay,SKU-1005,2026-05-12,1,118.99,0.15,Shipped,CA
ORD-001680,Wayfair,SKU-1003,2026-03-18,1,224.99,0.1,Delivered,CA
ORD-001681,Amazon,SKU-1001,2026-06-29,1,89.99,0.0,Delivered,MA
ORD-001682,Wayfair,SKU-1007,2026-06-10,1,67.49,0.1,Shipped,AZ
ORD-001683,Amazon,SKU-1008,2026-02-19,1,94.99,0.0,Delivered,AZ
ORD-001684,Wayfair,SKU-1008,2026-02-20,2,75.99,0.2,Delivered,FL
ORD-001685,eBay,SKU-1006,2026-06-18,2,129.99,0.0,Shipped,CA
ORD-001686,Wayfair,SKU-1007,2026-02-12,1,67.49,0.1,Delivered,WA
ORD-001687,Amazon,SKU-1004,2026-03-11,2,44.99,0.1,Delivered,IL
ORD-001688,Amazon,SKU-1006,2026-07-20,1,110.49,0.15,Shipped,CA
ORD-001689,eBay,SKU-1001,2026-02-20,1,80.99,0.1,Delivered,IL
ORD-001690,eBay,SKU-1003,2026-04-27,2,224.99,0.1,Delivered,FL
ORD-001691,Amazon,SKU-1007,2026-04-16,1,63.74,0.15,Delivered,WA
ORD-001692,eBay,SKU-1003,2026-06-27,1,237.49,0.05,Delivered,TX
ORD-001693,eBay,SKU-1006,2026-03-11,1,110.49,0.15,Delivered,TX
ORD-001694,eBay,SKU-1007,2026-03-11,1,74.99,0.0,Delivered,IL
ORD-001695,Amazon,SKU-1008,2026-07-10,3,75.99,0.2,Delivered,FL
ORD-001696,Amazon,SKU-1004,2026-05-09,2,47.49,0.05,Delivered,FL
ORD-001697,Wayfair,SKU-1002,2026-02-05,1,169.99,0.0,Delivered,CA
ORD-001698,eBay,SKU-1001,2026-03-04,1,89.99,0.0,Delivered,AZ
ORD-001699,Wayfair,SKU-1008,2026-06-16,2,85.49,0.1,Delivered,CA
ORD-001700,Wayfair,SKU-1005,2026-06-11,1,132.99,0.05,Delivered,IL
ORD-001701,Wayfair,SKU-1007,2026-02-16,1,71.24,0.05,Delivered,IL
ORD-001702,Wayfair,SKU-1002,2026-04-05,1,152.99,0.1,Delivered,MA
ORD-001703,Amazon,SKU-1002,2026-03-22,2,144.49,0.15,Delivered,CA
ORD-001704,Amazon,SKU-1003,2026-04-05,1,237.49,0.05,Delivered,FL
ORD-001705,Amazon,SKU-1007,2026-07-14,1,71.24,0.05,Delivered,NY
ORD-001706,eBay,SKU-1001,2026-07-05,1,85.49,0.05,Delivered,AZ
ORD-001707,Wayfair,SKU-1001,2026-07-16,1,80.99,0.1,Delivered,NY
ORD-001708,eBay,SKU-1001,2026-07-05,1,85.49,0.05,Delivered,NY
ORD-001709,eBay,SKU-1003,2026-04-10,2,249.99,0.0,Delivered,FL
ORD-001710,Amazon,SKU-1003,2026-03-20,1,249.99,0.0,Cancelled,NY
ORD-001711,Amazon,SKU-1002,2026-05-23,1,169.99,0.0,Shipped,TX
ORD-001712,Wayfair,SKU-1006,2026-03-23,2,116.99,0.1,Delivered,NY
ORD-001713,Amazon,SKU-1003,2026-02-28,1,212.49,0.15,Delivered,WA
ORD-001714,Amazon,SKU-1003,2026-05-14,2,212.49,0.15,Delivered,CA
ORD-001715,Wayfair,SKU-1008,2026-07-19,1,94.99,0.0,Delivered,TX
ORD-001716,Wayfair,SKU-1002,2026-04-20,1,169.99,0.0,Delivered,IL
ORD-001717,Amazon,SKU-1003,2026-06-26,1,249.99,0.0,Delivered,NY
ORD-001718,Amazon,SKU-1008,2026-03-09,3,85.49,0.1,Delivered,WA
ORD-001719,eBay,SKU-1002,2026-04-18,2,169.99,0.0,Delivered,NY
ORD-001720,eBay,SKU-1004,2026-03-29,1,49.99,0.0,Delivered,CA
ORD-001721,eBay,SKU-1002,2026-07-03,1,135.99,0.2,Delivered,WA
ORD-001722,Wayfair,SKU-1006,2026-06-06,1,103.99,0.2,Delivered,CA
ORD-001723,Amazon,SKU-1001,2026-06-19,1,76.49,0.15,Delivered,CA
ORD-001724,Amazon,SKU-1006,2026-05-18,2,110.49,0.15,Delivered,FL
ORD-001725,Amazon,SKU-1005,2026-04-26,1,125.99,0.1,Delivered,FL
ORD-001726,Amazon,SKU-1003,2026-02-19,2,224.99,0.1,Delivered,MA
ORD-001727,eBay,SKU-1003,2026-03-28,1,237.49,0.05,Delivered,TX
ORD-001728,eBay,SKU-1006,2026-04-08,1,110.49,0.15,Delivered,WA
ORD-001729,Wayfair,SKU-1004,2026-02-14,2,49.99,0.0,Cancelled,NY
ORD-001730,Wayfair,SKU-1005,2026-06-11,2,139.99,0.0,Delivered,TX
ORD-001731,Amazon,SKU-1003,2026-02-21,1,199.99,0.2,Shipped,FL
ORD-001732,Wayfair,SKU-1007,2026-02-24,1,71.24,0.05,Delivered,CA
ORD-001733,eBay,SKU-1001,2026-04-13,1,76.49,0.15,Cancelled,CA
ORD-001734,Amazon,SKU-1003,2026-06-29,1,237.49,0.05,Delivered,IL
ORD-001735,Amazon,SKU-1004,2026-06-29,1,47.49,0.05,Delivered,CA
ORD-001736,Amazon,SKU-1003,2026-03-31,1,224.99,0.1,Delivered,WA
ORD-001737,Wayfair,SKU-1002,2026-05-03,2,152.99,0.1,Delivered,CA
ORD-001738,Amazon,SKU-1001,2026-02-27,1,85.49,0.05,Shipped,IL
ORD-001739,Wayfair,SKU-1004,2026-04-26,2,42.49,0.15,Delivered,CA
ORD-001740,Wayfair,SKU-1002,2026-04-02,3,169.99,0.0,Delivered,CA
ORD-001741,Amazon,SKU-1008,2026-05-09,1,80.74,0.15,Shipped,CA
ORD-001742,Amazon,SKU-1001,2026-03-24,1,89.99,0.0,Shipped,CA
ORD-001743,Wayfair,SKU-1002,2026-06-14,1,152.99,0.1,Delivered,NY
ORD-001744,eBay,SKU-1005,2026-04-24,1,139.99,0.0,Delivered,NY
ORD-001745,Amazon,SKU-1004,2026-05-29,1,49.99,0.0,Delivered,MA
ORD-001746,Amazon,SKU-1001,2026-04-22,2,89.99,0.0,Shipped,TX
ORD-001747,Amazon,SKU-1008,2026-07-16,2,80.74,0.15,Delivered,MA
ORD-001748,Wayfair,SKU-1006,2026-02-13,1,129.99,0.0,Delivered,CA
ORD-001749,eBay,SKU-1001,2026-02-11,1,80.99,0.1,Shipped,WA
ORD-001750,Amazon,SKU-1003,2026-03-14,1,249.99,0.0,Delivered,CA
ORD-001751,eBay,SKU-1007,2026-05-06,2,74.99,0.0,Delivered,NY
ORD-001752,eBay,SKU-1003,2026-04-10,1,249.99,0.0,Delivered,CA
ORD-001753,eBay,SKU-1004,2026-03-10,3,49.99,0.0,Delivered,FL
ORD-001754,Amazon,SKU-1004,2026-02-05,1,49.99,0.0,Delivered,CA
ORD-001755,Amazon,SKU-1008,2026-05-19,2,90.24,0.05,Delivered,FL
ORD-001756,Amazon,SKU-1005,2026-06-02,2,139.99,0.0,Delivered,FL
ORD-001757,eBay,SKU-1008,2026-02-26,1,85.49,0.1,Shipped,CA
ORD-001758,Amazon,SKU-1002,2026-03-10,1,169.99,0.0,Delivered,NY
ORD-001759,Amazon,SKU-1008,2026-03-31,1,85.49,0.1,Delivered,WA
ORD-001760,eBay,SKU-1004,2026-06-14,1,42.49,0.15,Delivered,CA
ORD-001761,eBay,SKU-1004,2026-06-30,2,42.49,0.15,Delivered,IL
ORD-001762,eBay,SKU-1005,2026-03-20,1,132.99,0.05,Shipped,TX
ORD-001763,Amazon,SKU-1004,2026-06-05,1,49.99,0.0,Delivered,IL
ORD-001764,Amazon,SKU-1005,2026-03-28,1,139.99,0.0,Delivered,IL
ORD-001765,Amazon,SKU-1006,2026-04-29,1,110.49,0.15,Delivered,IL
ORD-001766,Amazon,SKU-1004,2026-07-21,1,42.49,0.15,Delivered,TX
ORD-001767,Amazon,SKU-1007,2026-02-08,3,74.99,0.0,Delivered,NY
ORD-001768,Amazon,SKU-1001,2026-04-18,1,89.99,0.0,Delivered,FL
ORD-001769,Wayfair,SKU-1008,2026-06-11,1,85.49,0.1,Delivered,FL
ORD-001770,eBay,SKU-1001,2026-02-06,1,80.99,0.1,Delivered,IL
ORD-001771,Amazon,SKU-1005,2026-02-14,2,139.99,0.0,Delivered,MA
ORD-001772,Amazon,SKU-1004,2026-02-27,1,47.49,0.05,Shipped,TX
ORD-001773,eBay,SKU-1008,2026-06-20,3,90.24,0.05,Shipped,TX
ORD-001774,Wayfair,SKU-1008,2026-04-18,1,90.24,0.05,Delivered,NY
ORD-001775,eBay,SKU-1003,2026-04-19,1,249.99,0.0,Delivered,TX
ORD-001776,eBay,SKU-1008,2026-02-19,1,94.99,0.0,Delivered,IL
ORD-001777,Wayfair,SKU-1007,2026-04-05,1,74.99,0.0,Delivered,FL
ORD-001778,Amazon,SKU-1002,2026-03-31,3,169.99,0.0,Delivered,CA
ORD-001779,Wayfair,SKU-1006,2026-03-12,1,129.99,0.0,Delivered,TX
ORD-001780,Amazon,SKU-1005,2026-06-16,1,132.99,0.05,Delivered,WA
ORD-001781,Amazon,SKU-1003,2026-07-08,1,249.99,0.0,Cancelled,AZ
ORD-001782,Amazon,SKU-1003,2026-02-12,1,212.49,0.15,Delivered,NY
ORD-001783,Wayfair,SKU-1005,2026-07-29,2,132.99,0.05,Delivered,FL
ORD-001784,eBay,SKU-1001,2026-07-05,2,89.99,0.0,Shipped,NY
ORD-001785,Amazon,SKU-1006,2026-02-16,1,110.49,0.15,Delivered,WA
ORD-001786,Amazon,SKU-1002,2026-06-12,1,152.99,0.1,Delivered,TX
ORD-001787,eBay,SKU-1001,2026-06-06,1,85.49,0.05,Delivered,WA
ORD-001788,eBay,SKU-1001,2026-06-06,1,80.99,0.1,Delivered,FL
ORD-001789,Amazon,SKU-1008,2026-07-06,1,85.49,0.1,Delivered,CA
ORD-001790,Wayfair,SKU-1001,2026-04-04,1,80.99,0.1,Delivered,NY
ORD-001791,eBay,SKU-1004,2026-05-01,1,49.99,0.0,Delivered,AZ
ORD-001792,Amazon,SKU-1001,2026-07-12,2,89.99,0.0,Delivered,CA
ORD-001793,eBay,SKU-1002,2026-04-27,1,144.49,0.15,Shipped,WA
ORD-001794,Amazon,SKU-1007,2026-07-26,1,59.99,0.2,Delivered,NY
ORD-001795,Amazon,SKU-1001,2026-07-14,1,80.99,0.1,Delivered,IL
ORD-001796,Amazon,SKU-1004,2026-05-15,2,44.99,0.1,Delivered,NY
ORD-001797,Amazon,SKU-1001,2026-06-19,2,80.99,0.1,Delivered,IL
ORD-001798,eBay,SKU-1001,2026-07-15,1,85.49,0.05,Delivered,IL
ORD-001799,Wayfair,SKU-1002,2026-06-06,1,152.99,0.1,Delivered,IL
ORD-001800,Amazon,SKU-1008,2026-03-02,1,94.99,0.0,Delivered,WA
ORD-001801,Amazon,SKU-1003,2026-03-19,1,224.99,0.1,Delivered,CA
ORD-001802,Wayfair,SKU-1005,2026-05-16,2,139.99,0.0,Delivered,TX
ORD-001803,Amazon,SKU-1001,2026-04-18,1,71.99,0.2,Delivered,TX
ORD-001804,Amazon,SKU-1007,2026-03-13,1,74.99,0.0,Delivered,AZ
ORD-001805,Amazon,SKU-1008,2026-03-31,1,85.49,0.1,Delivered,TX
ORD-001806,Wayfair,SKU-1008,2026-06-05,2,94.99,0.0,Delivered,FL
ORD-001807,Wayfair,SKU-1004,2026-06-30,1,47.49,0.05,Delivered,NY
ORD-001808,eBay,SKU-1002,2026-05-06,2,169.99,0.0,Delivered,AZ
ORD-001809,Amazon,SKU-1008,2026-05-04,1,85.49,0.1,Delivered,IL
ORD-001810,eBay,SKU-1006,2026-06-30,1,103.99,0.2,Shipped,NY
ORD-001811,Amazon,SKU-1004,2026-07-06,1,49.99,0.0,Delivered,MA
ORD-001812,Amazon,SKU-1007,2026-04-11,1,74.99,0.0,Delivered,NY
ORD-001813,Wayfair,SKU-1004,2026-03-17,1,49.99,0.0,Delivered,AZ
ORD-001814,eBay,SKU-1004,2026-02-18,1,49.99,0.0,Delivered,FL
ORD-001815,eBay,SKU-1008,2026-07-05,1,85.49,0.1,Delivered,MA
ORD-001816,Amazon,SKU-1002,2026-06-19,1,169.99,0.0,Delivered,IL
ORD-001817,Amazon,SKU-1004,2026-06-20,4,47.49,0.05,Shipped,MA
ORD-001818,eBay,SKU-1001,2026-07-02,1,71.99,0.2,Delivered,FL
ORD-001819,eBay,SKU-1006,2026-04-06,3,116.99,0.1,Cancelled,AZ
ORD-001820,Wayfair,SKU-1001,2026-03-04,1,89.99,0.0,Delivered,WA
ORD-001821,Wayfair,SKU-1006,2026-05-10,1,129.99,0.0,Delivered,CA
ORD-001822,eBay,SKU-1003,2026-04-07,1,249.99,0.0,Delivered,TX
ORD-001823,eBay,SKU-1008,2026-04-29,1,94.99,0.0,Delivered,AZ
ORD-001824,Amazon,SKU-1001,2026-07-26,1,89.99,0.0,Cancelled,FL
ORD-001825,Amazon,SKU-1001,2026-02-09,2,85.49,0.05,Delivered,CA
ORD-001826,eBay,SKU-1002,2026-06-09,1,169.99,0.0,Delivered,AZ
ORD-001827,eBay,SKU-1008,2026-06-28,1,94.99,0.0,Shipped,IL
ORD-001828,Wayfair,SKU-1004,2026-05-26,1,49.99,0.0,Delivered,MA
ORD-001829,Wayfair,SKU-1008,2026-04-22,3,94.99,0.0,Delivered,FL
ORD-001830,Amazon,SKU-1002,2026-03-23,1,135.99,0.2,Delivered,MA
ORD-001831,Amazon,SKU-1008,2026-05-12,2,75.99,0.2,Delivered,CA
ORD-001832,Amazon,SKU-1002,2026-06-07,1,169.99,0.0,Delivered,AZ
ORD-001833,Wayfair,SKU-1008,2026-07-20,2,85.49,0.1,Delivered,FL
ORD-001834,Amazon,SKU-1006,2026-06-16,1,116.99,0.1,Delivered,IL
ORD-001835,Amazon,SKU-1005,2026-03-08,1,139.99,0.0,Delivered,NY
ORD-001836,Amazon,SKU-1004,2026-02-08,1,49.99,0.0,Delivered,NY
ORD-001837,eBay,SKU-1004,2026-04-16,2,44.99,0.1,Delivered,CA
ORD-001838,Amazon,SKU-1008,2026-07-02,2,90.24,0.05,Delivered,TX
ORD-001839,Amazon,SKU-1001,2026-04-20,1,89.99,0.0,Delivered,IL
ORD-001840,Amazon,SKU-1006,2026-06-12,1,129.99,0.0,Delivered,WA
ORD-001841,Amazon,SKU-1008,2026-03-21,2,85.49,0.1,Delivered,CA
ORD-001842,eBay,SKU-1002,2026-02-05,1,169.99,0.0,Delivered,CA
ORD-001843,Wayfair,SKU-1003,2026-07-20,2,224.99,0.1,Cancelled,MA
ORD-001844,Amazon,SKU-1007,2026-05-15,1,74.99,0.0,Delivered,WA
ORD-001845,Amazon,SKU-1008,2026-06-28,2,80.74,0.15,Delivered,MA
ORD-001846,Wayfair,SKU-1006,2026-05-17,1,129.99,0.0,Delivered,TX
ORD-001847,Wayfair,SKU-1008,2026-06-06,1,94.99,0.0,Delivered,CA
ORD-001848,Amazon,SKU-1007,2026-07-28,1,71.24,0.05,Delivered,AZ
ORD-001849,Amazon,SKU-1004,2026-04-26,1,44.99,0.1,Delivered,WA
ORD-001850,Amazon,SKU-1006,2026-04-16,1,123.49,0.05,Delivered,CA
ORD-001851,Wayfair,SKU-1007,2026-02-24,1,71.24,0.05,Delivered,MA
ORD-001852,Amazon,SKU-1004,2026-04-01,1,49.99,0.0,Delivered,WA
ORD-001853,Amazon,SKU-1001,2026-05-07,1,89.99,0.0,Delivered,CA
ORD-001854,eBay,SKU-1008,2026-03-22,2,85.49,0.1,Delivered,CA
ORD-001855,Wayfair,SKU-1001,2026-04-07,3,89.99,0.0,Delivered,WA
ORD-001856,Amazon,SKU-1004,2026-04-17,1,49.99,0.0,Delivered,TX
ORD-001857,Amazon,SKU-1006,2026-05-25,1,129.99,0.0,Delivered,FL
ORD-001858,Wayfair,SKU-1001,2026-02-16,1,89.99,0.0,Delivered,CA
ORD-001859,eBay,SKU-1006,2026-04-25,1,129.99,0.0,Delivered,TX
ORD-001860,Amazon,SKU-1004,2026-05-12,2,49.99,0.0,Delivered,FL
ORD-001861,Amazon,SKU-1005,2026-07-18,2,132.99,0.05,Delivered,NY
ORD-001862,Amazon,SKU-1006,2026-04-03,1,123.49,0.05,Delivered,MA
ORD-001863,Wayfair,SKU-1004,2026-03-13,1,42.49,0.15,Delivered,TX
ORD-001864,Wayfair,SKU-1006,2026-05-12,4,110.49,0.15,Delivered,CA
ORD-001865,Amazon,SKU-1007,2026-05-30,1,63.74,0.15,Shipped,MA
ORD-001866,eBay,SKU-1001,2026-03-27,3,89.99,0.0,Delivered,IL
ORD-001867,Amazon,SKU-1004,2026-05-06,1,44.99,0.1,Delivered,FL
ORD-001868,eBay,SKU-1002,2026-06-27,1,144.49,0.15,Delivered,FL
ORD-001869,Amazon,SKU-1008,2026-05-17,1,94.99,0.0,Delivered,NY
ORD-001870,Amazon,SKU-1004,2026-07-11,1,49.99,0.0,Delivered,AZ
ORD-001871,Wayfair,SKU-1006,2026-05-23,1,129.99,0.0,Delivered,NY
ORD-001872,Amazon,SKU-1006,2026-07-26,1,129.99,0.0,Delivered,IL
ORD-001873,Amazon,SKU-1002,2026-06-01,1,152.99,0.1,Delivered,NY
ORD-001874,eBay,SKU-1005,2026-06-17,2,118.99,0.15,Delivered,IL
ORD-001875,Amazon,SKU-1001,2026-02-15,1,89.99,0.0,Delivered,TX
ORD-001876,Wayfair,SKU-1006,2026-04-21,2,129.99,0.0,Delivered,FL
ORD-001877,Amazon,SKU-1007,2026-08-01,1,74.99,0.0,Shipped,CA
ORD-001878,Amazon,SKU-1008,2026-03-04,1,90.24,0.05,Delivered,FL
ORD-001879,Wayfair,SKU-1004,2026-07-28,2,49.99,0.0,Delivered,MA
ORD-001880,Amazon,SKU-1008,2026-02-12,1,94.99,0.0,Delivered,CA
ORD-001881,eBay,SKU-1001,2026-05-05,3,85.49,0.05,Delivered,AZ
ORD-001882,Wayfair,SKU-1008,2026-06-27,1,94.99,0.0,Delivered,TX
ORD-001883,eBay,SKU-1002,2026-07-25,1,169.99,0.0,Cancelled,IL
ORD-001884,Wayfair,SKU-1006,2026-04-25,1,116.99,0.1,Shipped,TX
ORD-001885,Amazon,SKU-1008,2026-07-11,2,94.99,0.0,Delivered,AZ
ORD-001886,Amazon,SKU-1002,2026-06-15,3,169.99,0.0,Delivered,CA
ORD-001887,eBay,SKU-1005,2026-04-10,1,139.99,0.0,Delivered,IL
ORD-001888,Amazon,SKU-1007,2026-02-22,1,74.99,0.0,Shipped,MA
ORD-001889,Amazon,SKU-1001,2026-04-20,1,76.49,0.15,Delivered,CA
ORD-001890,eBay,SKU-1006,2026-04-28,1,123.49,0.05,Cancelled,NY
ORD-001891,Amazon,SKU-1006,2026-05-01,2,123.49,0.05,Delivered,TX
ORD-001892,Wayfair,SKU-1008,2026-02-23,2,80.74,0.15,Shipped,AZ
ORD-001893,Amazon,SKU-1001,2026-03-01,1,89.99,0.0,Delivered,FL
ORD-001894,Amazon,SKU-1002,2026-02-21,1,169.99,0.0,Shipped,AZ
ORD-001895,Amazon,SKU-1005,2026-07-12,3,111.99,0.2,Delivered,TX
ORD-001896,eBay,SKU-1006,2026-02-16,2,129.99,0.0,Delivered,CA
ORD-001897,Wayfair,SKU-1001,2026-02-02,1,80.99,0.1,Delivered,WA
ORD-001898,eBay,SKU-1004,2026-03-23,1,49.99,0.0,Cancelled,FL
ORD-001899,Amazon,SKU-1002,2026-07-25,1,144.49,0.15,Delivered,NY
ORD-001900,Wayfair,SKU-1001,2026-04-10,1,85.49,0.05,Cancelled,WA
ORD-001901,Amazon,SKU-1006,2026-03-21,2,116.99,0.1,Delivered,NY
ORD-001902,Amazon,SKU-1007,2026-05-18,1,74.99,0.0,Delivered,IL
ORD-001903,Amazon,SKU-1006,2026-07-19,2,116.99,0.1,Delivered,CA
ORD-001904,Amazon,SKU-1001,2026-02-17,1,80.99,0.1,Delivered,IL
ORD-001905,Amazon,SKU-1006,2026-07-24,1,123.49,0.05,Processing,TX
ORD-001906,eBay,SKU-1006,2026-02-18,1,116.99,0.1,Delivered,TX
ORD-001907,Amazon,SKU-1007,2026-04-19,2,74.99,0.0,Cancelled,CA
ORD-001908,Amazon,SKU-1005,2026-05-03,1,118.99,0.15,Delivered,IL
ORD-001909,Amazon,SKU-1008,2026-05-31,1,94.99,0.0,Delivered,NY
ORD-001910,Amazon,SKU-1001,2026-04-24,1,76.49,0.15,Delivered,TX
ORD-001911,Wayfair,SKU-1004,2026-03-18,1,39.99,0.2,Delivered,CA
ORD-001912,Amazon,SKU-1004,2026-03-24,1,49.99,0.0,Delivered,MA
ORD-001913,Amazon,SKU-1004,2026-06-06,1,47.49,0.05,Delivered,AZ
ORD-001914,eBay,SKU-1004,2026-05-03,3,49.99,0.0,Delivered,NY
ORD-001915,Amazon,SKU-1003,2026-06-08,2,249.99,0.0,Delivered,TX
ORD-001916,eBay,SKU-1001,2026-07-27,1,85.49,0.05,Delivered,FL
ORD-001917,Amazon,SKU-1003,2026-07-28,2,249.99,0.0,Cancelled,CA
ORD-001918,Amazon,SKU-1004,2026-03-27,3,44.99,0.1,Delivered,AZ
ORD-001919,Wayfair,SKU-1005,2026-06-03,2,132.99,0.05,Delivered,TX
ORD-001920,Amazon,SKU-1002,2026-04-25,2,161.49,0.05,Delivered,WA
ORD-001921,Wayfair,SKU-1005,2026-04-06,1,132.99,0.05,Delivered,FL
ORD-001922,eBay,SKU-1001,2026-07-11,1,85.49,0.05,Delivered,AZ
ORD-001923,eBay,SKU-1008,2026-02-19,1,85.49,0.1,Shipped,TX
ORD-001924,Wayfair,SKU-1001,2026-02-17,1,89.99,0.0,Delivered,TX
ORD-001925,Amazon,SKU-1005,2026-04-12,3,132.99,0.05,Delivered,AZ
ORD-001926,Wayfair,SKU-1002,2026-03-22,3,161.49,0.05,Delivered,IL
ORD-001927,Amazon,SKU-1006,2026-06-11,1,116.99,0.1,Delivered,IL
ORD-001928,Amazon,SKU-1001,2026-03-10,1,89.99,0.0,Delivered,NY
ORD-001929,eBay,SKU-1003,2026-03-11,1,249.99,0.0,Delivered,NY
ORD-001930,Wayfair,SKU-1003,2026-05-29,1,224.99,0.1,Delivered,CA
ORD-001931,Wayfair,SKU-1001,2026-03-05,1,89.99,0.0,Delivered,CA
ORD-001932,Amazon,SKU-1007,2026-02-08,1,71.24,0.05,Delivered,TX
ORD-001933,Amazon,SKU-1007,2026-04-15,1,67.49,0.1,Delivered,FL
ORD-001934,eBay,SKU-1006,2026-06-09,1,129.99,0.0,Delivered,FL
ORD-001935,Amazon,SKU-1008,2026-05-05,3,94.99,0.0,Delivered,IL
ORD-001936,Amazon,SKU-1004,2026-06-16,1,44.99,0.1,Delivered,FL
ORD-001937,Amazon,SKU-1001,2026-03-14,1,76.49,0.15,Delivered,TX
ORD-001938,Amazon,SKU-1005,2026-02-15,1,125.99,0.1,Delivered,CA
ORD-001939,Wayfair,SKU-1007,2026-03-09,1,74.99,0.0,Delivered,WA
ORD-001940,eBay,SKU-1001,2026-06-08,1,80.99,0.1,Delivered,CA
ORD-001941,Amazon,SKU-1002,2026-04-01,1,169.99,0.0,Delivered,FL
ORD-001942,Wayfair,SKU-1003,2026-03-16,1,249.99,0.0,Delivered,FL
ORD-001943,Amazon,SKU-1005,2026-05-08,1,139.99,0.0,Delivered,FL
ORD-001944,Amazon,SKU-1003,2026-04-09,1,237.49,0.05,Delivered,NY
ORD-001945,eBay,SKU-1008,2026-05-16,1,94.99,0.0,Delivered,CA
ORD-001946,Amazon,SKU-1008,2026-06-27,2,94.99,0.0,Delivered,CA
ORD-001947,Amazon,SKU-1005,2026-05-31,1,132.99,0.05,Delivered,AZ
ORD-001948,Amazon,SKU-1002,2026-04-22,1,152.99,0.1,Shipped,CA
ORD-001949,Amazon,SKU-1008,2026-04-26,1,94.99,0.0,Delivered,MA
ORD-001950,eBay,SKU-1004,2026-07-22,2,49.99,0.0,Delivered,AZ
ORD-001951,eBay,SKU-1007,2026-02-04,3,63.74,0.15,Delivered,NY
ORD-001952,Amazon,SKU-1005,2026-02-15,1,132.99,0.05,Cancelled,IL
ORD-001953,Amazon,SKU-1003,2026-07-19,1,224.99,0.1,Delivered,TX
ORD-001954,Wayfair,SKU-1002,2026-03-26,1,161.49,0.05,Delivered,IL
ORD-001955,Wayfair,SKU-1008,2026-03-18,1,94.99,0.0,Delivered,AZ
ORD-001956,Amazon,SKU-1005,2026-04-12,1,132.99,0.05,Delivered,WA
ORD-001957,Amazon,SKU-1002,2026-05-09,1,161.49,0.05,Shipped,NY
ORD-001958,Amazon,SKU-1008,2026-02-13,1,75.99,0.2,Shipped,WA
ORD-001959,Amazon,SKU-1006,2026-04-11,1,129.99,0.0,Shipped,TX
ORD-001960,Amazon,SKU-1004,2026-07-18,1,47.49,0.05,Shipped,FL
ORD-001961,eBay,SKU-1006,2026-02-14,1,129.99,0.0,Delivered,IL
ORD-001962,Amazon,SKU-1004,2026-05-08,2,47.49,0.05,Delivered,WA
ORD-001963,eBay,SKU-1004,2026-05-08,1,49.99,0.0,Delivered,IL
ORD-001964,Amazon,SKU-1007,2026-06-20,1,59.99,0.2,Delivered,TX
ORD-001965,Wayfair,SKU-1001,2026-07-17,1,80.99,0.1,Shipped,CA
ORD-001966,Amazon,SKU-1001,2026-07-12,1,89.99,0.0,Delivered,IL
ORD-001967,Amazon,SKU-1007,2026-03-26,2,74.99,0.0,Shipped,AZ
ORD-001968,Amazon,SKU-1008,2026-06-15,1,94.99,0.0,Delivered,WA
ORD-001969,Amazon,SKU-1002,2026-04-28,1,169.99,0.0,Shipped,NY
ORD-001970,Amazon,SKU-1008,2026-05-13,1,94.99,0.0,Delivered,IL
ORD-001971,eBay,SKU-1001,2026-05-29,1,80.99,0.1,Delivered,WA
ORD-001972,Wayfair,SKU-1008,2026-03-01,1,80.74,0.15,Delivered,TX
ORD-001973,Amazon,SKU-1007,2026-03-27,1,74.99,0.0,Shipped,CA
ORD-001974,Amazon,SKU-1001,2026-03-21,2,80.99,0.1,Delivered,NY
ORD-001975,Wayfair,SKU-1001,2026-07-21,1,80.99,0.1,Delivered,NY
ORD-001976,Amazon,SKU-1002,2026-07-02,3,161.49,0.05,Delivered,WA
ORD-001977,Amazon,SKU-1008,2026-05-02,1,85.49,0.1,Shipped,NY
ORD-001978,Amazon,SKU-1004,2026-07-28,1,42.49,0.15,Processing,WA
ORD-001979,Amazon,SKU-1008,2026-06-06,2,94.99,0.0,Delivered,CA
ORD-001980,Wayfair,SKU-1002,2026-07-13,3,169.99,0.0,Delivered,TX
ORD-001981,Amazon,SKU-1008,2026-04-22,1,85.49,0.1,Delivered,FL
ORD-001982,eBay,SKU-1001,2026-07-03,2,80.99,0.1,Delivered,NY
ORD-001983,Amazon,SKU-1004,2026-07-30,1,44.99,0.1,Delivered,WA
ORD-001984,Amazon,SKU-1002,2026-06-14,1,144.49,0.15,Delivered,CA
ORD-001985,Amazon,SKU-1003,2026-03-02,1,199.99,0.2,Delivered,NY
ORD-001986,Amazon,SKU-1002,2026-07-19,3,152.99,0.1,Delivered,CA
ORD-001987,eBay,SKU-1003,2026-06-08,1,249.99,0.0,Delivered,AZ
ORD-001988,Amazon,SKU-1001,2026-07-06,1,89.99,0.0,Delivered,WA
ORD-001989,Amazon,SKU-1001,2026-07-29,1,85.49,0.05,Delivered,CA
ORD-001990,eBay,SKU-1004,2026-02-19,1,49.99,0.0,Delivered,TX
ORD-001991,Wayfair,SKU-1004,2026-03-09,1,49.99,0.0,Delivered,WA
ORD-001992,Wayfair,SKU-1004,2026-05-08,1,47.49,0.05,Cancelled,WA
ORD-001993,Amazon,SKU-1005,2026-02-12,1,139.99,0.0,Delivered,WA
ORD-001994,Amazon,SKU-1001,2026-02-05,1,80.99,0.1,Delivered,CA
ORD-001995,Amazon,SKU-1008,2026-04-05,2,85.49,0.1,Delivered,NY
ORD-001996,Amazon,SKU-1004,2026-05-12,1,47.49,0.05,Shipped,CA
ORD-001997,Wayfair,SKU-1006,2026-03-11,2,129.99,0.0,Delivered,MA
ORD-001998,Amazon,SKU-1005,2026-05-18,2,139.99,0.0,Delivered,TX
ORD-001999,Amazon,SKU-1001,2026-04-25,2,89.99,0.0,Delivered,MA
ORD-002000,eBay,SKU-1004,2026-03-31,2,49.99,0.0,Delivered,IL
ORD-002001,eBay,SKU-1008,2026-07-14,1,90.24,0.05,Delivered,IL
ORD-002002,Amazon,SKU-1004,2026-02-18,1,44.99,0.1,Delivered,IL
ORD-002003,Amazon,SKU-1001,2026-04-14,1,80.99,0.1,Delivered,TX
ORD-002004,Amazon,SKU-1004,2026-04-21,2,47.49,0.05,Delivered,IL
ORD-002005,eBay,SKU-1007,2026-06-25,3,71.24,0.05,Delivered,FL
ORD-002006,Amazon,SKU-1004,2026-06-07,3,47.49,0.05,Delivered,CA
ORD-002007,Wayfair,SKU-1005,2026-04-16,1,139.99,0.0,Delivered,TX
ORD-002008,Amazon,SKU-1002,2026-04-21,1,169.99,0.0,Delivered,TX
ORD-002009,eBay,SKU-1005,2026-03-22,2,118.99,0.15,Delivered,IL
ORD-002010,eBay,SKU-1003,2026-05-05,2,237.49,0.05,Delivered,NY
ORD-002011,Amazon,SKU-1004,2026-04-17,1,49.99,0.0,Shipped,AZ
ORD-002012,eBay,SKU-1002,2026-06-09,1,169.99,0.0,Delivered,MA
ORD-002013,Amazon,SKU-1004,2026-04-08,1,49.99,0.0,Cancelled,IL
ORD-002014,Amazon,SKU-1008,2026-03-22,2,94.99,0.0,Delivered,MA
ORD-002015,Wayfair,SKU-1004,2026-06-12,1,49.99,0.0,Delivered,NY
ORD-002016,eBay,SKU-1008,2026-06-03,1,94.99,0.0,Delivered,CA
ORD-002017,Wayfair,SKU-1007,2026-02-12,2,74.99,0.0,Delivered,TX
ORD-002018,Wayfair,SKU-1007,2026-07-27,1,74.99,0.0,Delivered,CA
ORD-002019,Wayfair,SKU-1001,2026-04-13,1,89.99,0.0,Delivered,FL
ORD-002020,Wayfair,SKU-1007,2026-05-03,2,74.99,0.0,Delivered,TX
ORD-002021,Wayfair,SKU-1002,2026-05-11,1,161.49,0.05,Delivered,CA
ORD-002022,Wayfair,SKU-1006,2026-04-12,2,129.99,0.0,Delivered,NY
ORD-002023,eBay,SKU-1002,2026-03-18,3,169.99,0.0,Delivered,WA
ORD-002024,Wayfair,SKU-1004,2026-05-11,1,49.99,0.0,Shipped,NY
ORD-002025,Amazon,SKU-1004,2026-05-11,2,44.99,0.1,Delivered,IL
ORD-002026,eBay,SKU-1002,2026-05-24,2,161.49,0.05,Delivered,NY
ORD-002027,Wayfair,SKU-1005,2026-07-07,1,139.99,0.0,Delivered,AZ
ORD-002028,Amazon,SKU-1006,2026-05-16,1,129.99,0.0,Delivered,TX
ORD-002029,Amazon,SKU-1003,2026-07-05,2,199.99,0.2,Delivered,FL
ORD-002030,Amazon,SKU-1005,2026-02-07,1,139.99,0.0,Delivered,NY
ORD-002031,Wayfair,SKU-1006,2026-02-24,1,129.99,0.0,Delivered,AZ
ORD-002032,Amazon,SKU-1002,2026-03-30,2,161.49,0.05,Delivered,IL
ORD-002033,Wayfair,SKU-1007,2026-05-06,1,74.99,0.0,Delivered,CA
ORD-002034,Amazon,SKU-1005,2026-04-07,1,118.99,0.15,Delivered,TX
ORD-002035,Amazon,SKU-1007,2026-03-21,1,74.99,0.0,Delivered,TX
ORD-002036,Amazon,SKU-1001,2026-07-19,2,76.49,0.15,Shipped,IL
ORD-002037,Amazon,SKU-1003,2026-05-21,2,249.99,0.0,Shipped,CA
ORD-002038,Amazon,SKU-1006,2026-02-27,1,116.99,0.1,Delivered,IL
ORD-002039,Amazon,SKU-1004,2026-03-19,1,42.49,0.15,Delivered,CA
ORD-002040,eBay,SKU-1007,2026-06-13,2,71.24,0.05,Delivered,NY
ORD-002041,Amazon,SKU-1002,2026-03-07,1,161.49,0.05,Delivered,IL
ORD-002042,Amazon,SKU-1004,2026-03-02,2,49.99,0.0,Delivered,CA
ORD-002043,Amazon,SKU-1008,2026-04-16,1,85.49,0.1,Delivered,NY
ORD-002044,Amazon,SKU-1004,2026-06-16,1,47.49,0.05,Delivered,IL
ORD-002045,Wayfair,SKU-1005,2026-05-16,2,132.99,0.05,Delivered,NY
ORD-002046,Wayfair,SKU-1004,2026-03-26,1,39.99,0.2,Shipped,CA
ORD-002047,Amazon,SKU-1008,2026-04-19,1,94.99,0.0,Delivered,CA
ORD-002048,eBay,SKU-1004,2026-03-11,1,47.49,0.05,Delivered,CA
ORD-002049,Amazon,SKU-1007,2026-03-10,1,74.99,0.0,Delivered,NY
ORD-002050,Amazon,SKU-1004,2026-03-26,1,49.99,0.0,Delivered,MA
ORD-002051,Wayfair,SKU-1008,2026-04-18,1,94.99,0.0,Delivered,AZ
ORD-002052,Amazon,SKU-1007,2026-04-18,1,71.24,0.05,Delivered,MA
ORD-002053,Amazon,SKU-1007,2026-05-03,1,74.99,0.0,Delivered,CA
ORD-002054,eBay,SKU-1001,2026-06-25,1,89.99,0.0,Delivered,FL
ORD-002055,Amazon,SKU-1001,2026-07-08,1,85.49,0.05,Delivered,CA
ORD-002056,Amazon,SKU-1004,2026-05-25,2,49.99,0.0,Delivered,WA
ORD-002057,eBay,SKU-1004,2026-06-11,1,39.99,0.2,Delivered,NY
ORD-002058,Amazon,SKU-1006,2026-07-14,1,129.99,0.0,Delivered,CA
ORD-002059,Amazon,SKU-1004,2026-02-12,1,49.99,0.0,Delivered,NY
ORD-002060,eBay,SKU-1002,2026-03-12,1,161.49,0.05,Cancelled,CA
ORD-002061,Amazon,SKU-1008,2026-02-11,1,90.24,0.05,Delivered,NY
ORD-002062,Wayfair,SKU-1008,2026-06-08,1,85.49,0.1,Shipped,TX
ORD-002063,Amazon,SKU-1006,2026-06-02,3,129.99,0.0,Delivered,AZ
ORD-002064,Amazon,SKU-1007,2026-07-22,1,74.99,0.0,Delivered,WA
ORD-002065,Amazon,SKU-1004,2026-07-04,2,49.99,0.0,Shipped,NY
ORD-002066,Wayfair,SKU-1002,2026-04-19,1,152.99,0.1,Delivered,MA
ORD-002067,Wayfair,SKU-1003,2026-03-01,2,237.49,0.05,Shipped,CA
ORD-002068,Amazon,SKU-1008,2026-03-13,3,85.49,0.1,Delivered,NY
ORD-002069,Amazon,SKU-1004,2026-04-19,1,49.99,0.0,Delivered,MA
ORD-002070,Amazon,SKU-1001,2026-02-16,1,80.99,0.1,Delivered,NY
ORD-002071,Wayfair,SKU-1001,2026-03-04,1,85.49,0.05,Cancelled,MA
ORD-002072,Amazon,SKU-1004,2026-05-23,2,49.99,0.0,Delivered,CA
ORD-002073,Amazon,SKU-1001,2026-05-09,2,89.99,0.0,Delivered,IL
ORD-002074,Amazon,SKU-1001,2026-02-25,3,80.99,0.1,Delivered,CA
ORD-002075,Amazon,SKU-1001,2026-02-10,1,71.99,0.2,Delivered,WA
ORD-002076,Amazon,SKU-1007,2026-06-28,1,74.99,0.0,Delivered,CA
ORD-002077,Amazon,SKU-1008,2026-02-12,1,85.49,0.1,Delivered,CA
ORD-002078,Wayfair,SKU-1004,2026-03-01,1,49.99,0.0,Shipped,CA
ORD-002079,Amazon,SKU-1005,2026-05-31,1,139.99,0.0,Delivered,WA
ORD-002080,eBay,SKU-1001,2026-07-28,1,89.99,0.0,Delivered,CA
ORD-002081,Amazon,SKU-1004,2026-06-12,1,47.49,0.05,Shipped,NY
ORD-002082,eBay,SKU-1008,2026-04-22,1,94.99,0.0,Delivered,WA
ORD-002083,Amazon,SKU-1001,2026-03-04,1,71.99,0.2,Delivered,WA
ORD-002084,Amazon,SKU-1003,2026-04-24,1,224.99,0.1,Delivered,CA
ORD-002085,Wayfair,SKU-1005,2026-06-23,2,139.99,0.0,Delivered,AZ
ORD-002086,Amazon,SKU-1006,2026-05-13,1,129.99,0.0,Delivered,AZ
ORD-002087,Amazon,SKU-1002,2026-06-09,1,135.99,0.2,Shipped,AZ
ORD-002088,Wayfair,SKU-1004,2026-05-21,1,39.99,0.2,Delivered,AZ
ORD-002089,Wayfair,SKU-1002,2026-03-16,3,169.99,0.0,Delivered,MA
ORD-002090,Wayfair,SKU-1001,2026-04-04,1,85.49,0.05,Delivered,CA
ORD-002091,Amazon,SKU-1002,2026-02-04,1,152.99,0.1,Shipped,NY
ORD-002092,Amazon,SKU-1001,2026-06-10,1,89.99,0.0,Delivered,AZ
ORD-002093,Amazon,SKU-1006,2026-05-13,2,103.99,0.2,Delivered,FL
ORD-002094,Wayfair,SKU-1004,2026-02-12,1,44.99,0.1,Delivered,FL
ORD-002095,Amazon,SKU-1007,2026-04-28,1,71.24,0.05,Cancelled,CA
ORD-002096,Amazon,SKU-1007,2026-05-31,3,71.24,0.05,Delivered,TX
ORD-002097,Amazon,SKU-1005,2026-04-19,2,118.99,0.15,Shipped,WA
ORD-002098,Amazon,SKU-1005,2026-02-03,1,139.99,0.0,Delivered,NY
ORD-002099,Amazon,SKU-1004,2026-02-21,2,49.99,0.0,Shipped,FL
ORD-002100,Amazon,SKU-1004,2026-07-15,2,44.99,0.1,Delivered,NY
ORD-002101,Amazon,SKU-1005,2026-06-23,1,139.99,0.0,Delivered,MA
ORD-002102,Amazon,SKU-1005,2026-06-21,1,139.99,0.0,Delivered,TX
ORD-002103,Amazon,SKU-1002,2026-02-27,1,152.99,0.1,Delivered,WA
ORD-002104,Amazon,SKU-1006,2026-05-22,1,129.99,0.0,Delivered,MA
ORD-002105,Amazon,SKU-1003,2026-06-22,1,249.99,0.0,Delivered,CA
ORD-002106,Wayfair,SKU-1008,2026-02-18,2,85.49,0.1,Delivered,MA
ORD-002107,Amazon,SKU-1001,2026-03-05,1,80.99,0.1,Delivered,FL
ORD-002108,eBay,SKU-1004,2026-02-23,1,49.99,0.0,Delivered,IL
ORD-002109,Amazon,SKU-1004,2026-02-06,3,47.49,0.05,Cancelled,IL
ORD-002110,Amazon,SKU-1008,2026-04-30,1,85.49,0.1,Delivered,NY
ORD-002111,eBay,SKU-1008,2026-02-09,1,94.99,0.0,Delivered,CA
ORD-002112,Wayfair,SKU-1004,2026-03-28,1,47.49,0.05,Delivered,FL
ORD-002113,Wayfair,SKU-1006,2026-04-01,2,110.49,0.15,Shipped,FL
ORD-002114,Amazon,SKU-1004,2026-05-07,1,49.99,0.0,Delivered,CA
ORD-002115,Wayfair,SKU-1003,2026-05-08,1,249.99,0.0,Shipped,MA
ORD-002116,Amazon,SKU-1007,2026-02-26,1,71.24,0.05,Delivered,CA
ORD-002117,Wayfair,SKU-1004,2026-04-30,1,44.99,0.1,Shipped,WA
ORD-002118,Amazon,SKU-1002,2026-05-21,1,144.49,0.15,Delivered,TX
ORD-002119,Amazon,SKU-1008,2026-04-09,2,75.99,0.2,Delivered,AZ
ORD-002120,Wayfair,SKU-1008,2026-05-06,1,94.99,0.0,Delivered,CA
ORD-002121,Amazon,SKU-1008,2026-02-25,2,80.74,0.15,Delivered,AZ
ORD-002122,Amazon,SKU-1003,2026-04-10,2,249.99,0.0,Delivered,FL
ORD-002123,Amazon,SKU-1005,2026-02-14,1,118.99,0.15,Delivered,FL
ORD-002124,Wayfair,SKU-1007,2026-06-22,3,63.74,0.15,Delivered,AZ
ORD-002125,Amazon,SKU-1006,2026-05-16,2,129.99,0.0,Delivered,NY
ORD-002126,Amazon,SKU-1006,2026-02-15,1,129.99,0.0,Delivered,CA
ORD-002127,Amazon,SKU-1008,2026-05-05,1,94.99,0.0,Delivered,MA
ORD-002128,Amazon,SKU-1008,2026-04-28,1,90.24,0.05,Delivered,AZ
ORD-002129,Amazon,SKU-1005,2026-03-29,2,139.99,0.0,Delivered,IL
ORD-002130,Amazon,SKU-1006,2026-05-17,1,123.49,0.05,Delivered,IL
ORD-002131,Amazon,SKU-1007,2026-06-22,1,74.99,0.0,Delivered,NY
ORD-002132,Amazon,SKU-1007,2026-03-08,1,71.24,0.05,Delivered,TX
ORD-002133,Wayfair,SKU-1002,2026-03-05,2,169.99,0.0,Delivered,CA
ORD-002134,eBay,SKU-1001,2026-04-07,1,85.49,0.05,Shipped,FL
ORD-002135,Amazon,SKU-1008,2026-02-12,1,94.99,0.0,Delivered,CA
ORD-002136,Wayfair,SKU-1004,2026-04-13,3,47.49,0.05,Delivered,WA
ORD-002137,Amazon,SKU-1007,2026-03-01,1,74.99,0.0,Delivered,WA
ORD-002138,Amazon,SKU-1001,2026-05-18,1,85.49,0.05,Delivered,WA
ORD-002139,Amazon,SKU-1007,2026-05-12,1,63.74,0.15,Shipped,WA
ORD-002140,Wayfair,SKU-1004,2026-05-24,1,49.99,0.0,Delivered,CA
ORD-002141,Amazon,SKU-1008,2026-05-30,1,94.99,0.0,Delivered,TX
ORD-002142,Amazon,SKU-1003,2026-02-05,1,224.99,0.1,Delivered,NY
ORD-002143,Amazon,SKU-1003,2026-03-25,1,249.99,0.0,Delivered,NY
ORD-002144,Amazon,SKU-1002,2026-03-08,1,169.99,0.0,Delivered,CA
ORD-002145,Amazon,SKU-1008,2026-03-11,1,85.49,0.1,Delivered,WA
ORD-002146,eBay,SKU-1002,2026-04-22,2,169.99,0.0,Delivered,AZ
ORD-002147,Amazon,SKU-1002,2026-04-05,2,152.99,0.1,Delivered,FL
ORD-002148,Amazon,SKU-1007,2026-03-20,1,59.99,0.2,Delivered,MA
ORD-002149,eBay,SKU-1003,2026-06-23,1,249.99,0.0,Delivered,CA
ORD-002150,eBay,SKU-1006,2026-05-21,1,116.99,0.1,Delivered,FL
ORD-002151,Wayfair,SKU-1006,2026-06-26,1,129.99,0.0,Delivered,CA
ORD-002152,Amazon,SKU-1002,2026-04-29,1,152.99,0.1,Delivered,NY
ORD-002153,Amazon,SKU-1004,2026-07-28,1,47.49,0.05,Delivered,NY
ORD-002154,Amazon,SKU-1001,2026-06-18,4,89.99,0.0,Delivered,MA
ORD-002155,Amazon,SKU-1004,2026-03-28,1,49.99,0.0,Delivered,AZ
ORD-002156,Wayfair,SKU-1004,2026-07-16,1,49.99,0.0,Delivered,TX
ORD-002157,Amazon,SKU-1002,2026-04-07,2,161.49,0.05,Delivered,IL
ORD-002158,eBay,SKU-1001,2026-06-20,1,80.99,0.1,Delivered,MA
ORD-002159,Wayfair,SKU-1004,2026-05-18,2,49.99,0.0,Delivered,TX
ORD-002160,Amazon,SKU-1005,2026-07-30,1,139.99,0.0,Delivered,WA
ORD-002161,Amazon,SKU-1001,2026-07-12,1,80.99,0.1,Delivered,IL
ORD-002162,Amazon,SKU-1002,2026-03-19,1,169.99,0.0,Delivered,NY
ORD-002163,Amazon,SKU-1006,2026-03-08,1,116.99,0.1,Delivered,TX
ORD-002164,eBay,SKU-1007,2026-07-27,1,67.49,0.1,Shipped,CA
ORD-002165,Amazon,SKU-1003,2026-02-10,1,224.99,0.1,Delivered,CA
ORD-002166,Amazon,SKU-1007,2026-03-13,1,74.99,0.0,Delivered,CA
ORD-002167,eBay,SKU-1006,2026-07-25,1,110.49,0.15,Delivered,MA
ORD-002168,Amazon,SKU-1005,2026-05-28,1,111.99,0.2,Delivered,FL
ORD-002169,Amazon,SKU-1008,2026-07-08,2,94.99,0.0,Delivered,FL
ORD-002170,eBay,SKU-1008,2026-02-07,1,94.99,0.0,Delivered,NY
ORD-002171,eBay,SKU-1001,2026-07-29,1,89.99,0.0,Delivered,FL
ORD-002172,Amazon,SKU-1007,2026-05-14,3,71.24,0.05,Delivered,CA
ORD-002173,Amazon,SKU-1004,2026-04-02,2,49.99,0.0,Delivered,AZ
ORD-002174,Amazon,SKU-1004,2026-06-19,1,49.99,0.0,Delivered,TX
ORD-002175,Amazon,SKU-1003,2026-03-19,1,237.49,0.05,Shipped,CA
ORD-002176,eBay,SKU-1007,2026-02-24,1,71.24,0.05,Delivered,WA
ORD-002177,eBay,SKU-1004,2026-04-25,1,44.99,0.1,Cancelled,TX
ORD-002178,Amazon,SKU-1001,2026-02-08,2,80.99,0.1,Shipped,WA
ORD-002179,Amazon,SKU-1001,2026-07-15,1,89.99,0.0,Delivered,MA
ORD-002180,eBay,SKU-1001,2026-06-19,1,89.99,0.0,Delivered,MA
ORD-002181,Amazon,SKU-1001,2026-05-03,1,80.99,0.1,Shipped,NY
ORD-002182,Amazon,SKU-1003,2026-03-14,1,224.99,0.1,Delivered,FL
ORD-002183,Amazon,SKU-1004,2026-02-21,1,44.99,0.1,Delivered,FL
ORD-002184,Amazon,SKU-1001,2026-02-12,1,85.49,0.05,Delivered,CA
ORD-002185,Wayfair,SKU-1006,2026-05-09,1,129.99,0.0,Delivered,FL
ORD-002186,Amazon,SKU-1004,2026-06-26,1,49.99,0.0,Shipped,FL
ORD-002187,Amazon,SKU-1008,2026-02-14,1,85.49,0.1,Shipped,NY
ORD-002188,eBay,SKU-1001,2026-07-12,1,89.99,0.0,Delivered,FL
ORD-002189,Amazon,SKU-1005,2026-05-03,2,139.99,0.0,Delivered,WA
ORD-002190,Wayfair,SKU-1008,2026-03-21,1,94.99,0.0,Shipped,MA
ORD-002191,Amazon,SKU-1007,2026-06-17,1,71.24,0.05,Delivered,CA
ORD-002192,Amazon,SKU-1005,2026-07-16,1,111.99,0.2,Delivered,MA
ORD-002193,Amazon,SKU-1004,2026-03-22,1,49.99,0.0,Delivered,CA
ORD-002194,eBay,SKU-1001,2026-07-10,1,80.99,0.1,Delivered,WA
ORD-002195,Amazon,SKU-1006,2026-04-19,1,129.99,0.0,Delivered,WA
ORD-002196,eBay,SKU-1003,2026-06-17,1,249.99,0.0,Cancelled,TX
ORD-002197,Amazon,SKU-1004,2026-05-12,1,39.99,0.2,Delivered,TX
ORD-002198,eBay,SKU-1007,2026-02-12,1,67.49,0.1,Delivered,TX
ORD-002199,Amazon,SKU-1004,2026-03-23,3,42.49,0.15,Delivered,CA
ORD-002200,Amazon,SKU-1003,2026-04-14,2,237.49,0.05,Delivered,FL
ORD-002201,Amazon,SKU-1008,2026-03-31,2,94.99,0.0,Delivered,NY
ORD-002202,Wayfair,SKU-1002,2026-04-27,2,169.99,0.0,Delivered,WA
ORD-002203,Amazon,SKU-1006,2026-04-17,1,129.99,0.0,Shipped,TX
ORD-002204,Amazon,SKU-1008,2026-05-03,1,90.24,0.05,Delivered,AZ
ORD-002205,eBay,SKU-1001,2026-03-10,2,89.99,0.0,Delivered,NY
ORD-002206,Wayfair,SKU-1004,2026-03-05,1,47.49,0.05,Delivered,FL
ORD-002207,Amazon,SKU-1005,2026-03-29,1,132.99,0.05,Cancelled,CA
ORD-002208,Amazon,SKU-1004,2026-02-21,3,42.49,0.15,Delivered,NY
ORD-002209,Amazon,SKU-1007,2026-05-12,1,59.99,0.2,Shipped,IL
ORD-002210,Amazon,SKU-1006,2026-02-04,1,129.99,0.0,Shipped,MA
ORD-002211,Amazon,SKU-1001,2026-05-19,1,89.99,0.0,Delivered,MA
ORD-002212,Amazon,SKU-1002,2026-06-02,1,161.49,0.05,Delivered,IL
ORD-002213,Wayfair,SKU-1005,2026-05-19,3,118.99,0.15,Delivered,NY
ORD-002214,Amazon,SKU-1005,2026-02-16,1,132.99,0.05,Shipped,AZ
ORD-002215,Amazon,SKU-1005,2026-03-01,1,139.99,0.0,Delivered,NY
ORD-002216,eBay,SKU-1007,2026-05-17,1,67.49,0.1,Delivered,CA
ORD-002217,Amazon,SKU-1005,2026-04-04,1,139.99,0.0,Delivered,CA
ORD-002218,eBay,SKU-1008,2026-04-18,1,90.24,0.05,Delivered,CA
ORD-002219,Amazon,SKU-1003,2026-04-29,1,212.49,0.15,Delivered,MA
ORD-002220,Amazon,SKU-1006,2026-02-26,1,129.99,0.0,Shipped,CA
ORD-002221,Amazon,SKU-1001,2026-02-16,1,89.99,0.0,Delivered,AZ
ORD-002222,Wayfair,SKU-1001,2026-02-08,1,80.99,0.1,Delivered,MA
ORD-002223,Wayfair,SKU-1002,2026-03-29,1,169.99,0.0,Delivered,NY
ORD-002224,Amazon,SKU-1004,2026-03-01,1,42.49,0.15,Delivered,FL
ORD-002225,eBay,SKU-1008,2026-06-16,2,94.99,0.0,Cancelled,CA
ORD-002226,Amazon,SKU-1003,2026-06-17,4,224.99,0.1,Delivered,TX
ORD-002227,Wayfair,SKU-1007,2026-06-17,1,74.99,0.0,Delivered,NY
ORD-002228,Amazon,SKU-1006,2026-07-22,1,116.99,0.1,Delivered,IL
ORD-002229,Wayfair,SKU-1004,2026-06-30,2,44.99,0.1,Delivered,CA
ORD-002230,Wayfair,SKU-1001,2026-04-08,1,89.99,0.0,Delivered,WA
ORD-002231,eBay,SKU-1005,2026-07-11,1,139.99,0.0,Shipped,TX
ORD-002232,eBay,SKU-1004,2026-07-05,2,44.99,0.1,Delivered,AZ
ORD-002233,Amazon,SKU-1001,2026-03-11,1,89.99,0.0,Delivered,MA
ORD-002234,Amazon,SKU-1002,2026-02-28,1,152.99,0.1,Delivered,FL
ORD-002235,Wayfair,SKU-1007,2026-03-18,2,74.99,0.0,Shipped,IL
ORD-002236,eBay,SKU-1002,2026-05-23,1,161.49,0.05,Delivered,NY
ORD-002237,Wayfair,SKU-1006,2026-06-03,1,123.49,0.05,Processing,NY
ORD-002238,eBay,SKU-1008,2026-03-18,2,94.99,0.0,Delivered,WA
ORD-002239,Amazon,SKU-1004,2026-07-23,1,42.49,0.15,Delivered,AZ
ORD-002240,eBay,SKU-1004,2026-06-25,2,44.99,0.1,Cancelled,IL
ORD-002241,Wayfair,SKU-1008,2026-07-21,1,94.99,0.0,Delivered,FL
ORD-002242,Amazon,SKU-1003,2026-03-11,1,224.99,0.1,Delivered,CA
ORD-002243,Amazon,SKU-1006,2026-06-22,1,129.99,0.0,Delivered,CA
ORD-002244,Amazon,SKU-1007,2026-06-05,2,74.99,0.0,Shipped,AZ
ORD-002245,Wayfair,SKU-1007,2026-04-23,1,59.99,0.2,Delivered,TX
ORD-002246,Amazon,SKU-1002,2026-06-20,1,161.49,0.05,Delivered,AZ
ORD-002247,Wayfair,SKU-1002,2026-02-09,2,169.99,0.0,Delivered,CA
ORD-002248,Amazon,SKU-1006,2026-07-05,1,110.49,0.15,Delivered,CA
ORD-002249,eBay,SKU-1007,2026-06-10,1,74.99,0.0,Delivered,FL
ORD-002250,Wayfair,SKU-1007,2026-02-08,1,74.99,0.0,Delivered,FL
ORD-002251,Amazon,SKU-1002,2026-07-07,1,152.99,0.1,Delivered,NY
ORD-002252,eBay,SKU-1002,2026-03-24,2,135.99,0.2,Delivered,FL
ORD-002253,Amazon,SKU-1001,2026-07-15,1,89.99,0.0,Delivered,NY
ORD-002254,Amazon,SKU-1003,2026-05-27,2,224.99,0.1,Delivered,NY
ORD-002255,Amazon,SKU-1001,2026-02-06,1,89.99,0.0,Shipped,WA
ORD-002256,Wayfair,SKU-1007,2026-02-14,4,71.24,0.05,Delivered,CA
ORD-002257,Amazon,SKU-1007,2026-06-16,1,74.99,0.0,Cancelled,CA
ORD-002258,Amazon,SKU-1004,2026-03-07,3,49.99,0.0,Delivered,CA
ORD-002259,Wayfair,SKU-1003,2026-03-01,1,212.49,0.15,Delivered,CA
ORD-002260,Wayfair,SKU-1008,2026-07-25,1,90.24,0.05,Delivered,CA
ORD-002261,Amazon,SKU-1007,2026-06-13,3,74.99,0.0,Delivered,FL
ORD-002262,Amazon,SKU-1008,2026-03-22,1,94.99,0.0,Delivered,TX
ORD-002263,Amazon,SKU-1002,2026-03-17,2,169.99,0.0,Delivered,NY
ORD-002264,Wayfair,SKU-1004,2026-02-26,1,49.99,0.0,Delivered,NY
ORD-002265,Wayfair,SKU-1006,2026-05-14,1,129.99,0.0,Delivered,NY
ORD-002266,eBay,SKU-1007,2026-03-17,3,74.99,0.0,Shipped,WA
ORD-002267,Wayfair,SKU-1007,2026-07-02,1,74.99,0.0,Delivered,TX
ORD-002268,Amazon,SKU-1008,2026-06-28,1,85.49,0.1,Delivered,IL
ORD-002269,Amazon,SKU-1005,2026-05-22,2,139.99,0.0,Shipped,TX
ORD-002270,Amazon,SKU-1001,2026-06-21,1,89.99,0.0,Delivered,TX
ORD-002271,Wayfair,SKU-1007,2026-02-07,1,67.49,0.1,Delivered,WA
ORD-002272,Wayfair,SKU-1004,2026-03-04,1,44.99,0.1,Delivered,MA
ORD-002273,Amazon,SKU-1002,2026-03-11,2,169.99,0.0,Delivered,NY
ORD-002274,eBay,SKU-1001,2026-03-17,1,85.49,0.05,Delivered,CA
ORD-002275,eBay,SKU-1008,2026-07-20,1,85.49,0.1,Delivered,NY
ORD-002276,Amazon,SKU-1001,2026-06-27,1,89.99,0.0,Delivered,MA
ORD-002277,Amazon,SKU-1001,2026-04-26,1,71.99,0.2,Delivered,MA
ORD-002278,Amazon,SKU-1004,2026-07-26,1,49.99,0.0,Delivered,TX
ORD-002279,Amazon,SKU-1004,2026-03-14,1,42.49,0.15,Shipped,IL
ORD-002280,eBay,SKU-1008,2026-04-01,1,90.24,0.05,Cancelled,FL
ORD-002281,Amazon,SKU-1006,2026-04-17,1,129.99,0.0,Delivered,AZ
ORD-002282,Amazon,SKU-1005,2026-02-18,1,139.99,0.0,Delivered,FL
ORD-002283,Wayfair,SKU-1004,2026-02-11,1,49.99,0.0,Delivered,CA
ORD-002284,Amazon,SKU-1008,2026-05-12,1,90.24,0.05,Cancelled,CA
ORD-002285,Amazon,SKU-1008,2026-05-10,2,75.99,0.2,Delivered,FL
ORD-002286,Amazon,SKU-1008,2026-06-18,1,90.24,0.05,Shipped,FL
ORD-002287,Amazon,SKU-1004,2026-03-13,2,49.99,0.0,Delivered,CA
ORD-002288,Amazon,SKU-1008,2026-07-16,1,85.49,0.1,Delivered,WA
ORD-002289,eBay,SKU-1006,2026-05-07,1,129.99,0.0,Delivered,AZ
ORD-002290,Wayfair,SKU-1003,2026-05-10,2,249.99,0.0,Delivered,CA
ORD-002291,Amazon,SKU-1006,2026-06-20,1,116.99,0.1,Shipped,TX
ORD-002292,Amazon,SKU-1002,2026-05-30,1,169.99,0.0,Delivered,IL
ORD-002293,eBay,SKU-1003,2026-07-14,3,224.99,0.1,Delivered,AZ
ORD-002294,Wayfair,SKU-1007,2026-03-30,2,74.99,0.0,Cancelled,MA
ORD-002295,Amazon,SKU-1008,2026-03-16,1,85.49,0.1,Delivered,CA
ORD-002296,eBay,SKU-1007,2026-06-05,1,59.99,0.2,Delivered,MA
ORD-002297,Wayfair,SKU-1002,2026-03-30,2,169.99,0.0,Delivered,IL
ORD-002298,Amazon,SKU-1003,2026-06-11,1,224.99,0.1,Delivered,CA
ORD-002299,Amazon,SKU-1005,2026-05-11,3,132.99,0.05,Delivered,TX
ORD-002300,eBay,SKU-1004,2026-04-09,1,49.99,0.0,Delivered,CA
ORD-002301,Amazon,SKU-1006,2026-06-29,1,116.99,0.1,Delivered,FL
ORD-002302,Amazon,SKU-1002,2026-08-01,1,169.99,0.0,Shipped,CA
ORD-002303,Amazon,SKU-1003,2026-02-24,1,249.99,0.0,Delivered,TX
ORD-002304,eBay,SKU-1001,2026-05-06,1,89.99,0.0,Delivered,WA
ORD-002305,Amazon,SKU-1008,2026-05-22,1,94.99,0.0,Delivered,FL
ORD-002306,Amazon,SKU-1008,2026-07-16,2,94.99,0.0,Delivered,CA
ORD-002307,Amazon,SKU-1007,2026-05-11,1,59.99,0.2,Delivered,FL
ORD-002308,Amazon,SKU-1004,2026-03-07,2,49.99,0.0,Delivered,TX
ORD-002309,Amazon,SKU-1004,2026-05-02,1,42.49,0.15,Delivered,FL
ORD-002310,eBay,SKU-1008,2026-05-19,1,94.99,0.0,Delivered,NY
ORD-002311,Amazon,SKU-1007,2026-05-26,1,63.74,0.15,Delivered,WA
ORD-002312,Wayfair,SKU-1004,2026-07-23,1,47.49,0.05,Delivered,NY
ORD-002313,Wayfair,SKU-1003,2026-07-09,1,237.49,0.05,Processing,FL
ORD-002314,Amazon,SKU-1001,2026-07-29,1,89.99,0.0,Delivered,AZ
ORD-002315,,SKU-1008,2026-04-21,1,94.99,0.0,Delivered,TX
ORD-002316,Amazon,SKU-1008,2026-03-03,2,80.74,0.15,Delivered,CA
ORD-002317,Amazon,SKU-1003,2026-03-26,1,249.99,0.0,Delivered,WA
ORD-002318,Amazon,SKU-1003,2026-06-15,1,249.99,0.0,Delivered,MA
ORD-002319,Amazon,SKU-1004,2026-07-28,4,49.99,0.0,Delivered,WA
ORD-002320,Wayfair,SKU-1004,2026-07-16,1,44.99,0.1,Delivered,AZ
ORD-002321,eBay,SKU-1008,2026-05-07,1,75.99,0.2,Delivered,CA
ORD-002322,eBay,SKU-1007,2026-03-01,2,74.99,0.0,Delivered,CA
ORD-002323,Wayfair,SKU-1001,2026-02-03,1,85.49,0.05,Delivered,IL
ORD-002324,Amazon,SKU-1008,2026-05-19,1,94.99,0.0,Delivered,NY
ORD-002325,Amazon,SKU-1001,2026-06-02,1,80.99,0.1,Delivered,CA
ORD-002326,Amazon,SKU-1002,2026-05-31,1,152.99,0.1,Delivered,FL
ORD-002327,Amazon,SKU-1004,2026-06-28,3,49.99,0.0,Delivered,FL
ORD-002328,eBay,SKU-1007,2026-05-29,1,71.24,0.05,Delivered,CA
ORD-002329,Wayfair,SKU-1001,2026-05-25,3,85.49,0.05,Delivered,NY
ORD-002330,Amazon,SKU-1002,2026-03-29,3,161.49,0.05,Cancelled,MA
ORD-002331,Amazon,SKU-1008,2026-03-18,1,75.99,0.2,Delivered,CA
ORD-002332,Amazon,SKU-1004,2026-02-27,2,44.99,0.1,Delivered,FL
ORD-002333,Amazon,SKU-1005,2026-06-22,1,118.99,0.15,Delivered,TX
ORD-002334,eBay,SKU-1008,2026-06-20,1,90.24,0.05,Delivered,NY
ORD-002335,eBay,SKU-1004,2026-06-08,1,44.99,0.1,Delivered,MA
ORD-002336,Amazon,SKU-1005,2026-04-07,1,111.99,0.2,Delivered,WA
ORD-002337,Wayfair,SKU-1001,2026-07-06,2,76.49,0.15,Delivered,CA
ORD-002338,Amazon,SKU-1002,2026-02-16,1,152.99,0.1,Delivered,IL
ORD-002339,eBay,SKU-1008,2026-03-28,1,80.74,0.15,Delivered,FL
ORD-002340,Wayfair,SKU-1004,2026-04-05,1,49.99,0.0,Delivered,MA
ORD-002341,Amazon,SKU-1001,2026-02-15,1,89.99,0.0,Delivered,TX
ORD-002342,eBay,SKU-1004,2026-07-27,2,47.49,0.05,Delivered,FL
ORD-002343,Amazon,SKU-1003,2026-08-01,2,224.99,0.1,Delivered,TX
ORD-002344,Wayfair,SKU-1004,2026-02-12,1,49.99,0.0,Delivered,MA
ORD-002345,Wayfair,SKU-1005,2026-06-28,1,132.99,0.05,Delivered,AZ
ORD-002346,Wayfair,SKU-1008,2026-06-28,2,80.74,0.15,Delivered,CA
ORD-002347,eBay,SKU-1005,2026-07-02,2,125.99,0.1,Delivered,CA
ORD-002348,Wayfair,SKU-1002,2026-06-12,1,161.49,0.05,Delivered,CA
ORD-002349,Amazon,SKU-1004,2026-03-27,1,47.49,0.05,Delivered,CA
ORD-002350,eBay,SKU-1004,2026-03-12,1,49.99,0.0,Shipped,MA
ORD-002351,Amazon,SKU-1008,2026-07-21,1,94.99,0.0,Delivered,WA
ORD-002352,Amazon,SKU-1001,2026-02-28,1,89.99,0.0,Delivered,WA
ORD-002353,eBay,SKU-1004,2026-07-21,2,47.49,0.05,Delivered,TX
ORD-002354,eBay,SKU-1008,2026-03-28,1,90.24,0.05,Delivered,TX
ORD-002355,eBay,SKU-1004,2026-05-29,1,44.99,0.1,Delivered,FL
ORD-002356,eBay,SKU-1001,2026-03-19,1,89.99,0.0,Shipped,WA
ORD-002357,Amazon,SKU-1005,2026-04-29,2,132.99,0.05,Delivered,CA
ORD-002358,Amazon,SKU-1005,2026-02-06,2,132.99,0.05,Delivered,TX
ORD-002359,eBay,SKU-1008,2026-02-18,2,85.49,0.1,Delivered,MA
ORD-002360,Amazon,SKU-1006,2026-05-01,1,116.99,0.1,Delivered,CA
ORD-002361,Wayfair,SKU-1001,2026-03-04,1,89.99,0.0,Delivered,FL
ORD-002362,Amazon,SKU-1004,2026-03-07,1,49.99,0.0,Delivered,AZ
ORD-002363,Amazon,SKU-1007,2026-06-05,3,74.99,0.0,Delivered,CA
ORD-002364,Amazon,SKU-1002,2026-02-17,1,161.49,0.05,Delivered,WA
ORD-002365,Amazon,SKU-1001,2026-07-03,1,89.99,0.0,Delivered,TX
ORD-002366,Wayfair,SKU-1006,2026-04-30,1,103.99,0.2,Delivered,AZ
ORD-002367,Amazon,SKU-1005,2026-07-31,2,139.99,0.0,Delivered,CA
ORD-002368,Wayfair,SKU-1005,2026-05-16,3,132.99,0.05,Delivered,NY
ORD-002369,eBay,SKU-1004,2026-07-11,1,49.99,0.0,Delivered,MA
ORD-002370,Amazon,SKU-1003,2026-03-18,3,249.99,0.0,Shipped,CA
ORD-002371,Amazon,SKU-1007,2026-02-02,1,71.24,0.05,Delivered,IL
ORD-002372,Amazon,SKU-1004,2026-02-08,2,44.99,0.1,Delivered,TX
ORD-002373,Amazon,SKU-1004,2026-02-25,1,49.99,0.0,Delivered,CA
ORD-002374,eBay,SKU-1001,2026-05-06,1,89.99,0.0,Delivered,WA
ORD-002375,eBay,SKU-1008,2026-05-31,1,90.24,0.05,Delivered,CA
ORD-002376,eBay,SKU-1001,2026-04-28,1,89.99,0.0,Shipped,TX
ORD-002377,Amazon,SKU-1004,2026-04-19,1,49.99,0.0,Delivered,CA
ORD-002378,Amazon,SKU-1001,2026-05-02,1,85.49,0.05,Delivered,NY
ORD-002379,Amazon,SKU-1004,2026-02-09,1,47.49,0.05,Delivered,MA
ORD-002380,eBay,SKU-1007,2026-07-07,1,67.49,0.1,Delivered,NY
ORD-002381,Amazon,SKU-1002,2026-05-13,1,169.99,0.0,Delivered,CA
ORD-002382,Amazon,SKU-1002,2026-06-03,1,169.99,0.0,Delivered,NY
ORD-002383,Wayfair,SKU-1001,2026-07-12,1,80.99,0.1,Shipped,CA
ORD-002384,eBay,SKU-1005,2026-03-05,3,139.99,0.0,Delivered,TX
ORD-002385,eBay,SKU-1002,2026-06-23,1,152.99,0.1,Delivered,AZ
ORD-002386,Amazon,SKU-1005,2026-02-02,1,125.99,0.1,Delivered,TX
ORD-002387,Amazon,SKU-1002,2026-07-07,1,152.99,0.1,Delivered,AZ
ORD-002388,Wayfair,SKU-1007,2026-05-14,2,71.24,0.05,Delivered,TX
ORD-002389,Amazon,SKU-1001,2026-05-25,1,80.99,0.1,Delivered,FL
ORD-002390,Amazon,SKU-1003,2026-05-10,3,249.99,0.0,Delivered,MA
ORD-002391,Amazon,SKU-1004,2026-04-06,1,49.99,0.0,Delivered,CA
ORD-002392,Wayfair,SKU-1006,2026-07-23,1,129.99,0.0,Delivered,CA
ORD-002393,Wayfair,SKU-1005,2026-02-19,2,118.99,0.15,Delivered,NY
ORD-002394,eBay,SKU-1008,2026-02-08,1,94.99,0.0,Delivered,AZ
ORD-002395,Amazon,SKU-1007,2026-05-18,1,74.99,0.0,Delivered,CA
ORD-002396,eBay,SKU-1007,2026-02-26,2,63.74,0.15,Delivered,MA
ORD-002397,Amazon,SKU-1001,2026-07-31,2,85.49,0.05,Delivered,AZ
ORD-002398,Amazon,SKU-1007,2026-03-11,2,74.99,0.0,Delivered,CA
ORD-002399,Amazon,SKU-1007,2026-07-02,3,63.74,0.15,Delivered,IL
ORD-002400,Wayfair,SKU-1007,2026-05-15,2,74.99,0.0,Delivered,IL
ORD-002401,Wayfair,SKU-1004,2026-05-04,1,44.99,0.1,Delivered,MA
ORD-002402,Amazon,SKU-1008,2026-02-04,1,94.99,0.0,Delivered,FL
ORD-002403,Amazon,SKU-1004,2026-07-22,1,42.49,0.15,Shipped,NY
ORD-002404,eBay,SKU-1001,2026-02-25,2,80.99,0.1,Delivered,FL
ORD-002405,Wayfair,SKU-1004,2026-04-12,2,47.49,0.05,Delivered,AZ
ORD-002406,eBay,SKU-1001,2026-05-13,1,71.99,0.2,Delivered,NY
ORD-002407,Amazon,SKU-1005,2026-07-02,1,125.99,0.1,Delivered,IL
ORD-002408,Amazon,SKU-1007,2026-05-03,1,71.24,0.05,Delivered,TX
ORD-002409,eBay,SKU-1004,2026-07-28,1,49.99,0.0,Delivered,TX
ORD-002410,Amazon,SKU-1007,2026-07-20,1,74.99,0.0,Delivered,CA
ORD-002411,Amazon,SKU-1005,2026-07-15,1,132.99,0.05,Delivered,TX
ORD-002412,eBay,SKU-1002,2026-02-08,1,161.49,0.05,Delivered,NY
ORD-002413,Amazon,SKU-1001,2026-05-11,1,71.99,0.2,Delivered,IL
ORD-002414,Amazon,SKU-1007,2026-06-20,1,74.99,0.0,Cancelled,MA
ORD-002415,Amazon,SKU-1007,2026-05-15,1,71.24,0.05,Delivered,AZ
ORD-002416,Amazon,SKU-1001,2026-06-04,1,71.99,0.2,Delivered,FL
ORD-002417,Amazon,SKU-1001,2026-02-18,1,89.99,0.0,Cancelled,CA
ORD-002418,Wayfair,SKU-1008,2026-04-06,1,85.49,0.1,Delivered,IL
ORD-002419,Wayfair,SKU-1008,2026-05-17,1,94.99,0.0,Delivered,AZ
ORD-002420,Wayfair,SKU-1003,2026-02-13,3,249.99,0.0,Delivered,NY
ORD-002421,eBay,SKU-1007,2026-03-16,1,59.99,0.2,Delivered,NY
ORD-002422,eBay,SKU-1002,2026-05-22,1,169.99,0.0,Delivered,TX
ORD-002423,Amazon,SKU-1001,2026-05-15,2,85.49,0.05,Delivered,AZ
ORD-002424,Amazon,SKU-1008,2026-06-14,1,94.99,0.0,Delivered,IL
ORD-002425,Amazon,SKU-1005,2026-02-02,2,132.99,0.05,Delivered,CA
ORD-002426,Amazon,SKU-1001,2026-06-14,2,89.99,0.0,Delivered,TX
ORD-002427,Amazon,SKU-1002,2026-05-09,3,161.49,0.05,Delivered,FL
ORD-002428,Amazon,SKU-1007,2026-06-30,1,71.24,0.05,Delivered,MA
ORD-002429,Amazon,SKU-1004,2026-02-25,1,47.49,0.05,Cancelled,IL
ORD-002430,Amazon,SKU-1001,2026-03-08,2,80.99,0.1,Delivered,WA
ORD-002431,Amazon,SKU-1004,2026-07-30,3,42.49,0.15,Delivered,CA
ORD-002432,Amazon,SKU-1004,2026-02-17,1,47.49,0.05,Delivered,FL
ORD-002433,Amazon,SKU-1004,2026-04-06,1,44.99,0.1,Delivered,FL
ORD-002434,Amazon,SKU-1002,2026-02-16,1,169.99,0.0,Delivered,WA
ORD-002435,Wayfair,SKU-1005,2026-04-19,1,132.99,0.05,Delivered,TX
ORD-002436,Amazon,SKU-1003,2026-04-13,2,224.99,0.1,Delivered,NY
ORD-002437,Amazon,SKU-1004,2026-05-24,1,49.99,0.0,Shipped,TX
ORD-002438,Amazon,SKU-1004,2026-05-26,1,42.49,0.15,Delivered,IL
ORD-002439,Amazon,SKU-1003,2026-03-30,1,237.49,0.05,Delivered,NY
ORD-002440,eBay,SKU-1002,2026-04-09,2,144.49,0.15,Shipped,AZ
ORD-002441,Amazon,SKU-1002,2026-07-31,1,169.99,0.0,Delivered,FL
ORD-002442,Wayfair,SKU-1003,2026-02-04,1,224.99,0.1,Delivered,CA
ORD-002443,Amazon,SKU-1002,2026-05-28,1,144.49,0.15,Delivered,NY
ORD-002444,eBay,SKU-1004,2026-07-08,1,49.99,0.0,Delivered,TX
ORD-002445,Amazon,SKU-1008,2026-06-10,2,94.99,0.0,Shipped,WA
ORD-002446,Amazon,SKU-1008,2026-06-19,1,90.24,0.05,Delivered,NY
ORD-002447,Wayfair,SKU-1006,2026-03-06,1,129.99,0.0,Delivered,AZ
ORD-002448,Wayfair,SKU-1003,2026-02-05,3,249.99,0.0,Delivered,WA
ORD-002449,Wayfair,SKU-1007,2026-07-15,2,74.99,0.0,Delivered,AZ
ORD-002450,Amazon,SKU-1001,2026-04-01,2,76.49,0.15,Delivered,NY
ORD-002451,eBay,SKU-1006,2026-06-18,1,123.49,0.05,Cancelled,WA
ORD-002452,Amazon,SKU-1003,2026-06-13,1,249.99,0.0,Delivered,WA
ORD-002453,Amazon,SKU-1002,2026-04-07,1,152.99,0.1,Delivered,CA
ORD-002454,Amazon,SKU-1006,2026-04-21,1,129.99,0.0,Delivered,IL
ORD-002455,Wayfair,SKU-1007,2026-02-21,1,59.99,0.2,Delivered,WA
ORD-002456,eBay,SKU-1004,2026-07-09,2,44.99,0.1,Delivered,MA
ORD-002457,Wayfair,SKU-1006,2026-05-28,1,116.99,0.1,Delivered,TX
ORD-002458,eBay,SKU-1003,2026-03-16,1,249.99,0.0,Shipped,FL
ORD-002459,Amazon,SKU-1003,2026-02-20,2,249.99,0.0,Delivered,FL
ORD-002460,Amazon,SKU-1007,2026-05-12,3,67.49,0.1,Delivered,WA
ORD-002461,Amazon,SKU-1002,2026-04-01,1,161.49,0.05,Shipped,TX
ORD-002462,Amazon,SKU-1008,2026-04-01,2,94.99,0.0,Shipped,AZ
ORD-002463,eBay,SKU-1007,2026-06-13,1,63.74,0.15,Delivered,NY
ORD-002464,Amazon,SKU-1004,2026-05-21,1,49.99,0.0,Delivered,AZ
ORD-002465,Amazon,SKU-1008,2026-05-22,1,90.24,0.05,Shipped,AZ
ORD-002466,Amazon,SKU-1006,2026-07-10,1,116.99,0.1,Delivered,CA
ORD-002467,eBay,SKU-1006,2026-07-23,1,123.49,0.05,Delivered,FL
ORD-002468,Amazon,SKU-1008,2026-04-08,2,85.49,0.1,Shipped,FL
ORD-002469,eBay,SKU-1004,2026-06-13,2,42.49,0.15,Delivered,FL
ORD-002470,Wayfair,SKU-1003,2026-06-05,1,249.99,0.0,Delivered,TX
ORD-002471,Amazon,SKU-1004,2026-05-09,1,44.99,0.1,Shipped,MA
ORD-002472,Wayfair,SKU-1004,2026-04-07,1,49.99,0.0,Delivered,FL
ORD-002473,Amazon,SKU-1002,2026-06-15,1,161.49,0.05,Delivered,MA
ORD-002474,eBay,SKU-1008,2026-06-09,1,80.74,0.15,Delivered,AZ
ORD-002475,Amazon,SKU-1002,2026-06-13,3,152.99,0.1,Delivered,CA
ORD-002476,Amazon,SKU-1001,2026-03-03,1,89.99,0.0,Delivered,CA
ORD-002477,Amazon,SKU-1006,2026-05-24,1,129.99,0.0,Delivered,AZ
ORD-002478,Wayfair,SKU-1005,2026-07-25,1,139.99,0.0,Delivered,CA
ORD-002479,Amazon,SKU-1003,2026-02-25,1,212.49,0.15,Delivered,FL
ORD-002480,eBay,SKU-1008,2026-07-16,3,90.24,0.05,Delivered,IL
ORD-002481,eBay,SKU-1002,2026-06-22,1,169.99,0.0,Delivered,AZ
ORD-002482,Wayfair,SKU-1005,2026-02-27,1,139.99,0.0,Delivered,CA
ORD-002483,Amazon,SKU-1007,2026-03-20,1,67.49,0.1,Delivered,TX
ORD-002484,Amazon,SKU-1006,2026-02-21,1,110.49,0.15,Delivered,NY
ORD-002485,Amazon,SKU-1008,2026-04-11,1,94.99,0.0,Delivered,AZ
ORD-002486,Amazon,SKU-1003,2026-02-25,2,212.49,0.15,Processing,MA
ORD-002487,Amazon,SKU-1001,2026-04-25,1,85.49,0.05,Delivered,FL
ORD-002488,Amazon,SKU-1007,2026-06-15,1,74.99,0.0,Delivered,CA
ORD-002489,Amazon,SKU-1004,2026-06-23,1,47.49,0.05,Delivered,FL
ORD-002490,eBay,SKU-1001,2026-02-05,1,85.49,0.05,Delivered,FL
ORD-002491,Amazon,SKU-1005,2026-06-17,4,125.99,0.1,Delivered,FL
ORD-002492,Amazon,SKU-1003,2026-07-03,1,249.99,0.0,Shipped,FL
ORD-002493,Amazon,SKU-1008,2026-07-04,1,94.99,0.0,Delivered,NY
ORD-002494,Wayfair,SKU-1006,2026-05-29,2,123.49,0.05,Delivered,AZ
ORD-002495,Amazon,SKU-1002,2026-02-22,1,169.99,0.0,Delivered,AZ
ORD-002496,Amazon,SKU-1003,2026-02-20,2,249.99,0.0,Delivered,MA
ORD-002497,Amazon,SKU-1001,2026-04-17,2,80.99,0.1,Delivered,TX
ORD-002498,eBay,SKU-1005,2026-02-26,1,125.99,0.1,Delivered,CA
ORD-002499,eBay,SKU-1001,2026-05-16,3,89.99,0.0,Delivered,CA
ORD-002500,Amazon,SKU-1008,2026-07-02,1,94.99,0.0,Delivered,MA
ORD-002501,eBay,SKU-1008,2026-05-06,1,94.99,0.0,Shipped,TX
ORD-002502,Amazon,SKU-1003,2026-02-13,1,224.99,0.1,Delivered,AZ
ORD-002503,Wayfair,SKU-1001,2026-05-06,1,89.99,0.0,Delivered,MA
ORD-002504,eBay,SKU-1001,2026-03-30,3,76.49,0.15,Delivered,MA
ORD-002505,Amazon,SKU-1004,2026-03-08,1,42.49,0.15,Cancelled,NY
ORD-002506,eBay,SKU-1008,2026-04-14,1,94.99,0.0,Delivered,MA
ORD-002507,Amazon,SKU-1007,2026-07-28,1,74.99,0.0,Delivered,MA
ORD-002508,Wayfair,SKU-1001,2026-06-20,3,80.99,0.1,Delivered,NY
ORD-002509,Amazon,SKU-1001,2026-06-25,1,80.99,0.1,Delivered,CA
ORD-002510,Amazon,SKU-1003,2026-03-19,2,212.49,0.15,Delivered,IL
ORD-002511,Amazon,SKU-1001,2026-02-22,2,89.99,0.0,Delivered,MA
ORD-002512,Amazon,SKU-1007,2026-06-27,1,74.99,0.0,Delivered,IL
ORD-002513,eBay,SKU-1005,2026-02-03,3,139.99,0.0,Delivered,MA
ORD-002514,Amazon,SKU-1001,2026-04-22,1,89.99,0.0,Delivered,IL
ORD-002515,Amazon,SKU-1001,2026-06-01,1,85.49,0.05,Delivered,AZ
ORD-002516,eBay,SKU-1003,2026-04-14,3,224.99,0.1,Delivered,IL
ORD-002517,eBay,SKU-1008,2026-06-13,3,75.99,0.2,Delivered,TX
ORD-002518,Amazon,SKU-1004,2026-02-20,1,49.99,0.0,Delivered,IL
ORD-002519,Amazon,SKU-1006,2026-07-27,1,123.49,0.05,Delivered,MA
ORD-002520,eBay,SKU-1007,2026-05-25,1,67.49,0.1,Shipped,TX
ORD-002521,Amazon,SKU-1008,2026-02-17,1,94.99,0.0,Delivered,CA
ORD-002522,Amazon,SKU-1004,2026-06-22,1,44.99,0.1,Delivered,TX
ORD-002523,Amazon,SKU-1004,2026-04-20,3,49.99,0.0,Delivered,MA
ORD-002524,eBay,SKU-1007,2026-04-19,1,74.99,0.0,Delivered,TX
ORD-002525,Amazon,SKU-1004,2026-04-13,2,49.99,0.0,Delivered,TX
ORD-002526,Wayfair,SKU-1001,2026-03-14,1,89.99,0.0,Shipped,FL
ORD-002527,Amazon,SKU-1004,2026-04-26,1,47.49,0.05,Delivered,IL
ORD-002528,eBay,SKU-1006,2026-04-02,1,129.99,0.0,Delivered,IL
ORD-002529,Amazon,SKU-1008,2026-07-27,1,94.99,0.0,Delivered,MA
ORD-002530,Amazon,SKU-1006,2026-07-31,1,123.49,0.05,Delivered,FL
ORD-002531,Amazon,SKU-1008,2026-04-11,1,94.99,0.0,Delivered,CA
ORD-002532,Amazon,SKU-1001,2026-05-25,3,80.99,0.1,Delivered,TX
ORD-002533,Amazon,SKU-1008,2026-05-19,2,85.49,0.1,Delivered,TX
ORD-002534,Wayfair,SKU-1003,2026-03-20,3,249.99,0.0,Shipped,WA
ORD-002535,Amazon,SKU-1005,2026-07-10,1,139.99,0.0,Delivered,AZ
ORD-002536,Amazon,SKU-1001,2026-03-22,2,85.49,0.05,Delivered,MA
ORD-002537,eBay,SKU-1006,2026-05-06,1,110.49,0.15,Delivered,IL
ORD-002538,Wayfair,SKU-1001,2026-04-16,3,85.49,0.05,Cancelled,IL
ORD-002539,eBay,SKU-1001,2026-06-30,1,89.99,0.0,Delivered,CA
ORD-002540,Amazon,SKU-1002,2026-07-08,1,152.99,0.1,Delivered,FL
ORD-002541,Wayfair,SKU-1005,2026-03-30,4,139.99,0.0,Delivered,AZ
ORD-002542,Amazon,SKU-1008,2026-04-05,3,85.49,0.1,Delivered,CA
ORD-002543,Amazon,SKU-1004,2026-05-17,3,47.49,0.05,Delivered,WA
ORD-002544,Amazon,SKU-1004,2026-06-22,1,47.49,0.05,Delivered,NY
ORD-002545,eBay,SKU-1001,2026-04-04,4,85.49,0.05,Delivered,CA
ORD-002546,Amazon,SKU-1008,2026-03-23,1,94.99,0.0,Delivered,MA
ORD-002547,Amazon,SKU-1003,2026-02-02,1,249.99,0.0,Delivered,AZ
ORD-002548,Amazon,SKU-1003,2026-03-15,1,224.99,0.1,Delivered,CA
ORD-002549,Amazon,SKU-1003,2026-05-13,1,249.99,0.0,Delivered,CA
ORD-002550,Amazon,SKU-1001,2026-06-28,2,89.99,0.0,Shipped,TX
ORD-002551,Amazon,SKU-1007,2026-02-10,1,71.24,0.05,Delivered,AZ
ORD-002552,Amazon,SKU-1001,2026-07-15,2,85.49,0.05,Delivered,FL
ORD-002553,Amazon,SKU-1002,2026-03-03,1,169.99,0.0,Delivered,CA
ORD-002554,Amazon,SKU-1008,2026-07-25,1,75.99,0.2,Processing,TX
ORD-002555,Amazon,SKU-1007,2026-06-21,1,63.74,0.15,Shipped,CA
ORD-002556,eBay,SKU-1005,2026-05-21,1,139.99,0.0,Delivered,AZ
ORD-002557,Wayfair,SKU-1004,2026-03-19,2,42.49,0.15,Delivered,NY
ORD-002558,Amazon,SKU-1004,2026-05-31,4,42.49,0.15,Delivered,CA
ORD-002559,Amazon,SKU-1008,2026-05-01,2,94.99,0.0,Delivered,CA
ORD-002560,eBay,SKU-1002,2026-03-17,1,152.99,0.1,Delivered,CA
ORD-002561,Wayfair,SKU-1003,2026-03-05,1,212.49,0.15,Delivered,WA
ORD-002562,Amazon,SKU-1005,2026-03-02,1,139.99,0.0,Delivered,FL
ORD-002563,eBay,SKU-1001,2026-04-23,1,85.49,0.05,Cancelled,CA
ORD-002564,Amazon,SKU-1006,2026-06-14,1,129.99,0.0,Cancelled,TX
ORD-002565,Amazon,SKU-1002,2026-07-31,1,169.99,0.0,Delivered,NY
ORD-002566,Amazon,SKU-1008,2026-06-30,1,94.99,0.0,Delivered,TX
ORD-002567,Wayfair,SKU-1008,2026-07-20,1,90.24,0.05,Delivered,IL
ORD-002568,Amazon,SKU-1002,2026-06-23,1,169.99,0.0,Delivered,MA
ORD-002569,Amazon,SKU-1008,2026-03-13,1,94.99,0.0,Delivered,MA
ORD-002570,eBay,SKU-1006,2026-06-16,2,129.99,0.0,Cancelled,MA
ORD-002571,eBay,SKU-1005,2026-07-31,1,139.99,0.0,Delivered,CA
ORD-002572,Amazon,SKU-1001,2026-02-14,1,80.99,0.1,Delivered,AZ
ORD-002573,Amazon,SKU-1001,2026-05-04,2,89.99,0.0,Shipped,TX
ORD-002574,Amazon,SKU-1006,2026-03-07,1,129.99,0.0,Delivered,NY
ORD-002575,Amazon,SKU-1004,2026-02-16,1,44.99,0.1,Delivered,IL
ORD-002576,Amazon,SKU-1004,2026-07-01,1,47.49,0.05,Delivered,CA
ORD-002577,Amazon,SKU-1001,2026-07-05,1,80.99,0.1,Shipped,MA
ORD-002578,Amazon,SKU-1001,2026-07-07,1,71.99,0.2,Delivered,MA
ORD-002579,Wayfair,SKU-1002,2026-02-09,1,144.49,0.15,Delivered,IL
ORD-002580,Amazon,SKU-1001,2026-03-15,1,89.99,0.0,Shipped,MA
ORD-002581,Amazon,SKU-1004,2026-02-16,1,47.49,0.05,Delivered,AZ
ORD-002582,Wayfair,SKU-1007,2026-05-30,3,63.74,0.15,Delivered,TX
ORD-002583,Amazon,SKU-1004,2026-06-28,1,49.99,0.0,Delivered,TX
ORD-002584,eBay,SKU-1003,2026-04-08,1,249.99,0.0,Cancelled,NY
ORD-002585,Amazon,SKU-1002,2026-03-22,2,161.49,0.05,Delivered,TX
ORD-002586,Amazon,SKU-1005,2026-03-22,1,139.99,0.0,Delivered,AZ
ORD-002587,Amazon,SKU-1001,2026-03-11,1,80.99,0.1,Delivered,AZ
ORD-002588,Wayfair,SKU-1006,2026-06-24,1,129.99,0.0,Delivered,WA
ORD-002589,eBay,SKU-1007,2026-02-12,1,71.24,0.05,Cancelled,MA
ORD-002590,eBay,SKU-1005,2026-05-17,1,139.99,0.0,Delivered,IL
ORD-002591,eBay,SKU-1001,2026-07-26,1,89.99,0.0,Delivered,IL
ORD-002592,eBay,SKU-1008,2026-04-15,3,75.99,0.2,Delivered,TX
ORD-002593,Amazon,SKU-1001,2026-03-31,1,71.99,0.2,Delivered,CA
ORD-002594,Amazon,SKU-1006,2026-08-01,2,110.49,0.15,Delivered,NY
ORD-002595,eBay,SKU-1003,2026-05-07,2,224.99,0.1,Delivered,WA
ORD-002596,Amazon,SKU-1006,2026-05-29,1,116.99,0.1,Delivered,MA
ORD-002597,Wayfair,SKU-1006,2026-07-14,1,129.99,0.0,Cancelled,NY
ORD-002598,Wayfair,SKU-1005,2026-04-12,1,118.99,0.15,Delivered,NY
ORD-002599,Amazon,SKU-1008,2026-03-27,3,94.99,0.0,Delivered,TX
ORD-002600,eBay,SKU-1001,2026-02-04,1,76.49,0.15,Delivered,AZ
ORD-002601,Amazon,SKU-1003,2026-04-30,1,249.99,0.0,Delivered,IL
ORD-002602,Amazon,SKU-1003,2026-04-20,2,249.99,0.0,Shipped,TX
ORD-002603,Wayfair,SKU-1004,2026-03-08,1,44.99,0.1,Delivered,CA
ORD-002604,Amazon,SKU-1002,2026-04-16,1,152.99,0.1,Delivered,FL
ORD-002605,eBay,SKU-1002,2026-03-14,3,152.99,0.1,Delivered,TX
ORD-002606,eBay,SKU-1003,2026-02-16,1,249.99,0.0,Delivered,NY
ORD-002607,Wayfair,SKU-1001,2026-02-06,1,85.49,0.05,Delivered,NY
ORD-002608,Amazon,SKU-1004,2026-03-16,1,49.99,0.0,Delivered,FL
ORD-002609,Wayfair,SKU-1001,2026-04-14,1,89.99,0.0,Shipped,WA
ORD-002610,Amazon,SKU-1006,2026-06-11,2,129.99,0.0,Shipped,WA
ORD-002611,Amazon,SKU-1006,2026-06-09,1,103.99,0.2,Shipped,MA
ORD-002612,eBay,SKU-1006,2026-05-18,2,110.49,0.15,Shipped,TX
ORD-002613,Amazon,SKU-1004,2026-06-29,1,44.99,0.1,Delivered,CA
ORD-002614,Amazon,SKU-1001,2026-02-17,1,89.99,0.0,Delivered,WA
ORD-002615,Wayfair,SKU-1007,2026-06-19,1,63.74,0.15,Delivered,WA
ORD-002616,Amazon,SKU-1006,2026-02-08,3,123.49,0.05,Delivered,WA
ORD-002617,Amazon,SKU-1001,2026-05-31,1,71.99,0.2,Delivered,CA
ORD-002618,Wayfair,SKU-1003,2026-07-29,2,224.99,0.1,Delivered,NY
ORD-002619,eBay,SKU-1007,2026-06-08,4,63.74,0.15,Delivered,CA
ORD-002620,Amazon,SKU-1005,2026-03-13,1,139.99,0.0,Delivered,CA
ORD-002621,Amazon,SKU-1005,2026-07-13,2,125.99,0.1,Delivered,WA
ORD-002622,Amazon,SKU-1008,2026-07-20,1,80.74,0.15,Delivered,CA
ORD-002623,Wayfair,SKU-1006,2026-04-01,1,129.99,0.0,Delivered,FL
ORD-002624,Amazon,SKU-1001,2026-06-03,1,80.99,0.1,Shipped,TX
ORD-002625,Amazon,SKU-1003,2026-05-21,1,237.49,0.05,Cancelled,NY
ORD-002626,Amazon,SKU-1001,2026-05-30,1,89.99,0.0,Delivered,IL
ORD-002627,Amazon,SKU-1001,2026-03-14,2,89.99,0.0,Delivered,CA
ORD-002628,Amazon,SKU-1001,2026-05-03,1,71.99,0.2,Cancelled,TX
ORD-002629,eBay,SKU-1008,2026-07-13,3,85.49,0.1,Cancelled,NY
ORD-002630,eBay,SKU-1007,2026-04-10,1,74.99,0.0,Delivered,CA
ORD-002631,Amazon,SKU-1004,2026-03-11,1,39.99,0.2,Delivered,WA
ORD-002632,Wayfair,SKU-1001,2026-06-12,1,89.99,0.0,Delivered,TX
ORD-002633,Amazon,SKU-1001,2026-07-23,2,85.49,0.05,Delivered,WA
ORD-002634,Wayfair,SKU-1006,2026-03-19,2,129.99,0.0,Delivered,CA
ORD-002635,Wayfair,SKU-1008,2026-04-29,1,90.24,0.05,Delivered,TX
ORD-002636,eBay,SKU-1008,2026-06-04,2,94.99,0.0,Shipped,CA
ORD-002637,Amazon,SKU-1001,2026-06-07,1,80.99,0.1,Delivered,WA
ORD-002638,Amazon,SKU-1002,2026-04-21,2,161.49,0.05,Delivered,CA
ORD-002639,Amazon,SKU-1006,2026-05-11,1,116.99,0.1,Delivered,TX
ORD-002640,Amazon,SKU-1004,2026-06-03,1,49.99,0.0,Delivered,TX
ORD-002641,Amazon,SKU-1004,2026-04-07,1,44.99,0.1,Delivered,WA
ORD-002642,Amazon,SKU-1003,2026-04-11,1,237.49,0.05,Delivered,TX
ORD-002643,Amazon,SKU-1004,2026-07-23,1,44.99,0.1,Delivered,CA
ORD-002644,Amazon,SKU-1003,2026-05-04,2,249.99,0.0,Shipped,IL
ORD-002645,Amazon,SKU-1001,2026-03-14,1,89.99,0.0,Shipped,NY
ORD-002646,eBay,SKU-1001,2026-03-12,1,71.99,0.2,Delivered,IL
ORD-002647,Wayfair,SKU-1004,2026-05-16,1,47.49,0.05,Delivered,CA
ORD-002648,Amazon,SKU-1008,2026-02-20,1,90.24,0.05,Delivered,CA
ORD-002649,eBay,SKU-1005,2026-03-07,1,139.99,0.0,Delivered,NY
ORD-002650,Amazon,SKU-1003,2026-06-17,1,237.49,0.05,Delivered,TX
ORD-002651,Wayfair,SKU-1007,2026-07-13,1,63.74,0.15,Delivered,TX
ORD-002652,Amazon,SKU-1001,2026-05-10,1,89.99,0.0,Delivered,WA
ORD-002653,eBay,SKU-1007,2026-03-20,1,74.99,0.0,Delivered,FL
ORD-002654,Amazon,SKU-1003,2026-05-02,1,249.99,0.0,Cancelled,FL
ORD-002655,Wayfair,SKU-1004,2026-06-04,1,49.99,0.0,Delivered,MA
ORD-002656,Amazon,SKU-1004,2026-06-21,1,49.99,0.0,Delivered,FL
ORD-002657,Wayfair,SKU-1005,2026-02-24,1,139.99,0.0,Delivered,NY
ORD-002658,Amazon,SKU-1008,2026-04-27,1,94.99,0.0,Delivered,WA
ORD-002659,Amazon,SKU-1004,2026-05-11,3,47.49,0.05,Delivered,MA
ORD-002660,Amazon,SKU-1004,2026-07-14,1,49.99,0.0,Delivered,NY
ORD-002661,Amazon,SKU-1003,2026-05-07,1,224.99,0.1,Delivered,TX
ORD-002662,Amazon,SKU-1002,2026-05-18,1,169.99,0.0,Delivered,CA
ORD-002663,Amazon,SKU-1003,2026-06-16,1,237.49,0.05,Delivered,TX
ORD-002664,Wayfair,SKU-1004,2026-05-18,1,49.99,0.0,Cancelled,IL
ORD-002665,Wayfair,SKU-1007,2026-04-17,2,74.99,0.0,Delivered,CA
ORD-002666,eBay,SKU-1008,2026-05-14,1,90.24,0.05,Delivered,FL
ORD-002667,Wayfair,SKU-1007,2026-04-09,1,74.99,0.0,Delivered,AZ
ORD-002668,Amazon,SKU-1007,2026-06-16,2,67.49,0.1,Delivered,CA
ORD-002669,eBay,SKU-1002,2026-06-10,1,161.49,0.05,Delivered,MA
ORD-002670,eBay,SKU-1008,2026-06-18,1,80.74,0.15,Delivered,MA
ORD-002671,Amazon,SKU-1001,2026-02-04,4,80.99,0.1,Delivered,CA
ORD-002672,Wayfair,SKU-1002,2026-02-13,1,169.99,0.0,Shipped,TX
ORD-002673,eBay,SKU-1003,2026-05-18,1,237.49,0.05,Delivered,AZ
ORD-002674,Amazon,SKU-1001,2026-02-12,1,85.49,0.05,Shipped,NY
ORD-002675,eBay,SKU-1001,2026-03-31,1,80.99,0.1,Delivered,IL
ORD-002676,Amazon,SKU-1003,2026-03-03,1,212.49,0.15,Delivered,NY
ORD-002677,eBay,SKU-1003,2026-05-13,1,237.49,0.05,Delivered,AZ
ORD-002678,Amazon,SKU-1008,2026-05-23,3,94.99,0.0,Delivered,CA
ORD-002679,eBay,SKU-1001,2026-06-23,1,89.99,0.0,Delivered,NY
ORD-002680,Amazon,SKU-1001,2026-06-20,1,89.99,0.0,Delivered,AZ
ORD-002681,Amazon,SKU-1002,2026-07-23,2,169.99,0.0,Delivered,TX
ORD-002682,Amazon,SKU-1003,2026-03-27,1,249.99,0.0,Delivered,NY
ORD-002683,Amazon,SKU-1005,2026-07-29,1,132.99,0.05,Shipped,FL
ORD-002684,Amazon,SKU-1001,2026-07-18,1,80.99,0.1,Delivered,AZ
ORD-002685,eBay,SKU-1004,2026-02-14,1,44.99,0.1,Delivered,WA
ORD-002686,Wayfair,SKU-1004,2026-02-18,1,49.99,0.0,Delivered,CA
ORD-002687,Amazon,SKU-1003,2026-06-19,2,224.99,0.1,Delivered,CA
ORD-002688,eBay,SKU-1007,2026-04-14,1,74.99,0.0,Delivered,TX
ORD-002689,Wayfair,SKU-1007,2026-03-14,1,74.99,0.0,Cancelled,FL
ORD-002690,Amazon,SKU-1002,2026-03-08,1,161.49,0.05,Delivered,CA
ORD-002691,Amazon,SKU-1001,2026-03-24,1,85.49,0.05,Delivered,WA
ORD-002692,Amazon,SKU-1006,2026-05-29,1,116.99,0.1,Delivered,NY
ORD-002693,eBay,SKU-1007,2026-05-01,2,74.99,0.0,Delivered,CA
ORD-002694,Amazon,SKU-1002,2026-02-16,1,144.49,0.15,Delivered,IL
ORD-002695,Amazon,SKU-1004,2026-06-06,1,49.99,0.0,Delivered,AZ
ORD-002696,Amazon,SKU-1007,2026-06-20,1,74.99,0.0,Cancelled,FL
ORD-002697,Wayfair,SKU-1006,2026-02-06,1,116.99,0.1,Delivered,WA
ORD-002698,Amazon,SKU-1001,2026-05-08,1,80.99,0.1,Delivered,AZ
ORD-002699,Wayfair,SKU-1002,2026-05-31,2,135.99,0.2,Shipped,NY
ORD-002700,Amazon,SKU-1005,2026-04-09,1,132.99,0.05,Shipped,MA
ORD-002701,Amazon,SKU-1002,2026-05-11,1,161.49,0.05,Delivered,MA
ORD-002702,eBay,SKU-1001,2026-07-13,1,85.49,0.05,Delivered,CA
ORD-002703,Amazon,SKU-1003,2026-07-01,2,249.99,0.0,Delivered,FL
ORD-002704,Wayfair,SKU-1006,2026-03-11,3,123.49,0.05,Delivered,NY
ORD-002705,Amazon,SKU-1007,2026-03-21,1,74.99,0.0,Cancelled,CA
ORD-002706,Amazon,SKU-1004,2026-04-03,1,39.99,0.2,Delivered,IL
ORD-002707,Amazon,SKU-1006,2026-02-20,1,129.99,0.0,Shipped,TX
ORD-002708,eBay,SKU-1001,2026-03-31,1,89.99,0.0,Delivered,FL
ORD-002709,Amazon,SKU-1002,2026-07-05,1,144.49,0.15,Delivered,NY
ORD-002710,Amazon,SKU-1002,2026-06-08,3,152.99,0.1,Delivered,FL
ORD-002711,Amazon,SKU-1002,2026-04-17,1,169.99,0.0,Delivered,WA
ORD-002712,Amazon,SKU-1006,2026-07-17,1,103.99,0.2,Delivered,IL
ORD-002713,,SKU-1001,2026-03-24,1,89.99,0.0,Delivered,AZ
ORD-002714,Amazon,SKU-1007,2026-06-14,1,71.24,0.05,Delivered,CA
ORD-002715,Wayfair,SKU-1004,2026-02-04,2,47.49,0.05,Delivered,NY
ORD-002716,eBay,SKU-1003,2026-04-23,1,224.99,0.1,Delivered,FL
ORD-002717,Amazon,SKU-1008,2026-07-14,1,94.99,0.0,Shipped,IL
ORD-002718,Amazon,SKU-1004,2026-05-28,3,47.49,0.05,Shipped,CA
ORD-002719,Amazon,SKU-1003,2026-05-20,1,249.99,0.0,Delivered,CA
ORD-002720,Amazon,SKU-1005,2026-05-07,1,118.99,0.15,Delivered,TX
ORD-002721,Wayfair,SKU-1001,2026-05-18,1,89.99,0.0,Delivered,IL
ORD-002722,Amazon,SKU-1006,2026-05-24,1,116.99,0.1,Shipped,WA
ORD-002723,eBay,SKU-1002,2026-04-18,1,135.99,0.2,Delivered,NY
ORD-002724,Amazon,SKU-1003,2026-06-13,1,224.99,0.1,Delivered,CA
ORD-002725,Amazon,SKU-1006,2026-06-19,2,129.99,0.0,Delivered,FL
ORD-002726,eBay,SKU-1007,2026-03-14,1,71.24,0.05,Delivered,CA
ORD-002727,Amazon,SKU-1008,2026-02-21,1,94.99,0.0,Delivered,AZ
ORD-002728,Amazon,SKU-1006,2026-05-24,1,123.49,0.05,Cancelled,TX
ORD-002729,eBay,SKU-1001,2026-03-02,1,89.99,0.0,Delivered,NY
ORD-002730,eBay,SKU-1008,2026-07-24,1,85.49,0.1,Delivered,MA
ORD-002731,Amazon,SKU-1008,2026-07-15,1,94.99,0.0,Delivered,TX
ORD-002732,Amazon,SKU-1006,2026-05-15,1,110.49,0.15,Delivered,IL
ORD-002733,Amazon,SKU-1001,2026-03-07,1,85.49,0.05,Delivered,CA
ORD-002734,Wayfair,SKU-1008,2026-03-19,1,94.99,0.0,Delivered,CA
ORD-002735,eBay,SKU-1003,2026-06-18,1,199.99,0.2,Delivered,NY
ORD-002736,Wayfair,SKU-1004,2026-07-31,2,49.99,0.0,Shipped,NY
ORD-002737,Amazon,SKU-1007,2026-07-08,1,71.24,0.05,Delivered,FL
ORD-002738,Amazon,SKU-1006,2026-03-24,1,123.49,0.05,Delivered,AZ
ORD-002739,Amazon,SKU-1004,2026-07-28,2,44.99,0.1,Delivered,TX
ORD-002740,Amazon,SKU-1002,2026-04-29,1,169.99,0.0,Shipped,CA
ORD-002741,Amazon,SKU-1005,2026-03-19,1,118.99,0.15,Delivered,FL
ORD-002742,Amazon,SKU-1001,2026-07-28,1,89.99,0.0,Shipped,CA
ORD-002743,eBay,SKU-1007,2026-02-17,1,74.99,0.0,Delivered,CA
ORD-002744,Amazon,SKU-1004,2026-04-05,2,49.99,0.0,Delivered,AZ
ORD-002745,Amazon,SKU-1008,2026-05-11,1,80.74,0.15,Delivered,IL
ORD-002746,eBay,SKU-1004,2026-06-11,1,49.99,0.0,Delivered,FL
ORD-002747,Wayfair,SKU-1007,2026-05-16,1,74.99,0.0,Delivered,FL
ORD-002748,Amazon,SKU-1008,2026-02-21,1,85.49,0.1,Shipped,CA
ORD-002749,eBay,SKU-1002,2026-02-27,1,144.49,0.15,Delivered,TX
ORD-002750,Amazon,SKU-1008,2026-07-05,2,94.99,0.0,Delivered,WA
ORD-002751,Wayfair,SKU-1007,2026-02-07,1,63.74,0.15,Delivered,CA
ORD-002752,eBay,SKU-1001,2026-05-07,2,89.99,0.0,Delivered,MA
ORD-002753,Wayfair,SKU-1004,2026-04-11,1,49.99,0.0,Delivered,FL
ORD-002754,Amazon,SKU-1008,2026-06-10,1,94.99,0.0,Delivered,FL
ORD-002755,Amazon,SKU-1004,2026-07-29,1,44.99,0.1,Delivered,WA
ORD-002756,Wayfair,SKU-1008,2026-03-12,2,94.99,0.0,Delivered,IL
ORD-002757,eBay,SKU-1004,2026-07-08,2,47.49,0.05,Delivered,TX
ORD-002758,eBay,SKU-1002,2026-07-03,1,135.99,0.2,Delivered,TX
ORD-002759,Amazon,SKU-1002,2026-07-14,1,169.99,0.0,Delivered,CA
ORD-002760,Amazon,SKU-1007,2026-04-11,1,74.99,0.0,Delivered,NY
ORD-002761,Amazon,SKU-1008,2026-05-25,1,94.99,0.0,Delivered,CA
ORD-002762,Amazon,SKU-1007,2026-07-27,1,74.99,0.0,Delivered,FL
ORD-002763,Amazon,SKU-1005,2026-02-21,3,139.99,0.0,Delivered,NY
ORD-002764,Amazon,SKU-1003,2026-04-05,1,249.99,0.0,Delivered,TX
ORD-002765,eBay,SKU-1004,2026-06-18,1,49.99,0.0,Delivered,FL
ORD-002766,Amazon,SKU-1002,2026-07-06,1,161.49,0.05,Shipped,AZ
ORD-002767,Amazon,SKU-1003,2026-02-10,1,249.99,0.0,Delivered,NY
ORD-002768,eBay,SKU-1003,2026-02-17,1,237.49,0.05,Delivered,AZ
ORD-002769,Amazon,SKU-1003,2026-03-30,1,212.49,0.15,Delivered,CA
ORD-002770,Amazon,SKU-1006,2026-06-05,1,116.99,0.1,Delivered,FL
ORD-002771,Amazon,SKU-1006,2026-03-01,1,129.99,0.0,Shipped,CA
ORD-002772,Amazon,SKU-1008,2026-05-07,3,94.99,0.0,Delivered,WA
ORD-002773,eBay,SKU-1006,2026-05-16,1,110.49,0.15,Delivered,TX
ORD-002774,Wayfair,SKU-1002,2026-05-04,1,169.99,0.0,Delivered,FL
ORD-002775,Wayfair,SKU-1007,2026-07-22,2,59.99,0.2,Delivered,FL
ORD-002776,Amazon,SKU-1004,2026-02-06,1,47.49,0.05,Delivered,AZ
ORD-002777,Amazon,SKU-1007,2026-07-13,2,74.99,0.0,Delivered,CA
ORD-002778,Wayfair,SKU-1002,2026-04-20,3,169.99,0.0,Delivered,MA
ORD-002779,Amazon,SKU-1004,2026-04-30,3,47.49,0.05,Delivered,IL
ORD-002780,Amazon,SKU-1003,2026-02-11,1,224.99,0.1,Delivered,TX
ORD-002781,eBay,SKU-1003,2026-06-04,1,212.49,0.15,Delivered,CA
ORD-002782,Amazon,SKU-1007,2026-02-04,1,74.99,0.0,Delivered,WA
ORD-002783,Amazon,SKU-1004,2026-06-09,1,42.49,0.15,Delivered,TX
ORD-002784,Amazon,SKU-1007,2026-03-31,1,74.99,0.0,Delivered,IL
ORD-002785,Amazon,SKU-1002,2026-02-03,1,169.99,0.0,Delivered,TX
ORD-002786,Amazon,SKU-1003,2026-07-31,2,212.49,0.15,Delivered,IL
ORD-002787,eBay,SKU-1004,2026-02-25,3,49.99,0.0,Delivered,NY
ORD-002788,eBay,SKU-1008,2026-07-14,3,90.24,0.05,Delivered,TX
ORD-002789,eBay,SKU-1005,2026-07-10,1,139.99,0.0,Delivered,FL
ORD-002790,eBay,SKU-1002,2026-04-21,1,144.49,0.15,Delivered,AZ
ORD-002791,Amazon,SKU-1001,2026-06-10,1,89.99,0.0,Delivered,CA
ORD-002792,Amazon,SKU-1003,2026-07-15,1,249.99,0.0,Delivered,NY
ORD-002793,Amazon,SKU-1003,2026-05-06,1,249.99,0.0,Delivered,NY
ORD-002794,eBay,SKU-1004,2026-04-18,1,44.99,0.1,Delivered,TX
ORD-002795,Wayfair,SKU-1003,2026-06-28,1,249.99,0.0,Shipped,FL
ORD-002796,Amazon,SKU-1001,2026-06-12,1,89.99,0.0,Delivered,CA
ORD-002797,eBay,SKU-1001,2026-07-28,1,80.99,0.1,Delivered,FL
ORD-002798,Wayfair,SKU-1002,2026-06-13,1,161.49,0.05,Delivered,AZ
ORD-002799,eBay,SKU-1001,2026-06-04,1,89.99,0.0,Delivered,FL
ORD-002800,eBay,SKU-1002,2026-04-23,1,169.99,0.0,Delivered,TX
ORD-002801,Wayfair,SKU-1006,2026-03-31,1,116.99,0.1,Delivered,CA
ORD-002802,Amazon,SKU-1005,2026-05-21,1,139.99,0.0,Delivered,NY
ORD-002803,Amazon,SKU-1001,2026-05-09,3,85.49,0.05,Delivered,MA
ORD-002804,Amazon,SKU-1008,2026-05-14,1,90.24,0.05,Delivered,NY
ORD-002805,Amazon,SKU-1007,2026-04-30,1,71.24,0.05,Delivered,CA
ORD-002806,Amazon,SKU-1001,2026-07-04,1,85.49,0.05,Delivered,FL
ORD-002807,Wayfair,SKU-1002,2026-04-30,1,152.99,0.1,Delivered,NY
ORD-002808,Wayfair,SKU-1004,2026-03-17,1,49.99,0.0,Delivered,FL
ORD-002809,eBay,SKU-1004,2026-07-23,1,49.99,0.0,Delivered,CA
ORD-002810,Amazon,SKU-1008,2026-06-07,1,85.49,0.1,Delivered,FL
ORD-002811,eBay,SKU-1008,2026-07-03,1,94.99,0.0,Delivered,FL
ORD-002812,eBay,SKU-1006,2026-07-21,2,116.99,0.1,Shipped,TX
ORD-002813,eBay,SKU-1004,2026-05-28,2,47.49,0.05,Delivered,IL
ORD-002814,Wayfair,SKU-1004,2026-04-10,3,44.99,0.1,Shipped,IL
ORD-002815,Amazon,SKU-1002,2026-03-14,1,169.99,0.0,Delivered,CA
ORD-002816,eBay,SKU-1006,2026-03-27,1,129.99,0.0,Delivered,FL
ORD-002817,Amazon,SKU-1007,2026-07-08,4,71.24,0.05,Delivered,TX
ORD-002818,Amazon,SKU-1008,2026-02-07,2,90.24,0.05,Delivered,MA
ORD-002819,eBay,SKU-1006,2026-03-16,2,129.99,0.0,Delivered,NY
ORD-002820,Wayfair,SKU-1001,2026-05-21,1,89.99,0.0,Shipped,CA
ORD-002821,Amazon,SKU-1007,2026-06-11,1,74.99,0.0,Delivered,MA
ORD-002822,Wayfair,SKU-1001,2026-04-24,1,80.99,0.1,Delivered,IL
ORD-002823,Amazon,SKU-1001,2026-07-01,1,89.99,0.0,Shipped,CA
ORD-002824,Amazon,SKU-1005,2026-03-08,1,139.99,0.0,Delivered,WA
ORD-002825,Amazon,SKU-1001,2026-06-17,1,85.49,0.05,Delivered,NY
ORD-002826,Amazon,SKU-1001,2026-02-17,2,89.99,0.0,Delivered,CA
ORD-002827,Amazon,SKU-1001,2026-07-30,2,85.49,0.05,Delivered,IL
ORD-002828,Amazon,SKU-1001,2026-03-29,1,85.49,0.05,Delivered,FL
ORD-002829,Amazon,SKU-1002,2026-07-10,1,169.99,0.0,Delivered,TX
ORD-002830,eBay,SKU-1007,2026-05-23,1,71.24,0.05,Delivered,WA
ORD-002831,Amazon,SKU-1001,2026-05-11,2,89.99,0.0,Delivered,CA
ORD-002832,Wayfair,SKU-1003,2026-02-27,1,249.99,0.0,Delivered,FL
ORD-002833,Wayfair,SKU-1006,2026-04-04,1,129.99,0.0,Delivered,CA
ORD-002834,Wayfair,SKU-1005,2026-07-18,1,139.99,0.0,Delivered,TX
ORD-002835,Amazon,SKU-1004,2026-04-08,1,44.99,0.1,Delivered,CA
ORD-002836,eBay,SKU-1008,2026-07-30,1,75.99,0.2,Delivered,CA
ORD-002837,Wayfair,SKU-1004,2026-04-19,1,49.99,0.0,Cancelled,MA
ORD-002838,eBay,SKU-1001,2026-06-21,1,85.49,0.05,Delivered,TX
ORD-002839,Amazon,SKU-1004,2026-03-08,3,47.49,0.05,Delivered,WA
ORD-002840,Amazon,SKU-1006,2026-06-17,2,129.99,0.0,Delivered,CA
ORD-002841,Amazon,SKU-1001,2026-02-13,1,89.99,0.0,Delivered,AZ
ORD-002842,eBay,SKU-1006,2026-07-29,3,123.49,0.05,Delivered,FL
ORD-002843,Wayfair,SKU-1007,2026-06-12,1,74.99,0.0,Delivered,MA
ORD-002844,eBay,SKU-1001,2026-04-27,1,76.49,0.15,Delivered,NY
ORD-002845,Wayfair,SKU-1004,2026-02-07,1,49.99,0.0,Delivered,FL
ORD-002846,Amazon,SKU-1001,2026-05-11,2,80.99,0.1,Delivered,IL
ORD-002847,Amazon,SKU-1001,2026-03-27,1,80.99,0.1,Delivered,NY
ORD-002848,Amazon,SKU-1002,2026-07-18,2,135.99,0.2,Delivered,TX
ORD-002849,eBay,SKU-1004,2026-05-28,1,49.99,0.0,Delivered,CA
ORD-002850,Wayfair,SKU-1001,2026-05-02,1,80.99,0.1,Shipped,MA
ORD-002851,Amazon,SKU-1002,2026-03-08,1,152.99,0.1,Cancelled,MA
ORD-002852,Wayfair,SKU-1001,2026-04-02,2,85.49,0.05,Delivered,TX
ORD-002853,Amazon,SKU-1004,2026-04-14,1,49.99,0.0,Delivered,WA
ORD-002854,Amazon,SKU-1007,2026-06-26,1,74.99,0.0,Cancelled,TX
ORD-002855,Amazon,SKU-1004,2026-07-11,1,47.49,0.05,Delivered,WA
ORD-002856,eBay,SKU-1001,2026-06-21,3,89.99,0.0,Delivered,FL
ORD-002857,Amazon,SKU-1001,2026-04-08,2,85.49,0.05,Delivered,CA
ORD-002858,Amazon,SKU-1001,2026-04-19,2,89.99,0.0,Delivered,AZ
ORD-002859,eBay,SKU-1006,2026-03-18,1,129.99,0.0,Shipped,CA
ORD-002860,Amazon,SKU-1002,2026-05-23,1,169.99,0.0,Delivered,CA
ORD-002861,Amazon,SKU-1004,2026-07-19,1,42.49,0.15,Processing,CA
ORD-002862,eBay,SKU-1005,2026-04-03,1,125.99,0.1,Delivered,CA
ORD-002863,Amazon,SKU-1003,2026-06-21,1,249.99,0.0,Delivered,FL
ORD-002864,Amazon,SKU-1001,2026-04-05,1,71.99,0.2,Delivered,CA
ORD-002865,Amazon,SKU-1007,2026-05-31,1,67.49,0.1,Delivered,NY
ORD-002866,Amazon,SKU-1002,2026-06-20,2,161.49,0.05,Delivered,NY
ORD-002867,Amazon,SKU-1001,2026-03-10,1,89.99,0.0,Shipped,TX
ORD-002868,eBay,SKU-1008,2026-05-17,2,75.99,0.2,Delivered,CA
ORD-002869,Wayfair,SKU-1007,2026-06-03,2,74.99,0.0,Delivered,NY
ORD-002870,Amazon,SKU-1008,2026-03-31,2,94.99,0.0,Shipped,AZ
ORD-002871,Amazon,SKU-1002,2026-07-17,1,169.99,0.0,Delivered,AZ
ORD-002872,Amazon,SKU-1002,2026-07-22,2,161.49,0.05,Delivered,IL
ORD-002873,Amazon,SKU-1007,2026-03-20,1,74.99,0.0,Delivered,NY
ORD-002874,Amazon,SKU-1005,2026-03-31,3,132.99,0.05,Delivered,NY
ORD-002875,eBay,SKU-1007,2026-02-08,3,67.49,0.1,Delivered,TX
ORD-002876,eBay,SKU-1006,2026-05-02,1,129.99,0.0,Delivered,FL
ORD-002877,Wayfair,SKU-1001,2026-06-19,1,76.49,0.15,Delivered,NY
ORD-002878,Wayfair,SKU-1008,2026-07-31,1,90.24,0.05,Delivered,NY
ORD-002879,Amazon,SKU-1004,2026-06-13,1,49.99,0.0,Delivered,MA
ORD-002880,Amazon,SKU-1008,2026-04-11,1,94.99,0.0,Delivered,TX
ORD-002881,Amazon,SKU-1007,2026-02-24,3,74.99,0.0,Delivered,TX
ORD-002882,Amazon,SKU-1007,2026-05-24,1,74.99,0.0,Delivered,WA
ORD-002883,Wayfair,SKU-1004,2026-03-25,1,39.99,0.2,Delivered,AZ
ORD-002884,Wayfair,SKU-1007,2026-04-14,1,71.24,0.05,Delivered,MA
ORD-002885,Amazon,SKU-1001,2026-03-31,1,85.49,0.05,Delivered,NY
ORD-002886,Wayfair,SKU-1001,2026-03-17,1,89.99,0.0,Delivered,NY
ORD-002887,Amazon,SKU-1008,2026-02-05,1,94.99,0.0,Shipped,IL
ORD-002888,Amazon,SKU-1001,2026-06-22,1,89.99,0.0,Delivered,WA
ORD-002889,Amazon,SKU-1004,2026-03-02,1,49.99,0.0,Delivered,IL
ORD-002890,Amazon,SKU-1005,2026-04-07,1,125.99,0.1,Delivered,MA
ORD-002891,Amazon,SKU-1007,2026-07-12,1,74.99,0.0,Delivered,CA
ORD-002892,Wayfair,SKU-1004,2026-07-24,1,44.99,0.1,Delivered,IL
ORD-002893,Amazon,SKU-1005,2026-06-20,2,139.99,0.0,Delivered,AZ
ORD-002894,Wayfair,SKU-1001,2026-06-22,1,71.99,0.2,Delivered,CA
ORD-002895,eBay,SKU-1001,2026-07-02,1,80.99,0.1,Delivered,CA
ORD-002896,Wayfair,SKU-1001,2026-05-27,1,89.99,0.0,Delivered,TX
ORD-002897,Amazon,SKU-1006,2026-05-07,1,129.99,0.0,Delivered,FL
ORD-002898,Amazon,SKU-1007,2026-02-06,1,74.99,0.0,Shipped,CA
ORD-002899,Amazon,SKU-1003,2026-04-04,1,249.99,0.0,Delivered,NY
ORD-002900,eBay,SKU-1005,2026-04-15,1,125.99,0.1,Shipped,NY
ORD-002901,Amazon,SKU-1001,2026-02-16,1,89.99,0.0,Delivered,CA
ORD-002902,eBay,SKU-1001,2026-02-25,1,89.99,0.0,Delivered,TX
ORD-002903,Wayfair,SKU-1004,2026-04-16,3,49.99,0.0,Delivered,CA
ORD-002904,Amazon,SKU-1004,2026-02-19,1,44.99,0.1,Delivered,NY
ORD-002905,Amazon,SKU-1007,2026-03-23,1,74.99,0.0,Delivered,TX
ORD-002906,Amazon,SKU-1004,2026-02-24,1,49.99,0.0,Delivered,MA
ORD-002907,Amazon,SKU-1004,2026-06-22,1,49.99,0.0,Delivered,CA
ORD-002908,Amazon,SKU-1005,2026-06-26,1,125.99,0.1,Delivered,CA
ORD-002909,Amazon,SKU-1001,2026-03-18,1,89.99,0.0,Delivered,CA
ORD-002910,Amazon,SKU-1001,2026-03-10,1,89.99,0.0,Delivered,IL
ORD-002911,Wayfair,SKU-1002,2026-03-06,1,135.99,0.2,Delivered,CA
ORD-002912,Amazon,SKU-1001,2026-04-10,3,80.99,0.1,Delivered,IL
ORD-002913,Amazon,SKU-1004,2026-04-09,1,44.99,0.1,Cancelled,TX
ORD-002914,Amazon,SKU-1002,2026-05-25,1,169.99,0.0,Delivered,NY
ORD-002915,Amazon,SKU-1008,2026-02-24,1,94.99,0.0,Delivered,IL
ORD-002916,Amazon,SKU-1005,2026-04-22,1,139.99,0.0,Delivered,FL
ORD-002917,Amazon,SKU-1004,2026-05-17,1,49.99,0.0,Delivered,CA
ORD-002918,Wayfair,SKU-1006,2026-07-23,3,129.99,0.0,Cancelled,NY
ORD-002919,eBay,SKU-1007,2026-05-12,3,63.74,0.15,Shipped,MA
ORD-002920,Amazon,SKU-1007,2026-02-21,3,71.24,0.05,Delivered,MA
ORD-002921,Amazon,SKU-1007,2026-04-12,2,74.99,0.0,Delivered,CA
ORD-002922,Amazon,SKU-1001,2026-03-27,1,89.99,0.0,Cancelled,CA
ORD-002923,Amazon,SKU-1004,2026-06-05,4,39.99,0.2,Delivered,TX
ORD-002924,Amazon,SKU-1002,2026-02-15,1,169.99,0.0,Delivered,NY
ORD-002925,Amazon,SKU-1001,2026-02-24,1,85.49,0.05,Shipped,FL
ORD-002926,Amazon,SKU-1007,2026-04-08,1,74.99,0.0,Cancelled,WA
ORD-002927,Amazon,SKU-1002,2026-02-24,2,169.99,0.0,Delivered,NY
ORD-002928,Amazon,SKU-1002,2026-06-17,1,169.99,0.0,Shipped,NY
ORD-002929,Amazon,SKU-1003,2026-07-02,2,237.49,0.05,Shipped,IL
ORD-002930,Amazon,SKU-1006,2026-04-13,1,129.99,0.0,Delivered,NY
ORD-002931,eBay,SKU-1002,2026-05-01,2,152.99,0.1,Cancelled,CA
ORD-002932,Wayfair,SKU-1002,2026-04-22,1,152.99,0.1,Delivered,WA
ORD-002933,Amazon,SKU-1002,2026-05-15,1,161.49,0.05,Delivered,NY
ORD-002934,Amazon,SKU-1007,2026-03-10,1,67.49,0.1,Shipped,NY
ORD-002935,Amazon,SKU-1008,2026-02-17,4,94.99,0.0,Delivered,FL
ORD-002936,eBay,SKU-1005,2026-02-14,1,125.99,0.1,Delivered,CA
ORD-002937,Wayfair,SKU-1003,2026-03-03,1,224.99,0.1,Delivered,CA
ORD-002938,eBay,SKU-1007,2026-06-24,1,67.49,0.1,Delivered,WA
ORD-002939,Wayfair,SKU-1004,2026-05-03,1,47.49,0.05,Delivered,CA
ORD-002940,Amazon,SKU-1004,2026-07-17,1,39.99,0.2,Delivered,FL
ORD-002941,Wayfair,SKU-1007,2026-07-12,1,74.99,0.0,Delivered,TX
ORD-002942,eBay,SKU-1004,2026-02-07,1,49.99,0.0,Delivered,AZ
ORD-002943,eBay,SKU-1004,2026-06-02,1,47.49,0.05,Delivered,WA
ORD-002944,Wayfair,SKU-1004,2026-03-01,1,47.49,0.05,Delivered,IL
ORD-002945,Wayfair,SKU-1004,2026-03-07,2,44.99,0.1,Shipped,FL
ORD-002946,Amazon,SKU-1008,2026-06-07,2,90.24,0.05,Delivered,AZ
ORD-002947,Wayfair,SKU-1001,2026-06-25,2,76.49,0.15,Delivered,IL
ORD-002948,eBay,SKU-1004,2026-06-22,1,49.99,0.0,Processing,NY
ORD-002949,eBay,SKU-1001,2026-07-23,2,89.99,0.0,Delivered,CA
ORD-002950,Amazon,SKU-1004,2026-03-05,1,49.99,0.0,Cancelled,FL
ORD-002951,Amazon,SKU-1007,2026-05-29,1,67.49,0.1,Delivered,IL
ORD-002952,Amazon,SKU-1006,2026-05-24,1,129.99,0.0,Delivered,MA
ORD-002953,eBay,SKU-1008,2026-03-10,1,94.99,0.0,Delivered,NY
ORD-002954,Amazon,SKU-1003,2026-02-20,1,212.49,0.15,Delivered,TX
ORD-002955,Wayfair,SKU-1008,2026-07-18,1,94.99,0.0,Shipped,TX
ORD-002956,eBay,SKU-1002,2026-03-02,1,144.49,0.15,Delivered,TX
ORD-002957,Amazon,SKU-1007,2026-03-30,1,74.99,0.0,Delivered,NY
ORD-002958,Amazon,SKU-1007,2026-02-05,1,74.99,0.0,Delivered,TX
ORD-002959,Amazon,SKU-1001,2026-05-06,2,80.99,0.1,Cancelled,WA
ORD-002960,eBay,SKU-1004,2026-04-02,1,42.49,0.15,Shipped,TX
ORD-002961,Amazon,SKU-1004,2026-04-26,1,49.99,0.0,Delivered,AZ
ORD-002962,eBay,SKU-1004,2026-03-13,1,44.99,0.1,Delivered,NY
ORD-002963,Amazon,SKU-1008,2026-04-06,1,94.99,0.0,Delivered,AZ
ORD-002964,eBay,SKU-1001,2026-05-27,3,89.99,0.0,Delivered,TX
ORD-002965,Amazon,SKU-1003,2026-06-11,1,249.99,0.0,Delivered,AZ
ORD-002966,eBay,SKU-1005,2026-07-05,1,139.99,0.0,Delivered,CA
ORD-002967,Amazon,SKU-1007,2026-05-07,2,74.99,0.0,Delivered,CA
ORD-002968,Amazon,SKU-1003,2026-02-08,1,249.99,0.0,Delivered,CA
ORD-002969,Amazon,SKU-1004,2026-07-18,1,39.99,0.2,Delivered,NY
ORD-002970,Amazon,SKU-1006,2026-06-06,1,103.99,0.2,Delivered,IL
ORD-002971,Amazon,SKU-1008,2026-02-20,2,90.24,0.05,Delivered,NY
ORD-002972,Amazon,SKU-1002,2026-06-26,1,169.99,0.0,Delivered,WA
ORD-002973,Amazon,SKU-1004,2026-05-28,1,47.49,0.05,Delivered,CA
ORD-002974,Amazon,SKU-1004,2026-02-04,1,42.49,0.15,Delivered,CA
ORD-002975,Wayfair,SKU-1008,2026-08-01,1,94.99,0.0,Delivered,MA
ORD-002976,Amazon,SKU-1004,2026-03-09,1,49.99,0.0,Delivered,NY
ORD-002977,Amazon,SKU-1004,2026-02-15,1,44.99,0.1,Delivered,TX
ORD-002978,Amazon,SKU-1008,2026-05-13,1,94.99,0.0,Delivered,TX
ORD-002979,Amazon,SKU-1003,2026-02-03,1,249.99,0.0,Delivered,AZ
ORD-002980,Amazon,SKU-1007,2026-06-29,1,74.99,0.0,Delivered,FL
ORD-002981,Wayfair,SKU-1004,2026-02-04,1,44.99,0.1,Delivered,NY
ORD-002982,Amazon,SKU-1001,2026-07-04,2,85.49,0.05,Delivered,TX
ORD-002983,Amazon,SKU-1004,2026-08-01,2,49.99,0.0,Shipped,TX
ORD-002984,Amazon,SKU-1007,2026-05-16,2,74.99,0.0,Delivered,CA
ORD-002985,Amazon,SKU-1006,2026-07-16,1,129.99,0.0,Delivered,AZ
ORD-002986,eBay,SKU-1007,2026-06-07,1,74.99,0.0,Delivered,NY
ORD-002987,Amazon,SKU-1001,2026-07-09,2,89.99,0.0,Delivered,AZ
ORD-002988,Amazon,SKU-1004,2026-02-10,1,42.49,0.15,Shipped,MA
ORD-002989,eBay,SKU-1001,2026-03-19,1,76.49,0.15,Delivered,MA
ORD-002990,eBay,SKU-1008,2026-02-05,1,75.99,0.2,Delivered,WA
ORD-002991,Wayfair,SKU-1002,2026-02-17,1,169.99,0.0,Delivered,NY
ORD-002992,Amazon,SKU-1008,2026-03-29,2,94.99,0.0,Delivered,NY
ORD-002993,Wayfair,SKU-1007,2026-07-27,1,74.99,0.0,Delivered,CA
ORD-002994,Amazon,SKU-1004,2026-04-07,3,49.99,0.0,Delivered,CA
ORD-002995,Amazon,SKU-1007,2026-04-14,2,74.99,0.0,Delivered,FL
ORD-002996,Wayfair,SKU-1004,2026-02-10,2,44.99,0.1,Delivered,CA
ORD-002997,eBay,SKU-1008,2026-07-08,2,90.24,0.05,Delivered,FL
ORD-002998,Amazon,SKU-1006,2026-05-31,2,103.99,0.2,Delivered,FL
ORD-002999,Wayfair,SKU-1001,2026-03-04,2,89.99,0.0,Delivered,TX
ORD-003000,Wayfair,SKU-1007,2026-02-17,1,74.99,0.0,Delivered,NY
ORD-003001,Amazon,SKU-1003,2026-03-16,1,249.99,0.0,Cancelled,FL
ORD-003002,eBay,SKU-1002,2026-07-02,1,169.99,0.0,Delivered,AZ
ORD-003003,Wayfair,SKU-1004,2026-05-20,2,39.99,0.2,Delivered,AZ
ORD-003004,Amazon,SKU-1001,2026-02-04,1,76.49,0.15,Delivered,AZ
ORD-003005,Amazon,SKU-1002,2026-03-21,2,144.49,0.15,Delivered,MA
ORD-003006,Amazon,SKU-1008,2026-02-10,1,90.24,0.05,Delivered,FL
ORD-003007,Amazon,SKU-1002,2026-03-23,1,169.99,0.0,Delivered,TX
ORD-003008,Amazon,SKU-1001,2026-05-08,3,80.99,0.1,Delivered,MA
ORD-003009,Wayfair,SKU-1001,2026-03-31,4,89.99,0.0,Shipped,WA
ORD-003010,Wayfair,SKU-1001,2026-06-30,1,85.49,0.05,Delivered,WA
ORD-003011,Amazon,SKU-1002,2026-04-05,1,169.99,0.0,Shipped,NY
ORD-003012,Amazon,SKU-1002,2026-02-03,2,169.99,0.0,Delivered,IL
ORD-003013,Amazon,SKU-1008,2026-03-06,2,85.49,0.1,Delivered,CA
ORD-003014,Amazon,SKU-1007,2026-04-28,2,74.99,0.0,Delivered,FL
ORD-003015,Wayfair,SKU-1005,2026-03-04,1,111.99,0.2,Delivered,CA
ORD-003016,eBay,SKU-1004,2026-04-14,1,42.49,0.15,Delivered,FL
ORD-003017,eBay,SKU-1007,2026-06-26,1,74.99,0.0,Delivered,IL
ORD-003018,Amazon,SKU-1005,2026-05-27,1,139.99,0.0,Delivered,TX
ORD-003019,Wayfair,SKU-1004,2026-04-13,1,49.99,0.0,Shipped,FL
ORD-003020,Amazon,SKU-1004,2026-03-10,2,42.49,0.15,Delivered,NY
ORD-003021,Amazon,SKU-1007,2026-06-28,1,71.24,0.05,Shipped,AZ
ORD-003022,Amazon,SKU-1003,2026-02-17,1,224.99,0.1,Delivered,WA
ORD-003023,Amazon,SKU-1007,2026-04-24,1,74.99,0.0,Delivered,CA
ORD-003024,Amazon,SKU-1005,2026-07-22,2,132.99,0.05,Delivered,AZ
ORD-003025,Amazon,SKU-1004,2026-06-01,1,49.99,0.0,Delivered,TX
ORD-003026,Wayfair,SKU-1001,2026-06-10,1,80.99,0.1,Delivered,IL
ORD-003027,Wayfair,SKU-1003,2026-03-02,1,224.99,0.1,Cancelled,TX
ORD-003028,Amazon,SKU-1004,2026-05-23,1,49.99,0.0,Delivered,MA
ORD-003029,eBay,SKU-1008,2026-07-02,1,90.24,0.05,Delivered,TX
ORD-003030,Amazon,SKU-1005,2026-04-30,1,132.99,0.05,Delivered,NY
ORD-003031,Amazon,SKU-1001,2026-07-14,1,80.99,0.1,Delivered,FL
ORD-003032,Amazon,SKU-1007,2026-04-25,1,67.49,0.1,Delivered,NY
ORD-003033,eBay,SKU-1002,2026-04-11,1,169.99,0.0,Delivered,CA
ORD-003034,Amazon,SKU-1003,2026-07-15,2,224.99,0.1,Delivered,FL
ORD-003035,Amazon,SKU-1002,2026-03-20,2,169.99,0.0,Delivered,CA
ORD-003036,eBay,SKU-1006,2026-07-14,1,116.99,0.1,Cancelled,NY
ORD-003037,Amazon,SKU-1004,2026-04-07,2,47.49,0.05,Delivered,MA
ORD-003038,Amazon,SKU-1007,2026-04-13,1,71.24,0.05,Delivered,CA
ORD-003039,eBay,SKU-1001,2026-05-19,1,80.99,0.1,Delivered,CA
ORD-003040,Amazon,SKU-1004,2026-04-30,2,49.99,0.0,Delivered,NY
ORD-003041,Amazon,SKU-1002,2026-04-15,1,169.99,0.0,Delivered,CA
ORD-003042,Amazon,SKU-1006,2026-03-30,1,116.99,0.1,Delivered,CA
ORD-003043,Wayfair,SKU-1002,2026-02-25,1,161.49,0.05,Delivered,CA
ORD-003044,Wayfair,SKU-1001,2026-06-17,1,85.49,0.05,Delivered,NY
ORD-003045,Wayfair,SKU-1004,2026-05-20,2,49.99,0.0,Cancelled,AZ
ORD-003046,Amazon,SKU-1004,2026-06-16,2,49.99,0.0,Delivered,TX
ORD-003047,Amazon,SKU-1004,2026-05-21,1,44.99,0.1,Delivered,AZ
ORD-003048,Amazon,SKU-1006,2026-03-24,2,129.99,0.0,Delivered,IL
ORD-003049,eBay,SKU-1002,2026-05-24,1,144.49,0.15,Delivered,NY
ORD-003050,Wayfair,SKU-1002,2026-03-03,3,169.99,0.0,Delivered,NY
ORD-003051,Amazon,SKU-1008,2026-06-04,3,80.74,0.15,Delivered,NY
ORD-003052,eBay,SKU-1006,2026-07-06,1,123.49,0.05,Delivered,TX
ORD-003053,Amazon,SKU-1004,2026-04-26,2,49.99,0.0,Delivered,CA
ORD-003054,Wayfair,SKU-1001,2026-07-10,1,89.99,0.0,Delivered,CA
ORD-003055,Amazon,SKU-1008,2026-03-30,1,94.99,0.0,Delivered,IL
ORD-003056,Amazon,SKU-1002,2026-05-22,2,152.99,0.1,Delivered,NY
ORD-003057,Amazon,SKU-1002,2026-02-04,1,144.49,0.15,Delivered,TX
ORD-003058,Wayfair,SKU-1002,2026-03-09,1,161.49,0.05,Delivered,NY
ORD-003059,Amazon,SKU-1002,2026-08-01,1,161.49,0.05,Cancelled,CA
ORD-003060,Amazon,SKU-1003,2026-04-29,1,249.99,0.0,Delivered,TX
ORD-003061,eBay,SKU-1001,2026-04-03,1,85.49,0.05,Delivered,IL
ORD-003062,Amazon,SKU-1005,2026-06-18,1,125.99,0.1,Delivered,NY
ORD-003063,Amazon,SKU-1005,2026-02-26,1,139.99,0.0,Delivered,FL
ORD-003064,Amazon,SKU-1002,2026-05-14,2,169.99,0.0,Delivered,AZ
ORD-003065,Amazon,SKU-1008,2026-05-19,1,94.99,0.0,Delivered,WA
ORD-003066,Amazon,SKU-1004,2026-06-23,3,42.49,0.15,Shipped,TX
ORD-003067,eBay,SKU-1003,2026-06-14,1,237.49,0.05,Delivered,CA
ORD-003068,Amazon,SKU-1001,2026-07-30,1,76.49,0.15,Delivered,FL
ORD-003069,eBay,SKU-1003,2026-07-18,2,237.49,0.05,Delivered,MA
ORD-003070,eBay,SKU-1003,2026-05-22,1,212.49,0.15,Delivered,TX
ORD-003071,Amazon,SKU-1002,2026-06-12,1,169.99,0.0,Delivered,NY
ORD-003072,Wayfair,SKU-1002,2026-06-02,2,144.49,0.15,Delivered,MA
ORD-003073,Amazon,SKU-1002,2026-05-18,2,161.49,0.05,Delivered,TX
ORD-003074,Amazon,SKU-1001,2026-06-13,1,85.49,0.05,Delivered,CA
ORD-003075,eBay,SKU-1007,2026-02-13,1,67.49,0.1,Delivered,CA
ORD-003076,Amazon,SKU-1006,2026-06-13,1,110.49,0.15,Delivered,NY
ORD-003077,eBay,SKU-1004,2026-04-23,2,47.49,0.05,Shipped,AZ
ORD-003078,Amazon,SKU-1005,2026-03-09,2,125.99,0.1,Delivered,WA
ORD-003079,eBay,SKU-1005,2026-02-21,1,139.99,0.0,Delivered,CA
ORD-003080,Amazon,SKU-1004,2026-02-17,2,49.99,0.0,Delivered,MA
ORD-003081,Wayfair,SKU-1006,2026-06-03,1,116.99,0.1,Delivered,IL
ORD-003082,eBay,SKU-1004,2026-07-24,4,44.99,0.1,Processing,NY
ORD-003083,Amazon,SKU-1005,2026-04-25,3,125.99,0.1,Delivered,TX
ORD-003084,eBay,SKU-1001,2026-02-03,1,80.99,0.1,Delivered,TX
ORD-003085,Amazon,SKU-1004,2026-02-09,1,44.99,0.1,Delivered,MA
ORD-003086,Wayfair,SKU-1002,2026-07-24,2,135.99,0.2,Delivered,MA
ORD-003087,Amazon,SKU-1005,2026-04-15,1,132.99,0.05,Cancelled,NY
ORD-003088,eBay,SKU-1008,2026-02-18,1,85.49,0.1,Delivered,CA
ORD-003089,eBay,SKU-1002,2026-03-15,3,169.99,0.0,Delivered,FL
ORD-003090,eBay,SKU-1007,2026-04-05,2,67.49,0.1,Shipped,WA
ORD-003091,Amazon,SKU-1007,2026-06-19,1,71.24,0.05,Shipped,CA
ORD-003092,Wayfair,SKU-1005,2026-04-12,1,125.99,0.1,Delivered,WA
ORD-003093,eBay,SKU-1005,2026-02-15,1,132.99,0.05,Delivered,IL
ORD-003094,eBay,SKU-1008,2026-07-19,1,94.99,0.0,Delivered,NY
ORD-003095,Amazon,SKU-1001,2026-07-05,3,89.99,0.0,Delivered,NY
ORD-003096,Amazon,SKU-1001,2026-07-13,1,85.49,0.05,Delivered,MA
ORD-003097,Amazon,SKU-1001,2026-03-12,1,85.49,0.05,Delivered,CA
ORD-003098,Amazon,SKU-1007,2026-04-19,2,74.99,0.0,Delivered,WA
ORD-003099,Amazon,SKU-1001,2026-06-11,1,71.99,0.2,Delivered,CA
ORD-003100,eBay,SKU-1005,2026-02-24,1,132.99,0.05,Delivered,FL
ORD-003101,eBay,SKU-1001,2026-05-11,2,89.99,0.0,Delivered,NY
ORD-003102,Amazon,SKU-1001,2026-03-08,2,89.99,0.0,Delivered,CA
ORD-003103,Amazon,SKU-1007,2026-05-20,1,63.74,0.15,Delivered,TX
ORD-003104,eBay,SKU-1003,2026-07-13,1,237.49,0.05,Delivered,FL
ORD-003105,Amazon,SKU-1007,2026-02-03,1,74.99,0.0,Delivered,IL
ORD-003106,Amazon,SKU-1008,2026-03-15,1,94.99,0.0,Delivered,CA
ORD-003107,Wayfair,SKU-1001,2026-03-31,1,89.99,0.0,Delivered,AZ
ORD-003108,Amazon,SKU-1005,2026-08-01,1,132.99,0.05,Delivered,NY
ORD-003109,eBay,SKU-1001,2026-04-05,1,89.99,0.0,Delivered,WA
ORD-003110,Amazon,SKU-1001,2026-07-30,2,89.99,0.0,Delivered,WA
ORD-003111,eBay,SKU-1007,2026-04-14,1,59.99,0.2,Shipped,IL
ORD-003112,Wayfair,SKU-1002,2026-06-12,1,169.99,0.0,Shipped,FL
ORD-003113,Amazon,SKU-1008,2026-05-07,1,85.49,0.1,Delivered,MA
ORD-003114,Amazon,SKU-1008,2026-02-11,1,85.49,0.1,Delivered,FL
ORD-003115,Amazon,SKU-1004,2026-02-20,1,47.49,0.05,Delivered,NY
ORD-003116,Wayfair,SKU-1008,2026-03-18,1,94.99,0.0,Delivered,FL
ORD-003117,Amazon,SKU-1004,2026-05-18,1,49.99,0.0,Delivered,NY
ORD-003118,Wayfair,SKU-1008,2026-06-27,1,94.99,0.0,Delivered,NY
ORD-003119,Wayfair,SKU-1008,2026-07-05,1,94.99,0.0,Delivered,FL
ORD-003120,Amazon,SKU-1008,2026-03-29,1,90.24,0.05,Processing,MA
ORD-003121,Amazon,SKU-1004,2026-06-08,1,49.99,0.0,Delivered,NY
ORD-003122,Amazon,SKU-1003,2026-06-16,1,237.49,0.05,Shipped,TX
ORD-003123,Amazon,SKU-1005,2026-04-26,1,132.99,0.05,Processing,IL
ORD-003124,Wayfair,SKU-1001,2026-05-16,1,89.99,0.0,Delivered,TX
ORD-003125,eBay,SKU-1006,2026-06-01,3,129.99,0.0,Delivered,IL
ORD-003126,eBay,SKU-1001,2026-07-18,1,76.49,0.15,Shipped,IL
ORD-003127,Amazon,SKU-1005,2026-03-04,1,132.99,0.05,Delivered,TX
ORD-003128,Wayfair,SKU-1008,2026-06-02,1,90.24,0.05,Delivered,WA
ORD-003129,Amazon,SKU-1007,2026-03-14,2,67.49,0.1,Delivered,TX
ORD-003130,eBay,SKU-1001,2026-07-18,1,85.49,0.05,Delivered,AZ
ORD-003131,Wayfair,SKU-1001,2026-05-22,1,71.99,0.2,Delivered,MA
ORD-003132,eBay,SKU-1004,2026-03-06,3,47.49,0.05,Cancelled,IL
ORD-003133,Wayfair,SKU-1008,2026-02-10,1,80.74,0.15,Delivered,CA
ORD-003134,Amazon,SKU-1001,2026-05-06,1,76.49,0.15,Delivered,NY
ORD-003135,Amazon,SKU-1001,2026-06-28,1,85.49,0.05,Delivered,WA
ORD-003136,Wayfair,SKU-1006,2026-04-17,2,129.99,0.0,Delivered,MA
ORD-003137,Amazon,SKU-1004,2026-03-15,1,39.99,0.2,Delivered,NY
ORD-003138,Wayfair,SKU-1005,2026-02-26,1,132.99,0.05,Delivered,WA
ORD-003139,Wayfair,SKU-1001,2026-05-02,1,89.99,0.0,Delivered,IL
ORD-003140,Amazon,SKU-1002,2026-07-29,1,161.49,0.05,Shipped,FL
ORD-003141,Amazon,SKU-1001,2026-06-05,1,89.99,0.0,Delivered,IL
ORD-003142,Wayfair,SKU-1007,2026-04-22,1,74.99,0.0,Delivered,CA
ORD-003143,Amazon,SKU-1002,2026-05-26,2,161.49,0.05,Shipped,IL
ORD-003144,Amazon,SKU-1003,2026-02-03,1,237.49,0.05,Delivered,IL
ORD-003145,eBay,SKU-1005,2026-07-13,1,118.99,0.15,Delivered,IL
ORD-003146,Amazon,SKU-1003,2026-04-04,3,249.99,0.0,Delivered,TX
ORD-003147,Amazon,SKU-1002,2026-04-08,1,152.99,0.1,Delivered,TX
ORD-003148,Amazon,SKU-1001,2026-02-22,2,80.99,0.1,Delivered,AZ
ORD-003149,eBay,SKU-1002,2026-07-10,1,169.99,0.0,Delivered,CA
ORD-003150,eBay,SKU-1004,2026-06-03,1,49.99,0.0,Delivered,AZ
ORD-003151,eBay,SKU-1007,2026-04-24,2,74.99,0.0,Delivered,CA
ORD-003152,eBay,SKU-1007,2026-06-21,1,74.99,0.0,Delivered,WA
ORD-003153,Amazon,SKU-1005,2026-03-15,2,125.99,0.1,Delivered,FL
ORD-003154,Amazon,SKU-1008,2026-05-15,1,94.99,0.0,Cancelled,IL
ORD-003155,Amazon,SKU-1006,2026-02-05,1,129.99,0.0,Delivered,TX
ORD-003156,Amazon,SKU-1008,2026-07-29,1,90.24,0.05,Shipped,WA
ORD-003157,Amazon,SKU-1003,2026-03-25,1,249.99,0.0,Cancelled,TX
ORD-003158,Amazon,SKU-1007,2026-06-11,3,67.49,0.1,Shipped,NY
ORD-003159,Wayfair,SKU-1004,2026-06-24,1,39.99,0.2,Delivered,CA
ORD-003160,Amazon,SKU-1006,2026-07-31,1,123.49,0.05,Delivered,WA
ORD-003161,Amazon,SKU-1008,2026-03-30,1,94.99,0.0,Shipped,CA
ORD-003162,Amazon,SKU-1004,2026-04-28,1,47.49,0.05,Delivered,TX
ORD-003163,Amazon,SKU-1007,2026-07-20,1,71.24,0.05,Delivered,TX
ORD-003164,eBay,SKU-1004,2026-03-14,1,49.99,0.0,Delivered,NY
ORD-003165,Amazon,SKU-1001,2026-04-12,1,89.99,0.0,Delivered,WA
ORD-003166,Wayfair,SKU-1007,2026-07-25,2,67.49,0.1,Processing,AZ
ORD-003167,eBay,SKU-1001,2026-04-17,1,89.99,0.0,Delivered,TX
ORD-003168,Amazon,SKU-1002,2026-06-06,2,135.99,0.2,Delivered,NY
ORD-003169,eBay,SKU-1002,2026-06-29,1,169.99,0.0,Delivered,CA
ORD-003170,Amazon,SKU-1006,2026-06-18,1,129.99,0.0,Delivered,FL
ORD-003171,Amazon,SKU-1004,2026-05-12,1,49.99,0.0,Delivered,CA
ORD-003172,Amazon,SKU-1002,2026-04-04,1,169.99,0.0,Delivered,IL
ORD-003173,Amazon,SKU-1008,2026-07-14,1,85.49,0.1,Delivered,FL
ORD-003174,Amazon,SKU-1001,2026-02-13,1,71.99,0.2,Delivered,IL
ORD-003175,Amazon,SKU-1005,2026-03-08,1,139.99,0.0,Delivered,CA
ORD-003176,eBay,SKU-1008,2026-06-27,1,90.24,0.05,Delivered,CA
ORD-003177,Amazon,SKU-1005,2026-05-13,1,132.99,0.05,Delivered,CA
ORD-003178,Amazon,SKU-1007,2026-06-08,3,67.49,0.1,Delivered,TX
ORD-003179,Wayfair,SKU-1005,2026-02-13,1,125.99,0.1,Cancelled,TX
ORD-003180,Amazon,SKU-1003,2026-06-13,1,237.49,0.05,Delivered,CA
ORD-003181,Amazon,SKU-1004,2026-07-13,1,49.99,0.0,Delivered,AZ
ORD-003182,Amazon,SKU-1007,2026-05-16,1,74.99,0.0,Shipped,NY
ORD-003183,eBay,SKU-1001,2026-02-15,1,89.99,0.0,Delivered,MA
ORD-003184,Wayfair,SKU-1004,2026-03-09,1,49.99,0.0,Delivered,TX
ORD-003185,Amazon,SKU-1007,2026-05-20,3,74.99,0.0,Delivered,TX
ORD-003186,Amazon,SKU-1008,2026-05-06,1,94.99,0.0,Delivered,CA
ORD-003187,eBay,SKU-1004,2026-07-14,3,49.99,0.0,Shipped,TX
ORD-003188,Amazon,SKU-1001,2026-06-28,1,89.99,0.0,Delivered,CA
ORD-003189,Amazon,SKU-1002,2026-05-26,1,169.99,0.0,Delivered,TX
ORD-003190,Amazon,SKU-1006,2026-07-26,2,116.99,0.1,Cancelled,NY
ORD-003191,eBay,SKU-1001,2026-03-05,1,80.99,0.1,Delivered,MA
ORD-003192,Amazon,SKU-1005,2026-05-24,3,118.99,0.15,Shipped,NY
ORD-003193,Amazon,SKU-1002,2026-03-05,1,169.99,0.0,Delivered,FL
ORD-003194,eBay,SKU-1002,2026-05-30,1,135.99,0.2,Delivered,NY
ORD-003195,Wayfair,SKU-1007,2026-07-29,1,71.24,0.05,Delivered,FL
ORD-003196,Amazon,SKU-1002,2026-07-16,1,169.99,0.0,Delivered,TX
ORD-003197,Amazon,SKU-1004,2026-03-10,1,47.49,0.05,Delivered,IL
ORD-003198,Amazon,SKU-1001,2026-05-16,1,89.99,0.0,Shipped,MA
ORD-003199,eBay,SKU-1003,2026-05-14,3,212.49,0.15,Delivered,FL
ORD-003200,Amazon,SKU-1005,2026-03-16,1,118.99,0.15,Delivered,WA
ORD-003201,Amazon,SKU-1002,2026-04-29,1,169.99,0.0,Delivered,CA
ORD-003202,Amazon,SKU-1005,2026-02-02,1,132.99,0.05,Delivered,IL
ORD-003203,Amazon,SKU-1004,2026-03-28,3,47.49,0.05,Delivered,FL
ORD-003204,eBay,SKU-1001,2026-07-24,1,80.99,0.1,Shipped,TX
ORD-003205,Amazon,SKU-1002,2026-05-12,1,144.49,0.15,Delivered,FL
ORD-003206,Amazon,SKU-1005,2026-06-23,3,139.99,0.0,Delivered,AZ
ORD-003207,Wayfair,SKU-1007,2026-03-28,1,74.99,0.0,Delivered,MA
ORD-003208,Amazon,SKU-1006,2026-03-06,1,123.49,0.05,Delivered,MA
ORD-003209,eBay,SKU-1004,2026-07-31,3,39.99,0.2,Delivered,TX
ORD-003210,Wayfair,SKU-1004,2026-05-26,1,47.49,0.05,Delivered,NY
ORD-003211,eBay,SKU-1001,2026-03-17,1,80.99,0.1,Delivered,TX
ORD-003212,Amazon,SKU-1006,2026-06-03,2,129.99,0.0,Delivered,AZ
ORD-003213,eBay,SKU-1002,2026-05-24,1,152.99,0.1,Delivered,NY
ORD-003214,Amazon,SKU-1004,2026-02-02,2,49.99,0.0,Delivered,AZ
ORD-003215,Amazon,SKU-1002,2026-06-12,1,169.99,0.0,Shipped,IL
ORD-003216,Wayfair,SKU-1004,2026-04-10,3,44.99,0.1,Delivered,NY
ORD-003217,Amazon,SKU-1003,2026-07-02,1,237.49,0.05,Delivered,FL
ORD-003218,eBay,SKU-1007,2026-06-29,2,67.49,0.1,Shipped,FL
ORD-003219,eBay,SKU-1001,2026-08-01,1,89.99,0.0,Delivered,AZ
ORD-003220,Amazon,SKU-1007,2026-04-15,1,67.49,0.1,Delivered,IL
ORD-003221,Amazon,SKU-1007,2026-03-29,1,67.49,0.1,Cancelled,TX
ORD-003222,Amazon,SKU-1004,2026-03-14,2,47.49,0.05,Delivered,FL
ORD-003223,eBay,SKU-1006,2026-02-28,1,129.99,0.0,Delivered,TX
ORD-003224,eBay,SKU-1001,2026-03-20,1,89.99,0.0,Delivered,AZ
ORD-003225,Wayfair,SKU-1002,2026-07-03,3,152.99,0.1,Delivered,NY
ORD-003226,Wayfair,SKU-1002,2026-07-15,1,169.99,0.0,Delivered,NY
ORD-003227,Wayfair,SKU-1004,2026-06-10,1,42.49,0.15,Delivered,NY
ORD-003228,eBay,SKU-1005,2026-02-16,1,132.99,0.05,Shipped,CA
ORD-003229,Amazon,SKU-1004,2026-02-21,4,49.99,0.0,Delivered,FL
ORD-003230,Amazon,SKU-1003,2026-06-29,1,199.99,0.2,Cancelled,NY
ORD-003231,Amazon,SKU-1007,2026-05-22,1,71.24,0.05,Delivered,IL
ORD-003232,eBay,SKU-1002,2026-04-04,3,144.49,0.15,Shipped,NY
ORD-003233,Wayfair,SKU-1002,2026-02-14,2,169.99,0.0,Delivered,NY
ORD-003234,Amazon,SKU-1004,2026-02-27,1,49.99,0.0,Delivered,NY
ORD-003235,Wayfair,SKU-1004,2026-04-27,1,42.49,0.15,Delivered,TX
ORD-003236,Amazon,SKU-1007,2026-06-08,1,59.99,0.2,Delivered,NY
ORD-003237,Amazon,SKU-1002,2026-05-11,1,169.99,0.0,Shipped,NY
ORD-003238,Amazon,SKU-1004,2026-07-26,1,49.99,0.0,Delivered,TX
ORD-003239,Amazon,SKU-1001,2026-04-08,2,89.99,0.0,Delivered,FL
ORD-003240,Amazon,SKU-1004,2026-03-10,2,44.99,0.1,Delivered,NY
ORD-003241,Amazon,SKU-1004,2026-06-13,2,44.99,0.1,Shipped,AZ
ORD-003242,Amazon,SKU-1006,2026-04-05,1,129.99,0.0,Delivered,IL
ORD-003243,Wayfair,SKU-1002,2026-06-13,1,169.99,0.0,Delivered,WA
ORD-003244,Amazon,SKU-1006,2026-06-18,1,103.99,0.2,Delivered,TX
ORD-003245,Amazon,SKU-1001,2026-06-30,1,80.99,0.1,Delivered,IL
ORD-003246,Amazon,SKU-1004,2026-06-29,2,49.99,0.0,Delivered,MA
ORD-003247,Amazon,SKU-1004,2026-05-05,1,49.99,0.0,Delivered,TX
ORD-003248,Amazon,SKU-1001,2026-05-09,2,85.49,0.05,Cancelled,MA
ORD-003249,Amazon,SKU-1001,2026-07-15,1,89.99,0.0,Delivered,CA
ORD-003250,Wayfair,SKU-1003,2026-06-22,1,237.49,0.05,Delivered,CA
ORD-003251,Amazon,SKU-1005,2026-07-18,2,118.99,0.15,Shipped,MA
ORD-003252,Amazon,SKU-1003,2026-03-09,1,249.99,0.0,Shipped,CA
ORD-003253,Amazon,SKU-1002,2026-02-12,1,161.49,0.05,Delivered,NY
ORD-003254,Amazon,SKU-1003,2026-05-05,1,199.99,0.2,Delivered,TX
ORD-003255,Amazon,SKU-1004,2026-04-11,4,44.99,0.1,Delivered,CA
ORD-003256,eBay,SKU-1004,2026-03-07,2,49.99,0.0,Delivered,AZ
ORD-003257,Wayfair,SKU-1006,2026-04-13,1,129.99,0.0,Delivered,IL
ORD-003258,Wayfair,SKU-1002,2026-02-09,2,169.99,0.0,Delivered,WA
ORD-003259,Amazon,SKU-1007,2026-05-20,2,74.99,0.0,Delivered,CA
ORD-003260,Amazon,SKU-1008,2026-02-02,1,94.99,0.0,Delivered,WA
ORD-003261,eBay,SKU-1005,2026-05-08,1,125.99,0.1,Delivered,IL
ORD-003262,Amazon,SKU-1001,2026-03-12,1,89.99,0.0,Delivered,TX
ORD-003263,Amazon,SKU-1003,2026-07-11,1,224.99,0.1,Delivered,MA
ORD-003264,Amazon,SKU-1002,2026-03-10,1,161.49,0.05,Delivered,NY
ORD-003265,Wayfair,SKU-1005,2026-03-17,1,125.99,0.1,Delivered,CA
ORD-003266,eBay,SKU-1007,2026-05-22,1,74.99,0.0,Shipped,FL
ORD-003267,Amazon,SKU-1005,2026-06-23,1,132.99,0.05,Delivered,TX
ORD-003268,eBay,SKU-1002,2026-05-26,1,169.99,0.0,Delivered,FL
ORD-003269,Wayfair,SKU-1008,2026-06-21,1,85.49,0.1,Shipped,IL
ORD-003270,Amazon,SKU-1004,2026-07-01,1,47.49,0.05,Delivered,FL
ORD-003271,Wayfair,SKU-1003,2026-07-12,1,249.99,0.0,Delivered,NY
ORD-003272,Amazon,SKU-1004,2026-03-26,1,42.49,0.15,Delivered,WA
ORD-003273,Amazon,SKU-1004,2026-07-03,1,49.99,0.0,Delivered,WA
ORD-003274,Amazon,SKU-1006,2026-04-28,2,123.49,0.05,Shipped,CA
ORD-003275,eBay,SKU-1008,2026-06-20,1,94.99,0.0,Delivered,IL
ORD-003276,Amazon,SKU-1004,2026-02-08,1,47.49,0.05,Delivered,NY
ORD-003277,Wayfair,SKU-1007,2026-02-11,2,74.99,0.0,Delivered,CA
ORD-003278,eBay,SKU-1007,2026-03-10,1,71.24,0.05,Delivered,TX
ORD-003279,eBay,SKU-1006,2026-05-24,1,123.49,0.05,Delivered,CA
ORD-003280,Amazon,SKU-1006,2026-06-07,1,123.49,0.05,Delivered,FL
ORD-003281,Amazon,SKU-1006,2026-03-22,1,116.99,0.1,Delivered,NY
ORD-003282,Amazon,SKU-1002,2026-03-17,2,161.49,0.05,Shipped,CA
ORD-003283,eBay,SKU-1003,2026-07-26,2,249.99,0.0,Delivered,CA
ORD-003284,Amazon,SKU-1001,2026-06-04,1,80.99,0.1,Processing,FL
ORD-003285,Amazon,SKU-1006,2026-02-13,1,103.99,0.2,Delivered,CA
ORD-003286,Amazon,SKU-1001,2026-06-05,3,85.49,0.05,Delivered,IL
ORD-003287,Wayfair,SKU-1008,2026-04-25,2,94.99,0.0,Delivered,NY
ORD-003288,eBay,SKU-1003,2026-06-18,1,224.99,0.1,Delivered,NY
ORD-003289,eBay,SKU-1007,2026-06-19,1,63.74,0.15,Delivered,MA
ORD-003290,eBay,SKU-1007,2026-05-04,1,74.99,0.0,Delivered,NY
ORD-003291,Amazon,SKU-1007,2026-04-02,2,74.99,0.0,Shipped,MA
ORD-003292,Amazon,SKU-1007,2026-03-29,3,71.24,0.05,Delivered,IL
ORD-003293,Amazon,SKU-1004,2026-03-04,1,39.99,0.2,Delivered,WA
ORD-003294,Wayfair,SKU-1002,2026-07-23,1,169.99,0.0,Delivered,NY
ORD-003295,eBay,SKU-1004,2026-02-11,1,44.99,0.1,Delivered,TX
ORD-003296,Amazon,SKU-1006,2026-03-15,4,129.99,0.0,Delivered,CA
ORD-003297,eBay,SKU-1007,2026-02-19,1,71.24,0.05,Delivered,TX
ORD-003298,Amazon,SKU-1004,2026-06-01,3,49.99,0.0,Shipped,AZ
ORD-003299,Amazon,SKU-1006,2026-03-05,1,123.49,0.05,Delivered,TX
ORD-003300,eBay,SKU-1001,2026-04-11,2,76.49,0.15,Delivered,NY
ORD-003301,Amazon,SKU-1004,2026-03-15,2,49.99,0.0,Delivered,NY
ORD-003302,eBay,SKU-1004,2026-04-16,2,49.99,0.0,Shipped,TX
ORD-003303,Amazon,SKU-1002,2026-07-30,2,152.99,0.1,Delivered,FL
ORD-003304,Wayfair,SKU-1006,2026-04-16,1,103.99,0.2,Delivered,WA
ORD-003305,Amazon,SKU-1001,2026-07-22,1,89.99,0.0,Delivered,MA
ORD-003306,Amazon,SKU-1007,2026-07-14,1,63.74,0.15,Delivered,WA
ORD-003307,eBay,SKU-1005,2026-03-21,1,118.99,0.15,Delivered,NY
ORD-003308,eBay,SKU-1001,2026-05-19,1,71.99,0.2,Delivered,MA
ORD-003309,Wayfair,SKU-1006,2026-04-14,1,103.99,0.2,Delivered,IL
ORD-003310,Amazon,SKU-1007,2026-07-30,3,74.99,0.0,Delivered,CA
ORD-003311,Amazon,SKU-1008,2026-05-25,3,90.24,0.05,Delivered,NY
ORD-003312,Amazon,SKU-1005,2026-06-03,2,132.99,0.05,Delivered,WA
ORD-003313,Amazon,SKU-1002,2026-04-13,1,161.49,0.05,Delivered,IL
ORD-003314,Amazon,SKU-1003,2026-05-14,3,249.99,0.0,Delivered,AZ
ORD-003315,Amazon,SKU-1003,2026-06-22,1,237.49,0.05,Delivered,CA
ORD-003316,eBay,SKU-1005,2026-05-04,2,132.99,0.05,Delivered,WA
ORD-003317,eBay,SKU-1003,2026-07-15,1,224.99,0.1,Delivered,AZ
ORD-003318,Amazon,SKU-1007,2026-02-13,1,63.74,0.15,Cancelled,AZ
ORD-003319,Amazon,SKU-1004,2026-03-19,2,49.99,0.0,Delivered,WA
ORD-003320,Wayfair,SKU-1002,2026-04-12,2,144.49,0.15,Delivered,FL
ORD-003321,Amazon,SKU-1004,2026-06-19,1,49.99,0.0,Delivered,TX
ORD-003322,Amazon,SKU-1002,2026-05-05,1,152.99,0.1,Delivered,NY
ORD-003323,eBay,SKU-1004,2026-03-24,1,49.99,0.0,Delivered,IL
ORD-003324,Amazon,SKU-1004,2026-07-02,2,49.99,0.0,Delivered,WA
ORD-003325,eBay,SKU-1003,2026-04-16,1,237.49,0.05,Delivered,CA
ORD-003326,eBay,SKU-1002,2026-05-08,1,169.99,0.0,Delivered,FL
ORD-003327,Amazon,SKU-1008,2026-03-26,1,94.99,0.0,Delivered,TX
ORD-003328,Amazon,SKU-1004,2026-03-17,1,39.99,0.2,Delivered,IL
ORD-003329,Amazon,SKU-1001,2026-02-13,1,89.99,0.0,Delivered,NY
ORD-003330,eBay,SKU-1001,2026-02-15,1,85.49,0.05,Shipped,CA
ORD-003331,Amazon,SKU-1004,2026-03-24,1,44.99,0.1,Delivered,MA
ORD-003332,eBay,SKU-1002,2026-02-05,1,169.99,0.0,Delivered,CA
ORD-003333,Wayfair,SKU-1004,2026-07-17,1,49.99,0.0,Delivered,WA
ORD-003334,Amazon,SKU-1008,2026-04-16,2,94.99,0.0,Shipped,CA
ORD-003335,Amazon,SKU-1004,2026-04-23,1,49.99,0.0,Delivered,CA
ORD-003336,Wayfair,SKU-1001,2026-05-21,2,89.99,0.0,Delivered,CA
ORD-003337,Amazon,SKU-1001,2026-02-11,1,89.99,0.0,Shipped,FL
ORD-003338,Amazon,SKU-1002,2026-05-08,1,161.49,0.05,Delivered,WA
ORD-003339,Amazon,SKU-1005,2026-02-21,1,139.99,0.0,Delivered,CA
ORD-003340,Amazon,SKU-1005,2026-07-16,1,139.99,0.0,Delivered,MA
ORD-003341,Amazon,SKU-1007,2026-07-05,1,67.49,0.1,Delivered,TX
ORD-003342,Amazon,SKU-1001,2026-06-10,1,80.99,0.1,Delivered,NY
ORD-003343,Amazon,SKU-1007,2026-07-01,1,74.99,0.0,Delivered,IL
ORD-003344,eBay,SKU-1006,2026-05-04,1,116.99,0.1,Delivered,NY
ORD-003345,Wayfair,SKU-1008,2026-04-13,1,90.24,0.05,Delivered,CA
ORD-003346,Amazon,SKU-1004,2026-05-16,2,49.99,0.0,Delivered,MA
ORD-003347,Amazon,SKU-1008,2026-04-28,1,94.99,0.0,Delivered,AZ
ORD-003348,Amazon,SKU-1008,2026-04-06,2,90.24,0.05,Delivered,NY
ORD-003349,Amazon,SKU-1003,2026-05-07,1,249.99,0.0,Delivered,NY
ORD-003350,Amazon,SKU-1003,2026-04-12,3,249.99,0.0,Delivered,WA
ORD-003351,Amazon,SKU-1003,2026-07-30,1,212.49,0.15,Delivered,WA
ORD-003352,Amazon,SKU-1007,2026-04-29,2,74.99,0.0,Delivered,AZ
ORD-003353,Amazon,SKU-1007,2026-07-03,1,74.99,0.0,Delivered,CA
ORD-003354,eBay,SKU-1004,2026-05-20,3,44.99,0.1,Delivered,TX
ORD-003355,Wayfair,SKU-1002,2026-04-16,1,169.99,0.0,Delivered,TX
ORD-003356,Amazon,SKU-1005,2026-02-27,1,132.99,0.05,Delivered,NY
ORD-003357,eBay,SKU-1005,2026-06-21,2,139.99,0.0,Delivered,AZ
ORD-003358,Amazon,SKU-1006,2026-02-27,1,116.99,0.1,Delivered,WA
ORD-003359,Amazon,SKU-1001,2026-06-09,2,85.49,0.05,Delivered,NY
ORD-003360,Wayfair,SKU-1002,2026-02-03,3,169.99,0.0,Delivered,IL
ORD-003361,Wayfair,SKU-1008,2026-02-06,1,94.99,0.0,Delivered,FL
ORD-003362,Wayfair,SKU-1001,2026-04-16,1,89.99,0.0,Delivered,IL
ORD-003363,Amazon,SKU-1004,2026-07-16,1,49.99,0.0,Delivered,AZ
ORD-003364,Wayfair,SKU-1002,2026-04-18,1,169.99,0.0,Delivered,CA
ORD-003365,Amazon,SKU-1001,2026-07-01,2,85.49,0.05,Delivered,CA
ORD-003366,Amazon,SKU-1004,2026-06-11,2,49.99,0.0,Delivered,CA
ORD-003367,Wayfair,SKU-1004,2026-04-17,1,49.99,0.0,Delivered,MA
ORD-003368,eBay,SKU-1001,2026-06-22,1,89.99,0.0,Delivered,CA
ORD-003369,Amazon,SKU-1008,2026-05-02,2,90.24,0.05,Delivered,IL
ORD-003370,eBay,SKU-1002,2026-07-01,1,152.99,0.1,Delivered,TX
ORD-003371,Amazon,SKU-1008,2026-07-22,1,90.24,0.05,Shipped,MA
ORD-003372,eBay,SKU-1002,2026-04-15,1,161.49,0.05,Shipped,TX
ORD-003373,Wayfair,SKU-1006,2026-05-24,1,129.99,0.0,Delivered,TX
ORD-003374,Amazon,SKU-1004,2026-02-04,3,47.49,0.05,Delivered,WA
ORD-003375,Amazon,SKU-1001,2026-04-22,1,76.49,0.15,Delivered,CA
ORD-003376,Wayfair,SKU-1004,2026-05-19,2,42.49,0.15,Delivered,FL
ORD-003377,Wayfair,SKU-1001,2026-07-10,1,89.99,0.0,Delivered,MA
ORD-003378,Amazon,SKU-1007,2026-04-27,1,74.99,0.0,Delivered,CA
ORD-003379,Amazon,SKU-1003,2026-02-17,1,237.49,0.05,Delivered,NY
ORD-003380,eBay,SKU-1008,2026-03-26,3,94.99,0.0,Delivered,IL
ORD-003381,eBay,SKU-1001,2026-02-24,2,89.99,0.0,Shipped,IL
ORD-003382,eBay,SKU-1001,2026-02-06,4,89.99,0.0,Delivered,AZ
ORD-003383,Wayfair,SKU-1002,2026-06-24,2,169.99,0.0,Delivered,CA
ORD-003384,Wayfair,SKU-1004,2026-04-19,1,42.49,0.15,Delivered,CA
ORD-003385,Amazon,SKU-1008,2026-05-24,1,90.24,0.05,Delivered,TX
ORD-003386,eBay,SKU-1004,2026-04-04,1,39.99,0.2,Delivered,WA
ORD-003387,Wayfair,SKU-1003,2026-07-20,4,249.99,0.0,Delivered,TX
ORD-003388,Amazon,SKU-1002,2026-05-02,1,169.99,0.0,Delivered,CA
ORD-003389,Amazon,SKU-1003,2026-05-18,1,249.99,0.0,Delivered,NY
ORD-003390,Amazon,SKU-1004,2026-05-01,1,39.99,0.2,Delivered,WA
ORD-003391,Wayfair,SKU-1006,2026-02-02,1,129.99,0.0,Delivered,IL
ORD-003392,Amazon,SKU-1008,2026-06-20,1,90.24,0.05,Delivered,AZ
ORD-003393,Amazon,SKU-1003,2026-04-15,1,199.99,0.2,Delivered,MA
ORD-003394,Amazon,SKU-1001,2026-07-12,2,89.99,0.0,Delivered,MA
ORD-003395,Amazon,SKU-1008,2026-05-06,2,94.99,0.0,Delivered,MA
ORD-003396,eBay,SKU-1004,2026-05-29,1,49.99,0.0,Delivered,TX
ORD-003397,Amazon,SKU-1003,2026-02-04,1,224.99,0.1,Delivered,AZ
ORD-003398,Amazon,SKU-1006,2026-03-30,1,116.99,0.1,Delivered,MA
ORD-003399,Amazon,SKU-1004,2026-02-12,2,47.49,0.05,Delivered,CA
ORD-003400,Wayfair,SKU-1001,2026-05-18,1,85.49,0.05,Delivered,MA
ORD-003401,Amazon,SKU-1007,2026-03-08,1,74.99,0.0,Delivered,CA
ORD-003402,Amazon,SKU-1006,2026-07-20,1,129.99,0.0,Delivered,CA
ORD-003403,Amazon,SKU-1004,2026-06-19,1,49.99,0.0,Delivered,CA
ORD-003404,eBay,SKU-1008,2026-04-19,1,94.99,0.0,Delivered,IL
ORD-003405,eBay,SKU-1002,2026-03-03,1,144.49,0.15,Delivered,CA
ORD-003406,eBay,SKU-1002,2026-04-23,1,135.99,0.2,Delivered,MA
ORD-003407,eBay,SKU-1002,2026-07-03,1,152.99,0.1,Shipped,NY
ORD-003408,eBay,SKU-1001,2026-07-22,1,85.49,0.05,Cancelled,FL
ORD-003409,Amazon,SKU-1004,2026-03-06,3,49.99,0.0,Delivered,AZ
ORD-003410,Amazon,SKU-1001,2026-04-27,1,89.99,0.0,Delivered,IL
ORD-003411,Amazon,SKU-1007,2026-02-26,3,74.99,0.0,Delivered,NY
ORD-003412,eBay,SKU-1004,2026-07-12,1,49.99,0.0,Delivered,NY
ORD-003413,eBay,SKU-1004,2026-02-07,1,44.99,0.1,Delivered,AZ
ORD-003414,Wayfair,SKU-1005,2026-07-24,4,132.99,0.05,Delivered,CA
ORD-003415,Amazon,SKU-1001,2026-07-21,1,76.49,0.15,Delivered,MA
ORD-003416,Wayfair,SKU-1008,2026-05-16,1,94.99,0.0,Shipped,FL
ORD-003417,Wayfair,SKU-1008,2026-05-08,1,94.99,0.0,Delivered,FL
ORD-003418,Amazon,SKU-1002,2026-02-02,2,161.49,0.05,Delivered,WA
ORD-003419,Amazon,SKU-1006,2026-03-13,1,116.99,0.1,Delivered,NY
ORD-003420,Amazon,SKU-1006,2026-05-20,1,129.99,0.0,Delivered,NY
ORD-003421,Amazon,SKU-1008,2026-04-24,1,94.99,0.0,Delivered,NY
ORD-003422,Amazon,SKU-1005,2026-06-23,1,139.99,0.0,Delivered,FL
ORD-003423,eBay,SKU-1002,2026-07-09,1,161.49,0.05,Shipped,TX
ORD-003424,eBay,SKU-1003,2026-06-09,2,249.99,0.0,Shipped,IL
ORD-003425,eBay,SKU-1004,2026-04-04,2,42.49,0.15,Delivered,TX
ORD-003426,Amazon,SKU-1001,2026-02-22,1,89.99,0.0,Delivered,TX
ORD-003427,Wayfair,SKU-1002,2026-07-05,1,161.49,0.05,Delivered,TX
ORD-003428,Wayfair,SKU-1008,2026-05-11,1,90.24,0.05,Shipped,CA
ORD-003429,Amazon,SKU-1002,2026-02-17,1,152.99,0.1,Delivered,CA
ORD-003430,eBay,SKU-1007,2026-04-17,1,63.74,0.15,Shipped,TX
ORD-003431,Wayfair,SKU-1004,2026-06-16,1,49.99,0.0,Delivered,IL
ORD-003432,Amazon,SKU-1005,2026-07-28,1,139.99,0.0,Delivered,NY
ORD-003433,eBay,SKU-1008,2026-03-07,1,94.99,0.0,Delivered,MA
ORD-003434,Amazon,SKU-1002,2026-07-27,1,169.99,0.0,Delivered,FL
ORD-003435,Wayfair,SKU-1004,2026-02-03,1,39.99,0.2,Shipped,IL
ORD-003436,Amazon,SKU-1008,2026-04-02,1,90.24,0.05,Delivered,IL
ORD-003437,Amazon,SKU-1007,2026-03-12,1,74.99,0.0,Delivered,CA
ORD-003438,Amazon,SKU-1002,2026-05-08,1,161.49,0.05,Delivered,FL
ORD-003439,eBay,SKU-1001,2026-03-21,2,85.49,0.05,Delivered,NY
ORD-003440,Amazon,SKU-1002,2026-07-25,1,161.49,0.05,Delivered,TX
ORD-003441,Amazon,SKU-1008,2026-05-28,1,90.24,0.05,Delivered,TX
ORD-003442,eBay,SKU-1003,2026-03-29,1,249.99,0.0,Cancelled,WA
ORD-003443,Wayfair,SKU-1004,2026-06-18,2,49.99,0.0,Delivered,NY
ORD-003444,Amazon,SKU-1003,2026-02-05,2,249.99,0.0,Delivered,IL
ORD-003445,eBay,SKU-1002,2026-02-28,3,152.99,0.1,Cancelled,NY
ORD-003446,Amazon,SKU-1004,2026-02-16,1,47.49,0.05,Delivered,IL
ORD-003447,Amazon,SKU-1001,2026-06-29,1,89.99,0.0,Delivered,TX
ORD-003448,Amazon,SKU-1004,2026-02-20,2,47.49,0.05,Delivered,TX
ORD-003449,Amazon,SKU-1006,2026-07-12,1,110.49,0.15,Delivered,FL
ORD-003450,Amazon,SKU-1004,2026-04-28,1,49.99,0.0,Delivered,CA
ORD-003451,Amazon,SKU-1003,2026-03-09,1,237.49,0.05,Delivered,WA
ORD-003452,Amazon,SKU-1003,2026-06-09,1,249.99,0.0,Delivered,TX
ORD-003453,Amazon,SKU-1001,2026-04-05,1,89.99,0.0,Delivered,FL
ORD-003454,Wayfair,SKU-1004,2026-03-12,2,44.99,0.1,Delivered,CA
ORD-003455,eBay,SKU-1004,2026-07-12,1,49.99,0.0,Delivered,CA
ORD-003456,Wayfair,SKU-1004,2026-04-09,1,47.49,0.05,Delivered,WA
ORD-003457,Amazon,SKU-1004,2026-04-30,2,42.49,0.15,Delivered,CA
ORD-003458,eBay,SKU-1007,2026-02-09,2,67.49,0.1,Delivered,NY
ORD-003459,Amazon,SKU-1003,2026-03-30,2,249.99,0.0,Shipped,NY
ORD-003460,Amazon,SKU-1008,2026-05-01,1,85.49,0.1,Delivered,MA
ORD-003461,Amazon,SKU-1003,2026-05-11,1,199.99,0.2,Delivered,NY
ORD-003462,Amazon,SKU-1003,2026-03-16,1,224.99,0.1,Delivered,TX
ORD-003463,Amazon,SKU-1001,2026-07-12,1,89.99,0.0,Delivered,CA
ORD-003464,Amazon,SKU-1005,2026-06-18,3,118.99,0.15,Delivered,WA
ORD-003465,eBay,SKU-1007,2026-05-27,2,67.49,0.1,Delivered,MA
ORD-003466,eBay,SKU-1006,2026-07-09,1,116.99,0.1,Delivered,AZ
ORD-003467,Amazon,SKU-1007,2026-06-29,1,74.99,0.0,Shipped,NY
ORD-003468,Amazon,SKU-1001,2026-03-24,1,85.49,0.05,Delivered,AZ
ORD-003469,eBay,SKU-1008,2026-07-30,1,80.74,0.15,Cancelled,WA
ORD-003470,Wayfair,SKU-1004,2026-05-08,1,47.49,0.05,Delivered,CA
ORD-003471,Amazon,SKU-1001,2026-07-08,1,89.99,0.0,Delivered,WA
ORD-003472,Wayfair,SKU-1008,2026-03-10,2,94.99,0.0,Delivered,AZ
ORD-003473,Wayfair,SKU-1006,2026-07-30,2,129.99,0.0,Delivered,NY
ORD-003474,eBay,SKU-1004,2026-02-05,1,49.99,0.0,Delivered,CA
ORD-003475,Wayfair,SKU-1007,2026-06-15,1,74.99,0.0,Delivered,CA
ORD-003476,Amazon,SKU-1007,2026-02-14,2,67.49,0.1,Delivered,NY
ORD-003477,Amazon,SKU-1002,2026-04-07,2,144.49,0.15,Delivered,MA
ORD-003478,Wayfair,SKU-1002,2026-07-24,1,169.99,0.0,Shipped,CA
ORD-003479,Amazon,SKU-1008,2026-05-16,1,85.49,0.1,Delivered,CA
ORD-003480,Amazon,SKU-1001,2026-07-25,1,76.49,0.15,Processing,AZ
ORD-003481,Amazon,SKU-1005,2026-05-07,3,139.99,0.0,Delivered,CA
ORD-003482,Amazon,SKU-1007,2026-07-11,1,63.74,0.15,Delivered,MA
ORD-003483,Wayfair,SKU-1003,2026-02-02,1,212.49,0.15,Delivered,CA
ORD-003484,Wayfair,SKU-1003,2026-07-28,2,237.49,0.05,Delivered,CA
ORD-003485,eBay,SKU-1008,2026-06-29,1,85.49,0.1,Delivered,TX
ORD-003486,Amazon,SKU-1001,2026-04-12,1,89.99,0.0,Delivered,NY
ORD-003487,Amazon,SKU-1001,2026-04-27,1,85.49,0.05,Delivered,FL
ORD-003488,Amazon,SKU-1002,2026-04-24,1,169.99,0.0,Delivered,WA
ORD-003489,Amazon,SKU-1001,2026-04-24,1,89.99,0.0,Delivered,IL
ORD-003490,Amazon,SKU-1004,2026-07-07,1,42.49,0.15,Shipped,WA
ORD-003491,eBay,SKU-1004,2026-07-29,1,44.99,0.1,Delivered,CA
ORD-003492,Amazon,SKU-1001,2026-05-12,1,80.99,0.1,Cancelled,CA
ORD-003493,Amazon,SKU-1005,2026-05-11,1,132.99,0.05,Delivered,CA
ORD-003494,Amazon,SKU-1002,2026-06-03,2,152.99,0.1,Shipped,TX
ORD-003495,Amazon,SKU-1008,2026-03-22,1,90.24,0.05,Delivered,TX
ORD-003496,eBay,SKU-1003,2026-06-21,1,249.99,0.0,Delivered,TX
ORD-003497,eBay,SKU-1006,2026-06-12,1,129.99,0.0,Delivered,CA
ORD-003498,eBay,SKU-1004,2026-06-05,1,49.99,0.0,Delivered,FL
ORD-003499,Amazon,SKU-1002,2026-06-22,1,144.49,0.15,Delivered,AZ
ORD-003500,Amazon,SKU-1002,2026-06-13,1,169.99,0.0,Shipped,CA
ORD-003501,Amazon,SKU-1007,2026-06-25,2,74.99,0.0,Delivered,WA
ORD-003502,eBay,SKU-1007,2026-03-16,1,63.74,0.15,Delivered,TX
ORD-003503,Amazon,SKU-1001,2026-06-21,1,89.99,0.0,Delivered,FL
ORD-003504,Amazon,SKU-1005,2026-02-04,1,125.99,0.1,Delivered,AZ
ORD-003505,Wayfair,SKU-1007,2026-06-03,1,63.74,0.15,Delivered,CA
ORD-003506,Amazon,SKU-1007,2026-03-09,1,67.49,0.1,Delivered,NY
ORD-003507,Amazon,SKU-1004,2026-07-06,1,49.99,0.0,Delivered,CA
ORD-003508,eBay,SKU-1007,2026-04-14,1,74.99,0.0,Delivered,CA
ORD-003509,Amazon,SKU-1006,2026-07-20,1,116.99,0.1,Delivered,MA
ORD-003510,eBay,SKU-1001,2026-05-22,3,80.99,0.1,Delivered,NY
ORD-003511,eBay,SKU-1003,2026-05-24,1,249.99,0.0,Delivered,NY
ORD-003512,eBay,SKU-1001,2026-07-26,1,76.49,0.15,Delivered,IL
ORD-003513,eBay,SKU-1001,2026-05-06,1,76.49,0.15,Shipped,MA
ORD-003514,Amazon,SKU-1008,2026-05-06,1,94.99,0.0,Delivered,WA
ORD-003515,Amazon,SKU-1001,2026-02-21,2,89.99,0.0,Delivered,CA
ORD-003516,eBay,SKU-1001,2026-06-04,1,89.99,0.0,Delivered,TX
ORD-003517,eBay,SKU-1007,2026-02-23,3,74.99,0.0,Delivered,CA
ORD-003518,eBay,SKU-1001,2026-03-12,1,89.99,0.0,Delivered,NY
ORD-003519,eBay,SKU-1005,2026-07-23,1,132.99,0.05,Delivered,NY
ORD-003520,Wayfair,SKU-1004,2026-03-30,1,47.49,0.05,Delivered,TX
ORD-003521,eBay,SKU-1008,2026-03-01,1,94.99,0.0,Delivered,IL
ORD-003522,Wayfair,SKU-1004,2026-06-11,3,39.99,0.2,Delivered,TX
ORD-003523,Wayfair,SKU-1007,2026-02-07,2,74.99,0.0,Cancelled,NY
ORD-003524,eBay,SKU-1001,2026-05-21,1,80.99,0.1,Delivered,NY
ORD-003525,Wayfair,SKU-1003,2026-07-03,3,199.99,0.2,Delivered,CA
ORD-003526,Wayfair,SKU-1001,2026-07-28,2,80.99,0.1,Delivered,FL
ORD-003527,Amazon,SKU-1006,2026-07-22,2,116.99,0.1,Delivered,FL
ORD-003528,Amazon,SKU-1004,2026-03-27,2,47.49,0.05,Delivered,MA
ORD-003529,Amazon,SKU-1002,2026-07-17,1,169.99,0.0,Delivered,AZ
ORD-003530,Wayfair,SKU-1007,2026-05-10,1,67.49,0.1,Delivered,IL
ORD-003531,Amazon,SKU-1001,2026-02-11,1,85.49,0.05,Delivered,TX
ORD-003532,Amazon,SKU-1004,2026-02-02,2,49.99,0.0,Shipped,MA
ORD-003533,eBay,SKU-1002,2026-04-02,1,135.99,0.2,Delivered,FL
ORD-003534,eBay,SKU-1008,2026-07-11,1,90.24,0.05,Delivered,MA
ORD-003535,eBay,SKU-1006,2026-05-19,1,129.99,0.0,Delivered,CA
ORD-003536,Amazon,SKU-1008,2026-02-23,1,94.99,0.0,Delivered,FL
ORD-003537,Wayfair,SKU-1003,2026-06-28,1,249.99,0.0,Delivered,TX
ORD-003538,Amazon,SKU-1004,2026-05-01,3,49.99,0.0,Cancelled,AZ
ORD-003539,Wayfair,SKU-1001,2026-07-26,1,89.99,0.0,Delivered,TX
ORD-003540,Amazon,SKU-1007,2026-03-25,1,71.24,0.05,Delivered,CA
ORD-003541,Wayfair,SKU-1004,2026-04-21,1,49.99,0.0,Delivered,MA
ORD-003542,Amazon,SKU-1006,2026-02-09,2,129.99,0.0,Shipped,NY
ORD-003543,Amazon,SKU-1006,2026-06-08,1,110.49,0.15,Delivered,FL
ORD-003544,Amazon,SKU-1007,2026-04-03,1,71.24,0.05,Delivered,TX
ORD-003545,eBay,SKU-1001,2026-07-15,1,76.49,0.15,Delivered,CA
ORD-003546,Amazon,SKU-1004,2026-06-13,2,47.49,0.05,Delivered,WA
ORD-003547,Amazon,SKU-1004,2026-05-14,4,49.99,0.0,Delivered,AZ
ORD-003548,Wayfair,SKU-1005,2026-06-19,3,139.99,0.0,Delivered,FL
ORD-003549,Amazon,SKU-1007,2026-03-01,1,74.99,0.0,Delivered,NY
ORD-003550,Wayfair,SKU-1004,2026-06-08,1,49.99,0.0,Shipped,AZ
ORD-003551,eBay,SKU-1003,2026-02-08,1,212.49,0.15,Delivered,MA
ORD-003552,eBay,SKU-1003,2026-03-01,2,224.99,0.1,Delivered,FL
ORD-003553,Amazon,SKU-1002,2026-03-09,1,135.99,0.2,Delivered,NY
ORD-003554,Amazon,SKU-1007,2026-05-25,1,74.99,0.0,Cancelled,FL
ORD-003555,Wayfair,SKU-1001,2026-05-05,2,89.99,0.0,Delivered,TX
ORD-003556,eBay,SKU-1005,2026-06-15,3,132.99,0.05,Delivered,TX
ORD-003557,Amazon,SKU-1004,2026-04-02,1,44.99,0.1,Delivered,CA
ORD-003558,Wayfair,SKU-1001,2026-04-30,1,89.99,0.0,Delivered,AZ
ORD-003559,Amazon,SKU-1001,2026-06-28,2,89.99,0.0,Delivered,FL
ORD-003560,Amazon,SKU-1001,2026-04-01,2,89.99,0.0,Processing,CA
ORD-003561,Amazon,SKU-1005,2026-02-12,1,111.99,0.2,Delivered,CA
ORD-003562,Amazon,SKU-1001,2026-03-18,3,85.49,0.05,Delivered,TX
ORD-003563,Amazon,SKU-1007,2026-04-04,1,67.49,0.1,Delivered,MA
ORD-003564,Amazon,SKU-1006,2026-07-28,1,123.49,0.05,Delivered,NY
ORD-003565,eBay,SKU-1006,2026-05-17,1,110.49,0.15,Delivered,WA
ORD-003566,Amazon,SKU-1004,2026-03-27,1,49.99,0.0,Delivered,CA
ORD-003567,Amazon,SKU-1003,2026-05-10,1,212.49,0.15,Cancelled,WA
ORD-003568,Wayfair,SKU-1004,2026-06-13,1,44.99,0.1,Delivered,CA
ORD-003569,eBay,SKU-1003,2026-04-01,1,212.49,0.15,Delivered,MA
ORD-003570,Wayfair,SKU-1005,2026-06-08,1,111.99,0.2,Shipped,FL
ORD-003571,Amazon,SKU-1002,2026-07-21,2,161.49,0.05,Delivered,CA
ORD-003572,eBay,SKU-1004,2026-04-05,1,42.49,0.15,Delivered,IL
ORD-003573,eBay,SKU-1005,2026-07-18,1,139.99,0.0,Cancelled,NY
ORD-003574,Amazon,SKU-1005,2026-06-19,1,139.99,0.0,Delivered,TX
ORD-003575,Amazon,SKU-1007,2026-02-10,1,71.24,0.05,Delivered,CA
ORD-003576,Amazon,SKU-1007,2026-03-24,1,63.74,0.15,Delivered,IL
ORD-003577,eBay,SKU-1005,2026-05-27,1,125.99,0.1,Delivered,AZ
ORD-003578,Amazon,SKU-1005,2026-05-01,1,111.99,0.2,Delivered,FL
ORD-003579,Amazon,SKU-1001,2026-04-28,1,89.99,0.0,Delivered,WA
ORD-003580,eBay,SKU-1006,2026-04-19,4,129.99,0.0,Delivered,FL
ORD-003581,Amazon,SKU-1003,2026-02-18,1,237.49,0.05,Delivered,WA
ORD-003582,Amazon,SKU-1006,2026-03-31,2,123.49,0.05,Shipped,TX
ORD-003583,eBay,SKU-1001,2026-02-27,1,89.99,0.0,Delivered,CA
ORD-003584,Amazon,SKU-1008,2026-05-04,1,90.24,0.05,Delivered,FL
ORD-003585,Amazon,SKU-1007,2026-03-20,2,74.99,0.0,Delivered,FL
ORD-003586,Amazon,SKU-1004,2026-06-23,2,49.99,0.0,Delivered,MA
ORD-003587,eBay,SKU-1002,2026-02-12,2,152.99,0.1,Delivered,FL
ORD-003588,Amazon,SKU-1003,2026-07-22,3,249.99,0.0,Shipped,TX
ORD-003589,eBay,SKU-1006,2026-07-30,1,116.99,0.1,Delivered,CA
ORD-003590,Amazon,SKU-1007,2026-03-25,1,74.99,0.0,Delivered,AZ
ORD-003591,eBay,SKU-1007,2026-06-03,1,74.99,0.0,Delivered,AZ
ORD-003592,Amazon,SKU-1002,2026-02-27,1,169.99,0.0,Delivered,FL
ORD-003593,eBay,SKU-1004,2026-05-26,1,49.99,0.0,Delivered,CA
ORD-003594,Amazon,SKU-1005,2026-05-23,1,125.99,0.1,Delivered,FL
ORD-003595,Amazon,SKU-1003,2026-06-08,3,249.99,0.0,Delivered,TX
ORD-003596,eBay,SKU-1005,2026-03-10,3,139.99,0.0,Delivered,WA
ORD-003597,eBay,SKU-1004,2026-02-27,3,39.99,0.2,Delivered,IL
ORD-003598,Amazon,SKU-1007,2026-06-24,1,74.99,0.0,Delivered,AZ
ORD-003599,Amazon,SKU-1001,2026-03-12,1,89.99,0.0,Shipped,NY
ORD-003600,Wayfair,SKU-1003,2026-03-11,1,224.99,0.1,Delivered,TX
ORD-003601,Amazon,SKU-1001,2026-05-07,1,85.49,0.05,Delivered,CA
ORD-003602,Amazon,SKU-1006,2026-02-08,2,123.49,0.05,Delivered,CA
ORD-003603,Amazon,SKU-1007,2026-04-19,1,63.74,0.15,Delivered,AZ
ORD-003604,Amazon,SKU-1001,2026-07-19,2,80.99,0.1,Delivered,NY
ORD-003605,Amazon,SKU-1006,2026-02-06,1,116.99,0.1,Delivered,WA
ORD-003606,Amazon,SKU-1004,2026-04-29,2,42.49,0.15,Delivered,CA
ORD-003607,Amazon,SKU-1001,2026-07-27,1,80.99,0.1,Delivered,NY
ORD-003608,Amazon,SKU-1007,2026-02-27,1,74.99,0.0,Delivered,CA
ORD-003609,Amazon,SKU-1003,2026-05-30,1,237.49,0.05,Delivered,TX
ORD-003610,eBay,SKU-1005,2026-06-06,1,132.99,0.05,Delivered,FL
ORD-003611,eBay,SKU-1005,2026-05-08,2,139.99,0.0,Delivered,CA
ORD-003612,Amazon,SKU-1007,2026-03-07,2,74.99,0.0,Shipped,TX
ORD-003613,eBay,SKU-1004,2026-03-28,2,49.99,0.0,Delivered,CA
ORD-003614,Amazon,SKU-1005,2026-05-28,2,139.99,0.0,Delivered,CA
ORD-003615,eBay,SKU-1001,2026-03-26,1,80.99,0.1,Delivered,TX
ORD-003616,Amazon,SKU-1005,2026-03-11,1,139.99,0.0,Delivered,CA
ORD-003617,Wayfair,SKU-1008,2026-07-22,1,94.99,0.0,Delivered,IL
ORD-003618,Amazon,SKU-1001,2026-05-09,1,85.49,0.05,Delivered,CA
ORD-003619,eBay,SKU-1002,2026-03-17,1,169.99,0.0,Delivered,FL
ORD-003620,eBay,SKU-1002,2026-07-24,1,169.99,0.0,Delivered,NY
ORD-003621,Amazon,SKU-1004,2026-06-19,1,44.99,0.1,Delivered,MA
ORD-003622,Amazon,SKU-1004,2026-05-10,1,47.49,0.05,Delivered,WA
ORD-003623,Amazon,SKU-1005,2026-03-21,1,139.99,0.0,Delivered,TX
ORD-003624,eBay,SKU-1006,2026-06-03,3,129.99,0.0,Delivered,TX
ORD-003625,eBay,SKU-1003,2026-07-19,1,224.99,0.1,Delivered,CA
ORD-003626,Amazon,SKU-1004,2026-02-22,2,42.49,0.15,Delivered,CA
ORD-003627,eBay,SKU-1002,2026-05-05,1,169.99,0.0,Processing,CA
ORD-003628,Amazon,SKU-1004,2026-03-03,1,49.99,0.0,Delivered,TX
ORD-003629,eBay,SKU-1004,2026-03-03,1,44.99,0.1,Delivered,IL
ORD-003630,Amazon,SKU-1007,2026-05-03,1,74.99,0.0,Delivered,IL
ORD-003631,Amazon,SKU-1008,2026-03-30,3,94.99,0.0,Delivered,NY
ORD-003632,Wayfair,SKU-1002,2026-06-16,1,169.99,0.0,Cancelled,CA
ORD-003633,eBay,SKU-1001,2026-04-16,1,71.99,0.2,Delivered,IL
ORD-003634,Amazon,SKU-1008,2026-05-21,1,94.99,0.0,Delivered,WA
ORD-003635,Amazon,SKU-1001,2026-02-26,1,89.99,0.0,Delivered,NY
ORD-003636,Amazon,SKU-1003,2026-07-05,1,237.49,0.05,Delivered,AZ
ORD-003637,Amazon,SKU-1004,2026-04-07,1,49.99,0.0,Cancelled,NY
ORD-003638,Amazon,SKU-1004,2026-02-07,1,47.49,0.05,Delivered,TX
ORD-003639,Amazon,SKU-1001,2026-06-06,1,76.49,0.15,Delivered,WA
ORD-003640,Amazon,SKU-1006,2026-05-01,1,129.99,0.0,Processing,IL
ORD-003641,Wayfair,SKU-1006,2026-03-03,1,129.99,0.0,Delivered,NY
ORD-003642,Amazon,SKU-1005,2026-02-13,3,139.99,0.0,Delivered,WA
ORD-003643,Amazon,SKU-1005,2026-05-28,1,132.99,0.05,Delivered,CA
ORD-003644,Amazon,SKU-1002,2026-03-03,1,161.49,0.05,Cancelled,NY
ORD-003645,Wayfair,SKU-1001,2026-04-28,1,85.49,0.05,Delivered,AZ
ORD-003646,Amazon,SKU-1004,2026-06-29,1,49.99,0.0,Delivered,FL
ORD-003647,Amazon,SKU-1001,2026-03-08,1,89.99,0.0,Delivered,AZ
ORD-003648,Wayfair,SKU-1007,2026-05-04,1,74.99,0.0,Delivered,WA
ORD-003649,Wayfair,SKU-1008,2026-02-04,1,90.24,0.05,Delivered,WA
ORD-003650,eBay,SKU-1008,2026-05-17,2,94.99,0.0,Delivered,IL
ORD-003651,Amazon,SKU-1002,2026-05-06,2,169.99,0.0,Delivered,AZ
ORD-003652,Amazon,SKU-1004,2026-04-21,1,49.99,0.0,Delivered,NY
ORD-003653,Wayfair,SKU-1001,2026-03-28,1,80.99,0.1,Delivered,FL
ORD-003654,Amazon,SKU-1005,2026-03-16,1,139.99,0.0,Delivered,IL
ORD-003655,Amazon,SKU-1004,2026-06-08,1,44.99,0.1,Delivered,CA
ORD-003656,Wayfair,SKU-1002,2026-03-23,1,169.99,0.0,Shipped,CA
ORD-003657,Amazon,SKU-1005,2026-04-11,1,125.99,0.1,Delivered,WA
ORD-003658,Amazon,SKU-1007,2026-07-24,1,74.99,0.0,Delivered,FL
ORD-003659,Amazon,SKU-1003,2026-07-29,1,199.99,0.2,Shipped,WA
ORD-003660,Amazon,SKU-1008,2026-03-05,1,80.74,0.15,Cancelled,CA
ORD-003661,Amazon,SKU-1005,2026-04-25,2,118.99,0.15,Delivered,IL
ORD-003662,eBay,SKU-1001,2026-03-21,1,76.49,0.15,Delivered,IL
ORD-003663,Wayfair,SKU-1008,2026-04-08,2,80.74,0.15,Delivered,AZ
ORD-003664,eBay,SKU-1001,2026-03-20,2,89.99,0.0,Delivered,WA
ORD-003665,Amazon,SKU-1004,2026-04-09,1,49.99,0.0,Delivered,IL
ORD-003666,Amazon,SKU-1002,2026-04-23,1,152.99,0.1,Delivered,CA
ORD-003667,Amazon,SKU-1007,2026-05-15,1,67.49,0.1,Delivered,FL
ORD-003668,Amazon,SKU-1006,2026-07-21,1,110.49,0.15,Delivered,NY
ORD-003669,Wayfair,SKU-1005,2026-02-10,1,125.99,0.1,Delivered,CA
ORD-003670,Amazon,SKU-1001,2026-03-22,1,71.99,0.2,Delivered,NY
ORD-003671,Amazon,SKU-1004,2026-03-26,1,47.49,0.05,Delivered,NY
ORD-003672,eBay,SKU-1001,2026-03-04,1,89.99,0.0,Delivered,CA
ORD-003673,Amazon,SKU-1008,2026-07-18,1,94.99,0.0,Shipped,TX
ORD-003674,Amazon,SKU-1006,2026-04-01,2,129.99,0.0,Delivered,TX
ORD-003675,Amazon,SKU-1006,2026-04-21,3,129.99,0.0,Delivered,WA
ORD-003676,Amazon,SKU-1003,2026-04-18,2,237.49,0.05,Shipped,CA
ORD-003677,Amazon,SKU-1008,2026-07-29,1,85.49,0.1,Delivered,CA
ORD-003678,Amazon,SKU-1005,2026-05-02,2,118.99,0.15,Delivered,IL
ORD-003679,Amazon,SKU-1004,2026-04-29,1,49.99,0.0,Delivered,FL
ORD-003680,Amazon,SKU-1001,2026-03-23,1,85.49,0.05,Delivered,CA
ORD-003681,Amazon,SKU-1001,2026-07-14,1,80.99,0.1,Cancelled,WA
ORD-003682,Amazon,SKU-1005,2026-03-19,1,139.99,0.0,Delivered,IL
ORD-003683,Amazon,SKU-1001,2026-05-11,1,89.99,0.0,Delivered,FL
ORD-003684,eBay,SKU-1002,2026-03-18,1,169.99,0.0,Delivered,FL
ORD-003685,Amazon,SKU-1008,2026-03-18,2,90.24,0.05,Delivered,FL
ORD-003686,Amazon,SKU-1001,2026-02-18,1,85.49,0.05,Delivered,FL
ORD-003687,eBay,SKU-1001,2026-04-02,2,89.99,0.0,Processing,WA
ORD-003688,Amazon,SKU-1001,2026-05-21,1,85.49,0.05,Delivered,NY
ORD-003689,Amazon,SKU-1002,2026-06-14,1,169.99,0.0,Delivered,CA
ORD-003690,Wayfair,SKU-1003,2026-06-16,1,212.49,0.15,Delivered,CA
ORD-003691,Wayfair,SKU-1004,2026-04-16,1,49.99,0.0,Delivered,NY
ORD-003692,Amazon,SKU-1005,2026-04-27,1,139.99,0.0,Delivered,IL
ORD-003693,Wayfair,SKU-1001,2026-03-15,3,76.49,0.15,Delivered,MA
ORD-003694,Wayfair,SKU-1007,2026-07-07,1,59.99,0.2,Delivered,WA
ORD-003695,Amazon,SKU-1001,2026-07-06,2,89.99,0.0,Delivered,TX
ORD-003696,Wayfair,SKU-1001,2026-05-16,1,89.99,0.0,Delivered,FL
ORD-003697,Amazon,SKU-1002,2026-07-03,2,169.99,0.0,Delivered,NY
ORD-003698,Wayfair,SKU-1004,2026-04-15,2,47.49,0.05,Delivered,NY
ORD-003699,Amazon,SKU-1008,2026-07-02,1,90.24,0.05,Delivered,NY
ORD-003700,eBay,SKU-1001,2026-07-16,1,76.49,0.15,Shipped,FL
ORD-003701,Amazon,SKU-1001,2026-05-25,3,89.99,0.0,Cancelled,CA
ORD-003702,eBay,SKU-1004,2026-05-27,1,49.99,0.0,Shipped,NY
ORD-003703,Amazon,SKU-1006,2026-04-29,1,116.99,0.1,Delivered,CA
ORD-003704,Amazon,SKU-1001,2026-04-17,1,76.49,0.15,Delivered,CA
ORD-003705,Wayfair,SKU-1006,2026-05-07,1,123.49,0.05,Delivered,FL
ORD-003706,Wayfair,SKU-1001,2026-04-14,1,76.49,0.15,Delivered,IL
ORD-003707,eBay,SKU-1004,2026-04-01,1,49.99,0.0,Delivered,WA
ORD-003708,Wayfair,SKU-1008,2026-06-25,1,90.24,0.05,Delivered,FL
ORD-003709,Wayfair,SKU-1008,2026-03-05,1,94.99,0.0,Delivered,CA
ORD-003710,Wayfair,SKU-1007,2026-06-19,1,67.49,0.1,Processing,IL
ORD-003711,Wayfair,SKU-1007,2026-04-20,1,67.49,0.1,Delivered,IL
ORD-003712,eBay,SKU-1002,2026-06-28,1,152.99,0.1,Shipped,AZ
ORD-003713,Amazon,SKU-1006,2026-06-13,1,129.99,0.0,Shipped,CA
ORD-003714,eBay,SKU-1001,2026-05-25,1,89.99,0.0,Delivered,MA
ORD-003715,Amazon,SKU-1005,2026-04-18,1,132.99,0.05,Delivered,AZ
ORD-003716,Amazon,SKU-1008,2026-05-02,1,85.49,0.1,Delivered,CA
ORD-003717,Amazon,SKU-1003,2026-03-23,2,249.99,0.0,Delivered,TX
ORD-003718,Amazon,SKU-1005,2026-06-12,2,139.99,0.0,Delivered,TX
ORD-003719,Amazon,SKU-1001,2026-03-12,1,89.99,0.0,Delivered,CA
ORD-003720,eBay,SKU-1006,2026-02-14,1,129.99,0.0,Delivered,NY
ORD-003721,Amazon,SKU-1002,2026-05-31,2,169.99,0.0,Delivered,CA
ORD-003722,Amazon,SKU-1002,2026-06-19,1,169.99,0.0,Delivered,AZ
ORD-003723,eBay,SKU-1008,2026-06-08,1,90.24,0.05,Delivered,NY
ORD-003724,Amazon,SKU-1002,2026-04-04,3,152.99,0.1,Delivered,CA
ORD-003725,Amazon,SKU-1003,2026-05-30,2,212.49,0.15,Shipped,MA
ORD-003726,Amazon,SKU-1007,2026-06-01,1,71.24,0.05,Delivered,AZ
ORD-003727,Wayfair,SKU-1001,2026-05-20,1,89.99,0.0,Delivered,TX
ORD-003728,Amazon,SKU-1003,2026-06-02,2,237.49,0.05,Delivered,FL
ORD-003729,Amazon,SKU-1001,2026-02-13,1,89.99,0.0,Delivered,NY
ORD-003730,eBay,SKU-1004,2026-03-12,1,49.99,0.0,Delivered,TX
ORD-003731,Wayfair,SKU-1008,2026-07-19,1,94.99,0.0,Delivered,CA
ORD-003732,eBay,SKU-1002,2026-05-18,1,169.99,0.0,Delivered,AZ
ORD-003733,Wayfair,SKU-1007,2026-02-11,1,74.99,0.0,Cancelled,IL
ORD-003734,eBay,SKU-1001,2026-04-21,1,80.99,0.1,Delivered,NY
ORD-003735,eBay,SKU-1001,2026-07-05,1,85.49,0.05,Delivered,TX
ORD-003736,Amazon,SKU-1001,2026-07-26,2,85.49,0.05,Delivered,NY
ORD-003737,Amazon,SKU-1008,2026-02-21,1,94.99,0.0,Delivered,MA
ORD-003738,eBay,SKU-1004,2026-05-17,1,44.99,0.1,Delivered,NY
ORD-003739,Amazon,SKU-1005,2026-07-18,2,125.99,0.1,Delivered,CA
ORD-003740,eBay,SKU-1005,2026-03-08,1,139.99,0.0,Delivered,NY
ORD-003741,eBay,SKU-1004,2026-04-13,2,44.99,0.1,Delivered,CA
ORD-003742,eBay,SKU-1002,2026-06-09,1,169.99,0.0,Delivered,TX
ORD-003743,Amazon,SKU-1004,2026-06-18,1,42.49,0.15,Delivered,CA
ORD-003744,Wayfair,SKU-1001,2026-06-18,1,89.99,0.0,Delivered,NY
ORD-003745,Amazon,SKU-1002,2026-02-25,1,152.99,0.1,Delivered,CA
ORD-003746,Wayfair,SKU-1004,2026-03-06,1,49.99,0.0,Delivered,CA
ORD-003747,eBay,SKU-1008,2026-07-24,1,85.49,0.1,Shipped,NY
ORD-003748,Amazon,SKU-1002,2026-02-23,1,152.99,0.1,Delivered,AZ
ORD-003749,Wayfair,SKU-1004,2026-06-09,1,49.99,0.0,Delivered,CA
ORD-003750,Amazon,SKU-1003,2026-03-22,1,249.99,0.0,Delivered,TX
ORD-003751,Amazon,SKU-1008,2026-04-24,1,94.99,0.0,Delivered,FL
ORD-003752,Amazon,SKU-1004,2026-07-15,1,49.99,0.0,Delivered,TX
ORD-003753,Wayfair,SKU-1007,2026-02-16,2,71.24,0.05,Delivered,WA
ORD-003754,Wayfair,SKU-1008,2026-06-23,3,94.99,0.0,Shipped,AZ
ORD-003755,Amazon,SKU-1008,2026-05-30,1,90.24,0.05,Delivered,CA
ORD-003756,eBay,SKU-1007,2026-04-22,1,59.99,0.2,Delivered,AZ
ORD-003757,eBay,SKU-1007,2026-03-24,3,74.99,0.0,Delivered,NY
ORD-003758,eBay,SKU-1002,2026-03-18,1,169.99,0.0,Delivered,AZ
ORD-003759,eBay,SKU-1005,2026-04-04,3,118.99,0.15,Shipped,IL
ORD-003760,Amazon,SKU-1001,2026-04-23,1,76.49,0.15,Delivered,MA
ORD-003761,Amazon,SKU-1003,2026-03-24,1,249.99,0.0,Delivered,TX
ORD-003762,Wayfair,SKU-1007,2026-04-25,1,74.99,0.0,Shipped,TX
ORD-003763,Amazon,SKU-1004,2026-07-23,2,42.49,0.15,Delivered,AZ
ORD-003764,eBay,SKU-1004,2026-04-20,1,49.99,0.0,Delivered,IL
ORD-003765,Amazon,SKU-1006,2026-04-21,1,110.49,0.15,Delivered,FL
ORD-003766,eBay,SKU-1008,2026-02-27,1,80.74,0.15,Shipped,FL
ORD-003767,Amazon,SKU-1003,2026-04-21,1,212.49,0.15,Delivered,IL
ORD-003768,Wayfair,SKU-1001,2026-07-29,2,71.99,0.2,Delivered,FL
ORD-003769,Wayfair,SKU-1001,2026-07-31,2,85.49,0.05,Delivered,TX
ORD-003770,Amazon,SKU-1007,2026-06-19,1,67.49,0.1,Delivered,CA
ORD-003771,Wayfair,SKU-1001,2026-05-04,3,89.99,0.0,Delivered,NY
ORD-003772,eBay,SKU-1005,2026-03-11,1,139.99,0.0,Delivered,FL
ORD-003773,Amazon,SKU-1008,2026-02-02,1,90.24,0.05,Delivered,IL
ORD-003774,Wayfair,SKU-1005,2026-07-14,1,139.99,0.0,Delivered,FL
ORD-003775,Amazon,SKU-1001,2026-03-11,1,71.99,0.2,Delivered,AZ
ORD-003776,Amazon,SKU-1002,2026-06-08,2,169.99,0.0,Delivered,NY
ORD-003777,eBay,SKU-1001,2026-02-24,1,89.99,0.0,Delivered,CA
ORD-003778,Amazon,SKU-1006,2026-07-16,1,110.49,0.15,Delivered,MA
ORD-003779,Wayfair,SKU-1004,2026-02-13,1,49.99,0.0,Shipped,AZ
ORD-003780,Amazon,SKU-1002,2026-05-04,2,144.49,0.15,Delivered,MA
ORD-003781,Wayfair,SKU-1004,2026-04-30,1,47.49,0.05,Delivered,CA
ORD-003782,eBay,SKU-1004,2026-06-11,1,49.99,0.0,Delivered,CA
ORD-003783,Amazon,SKU-1001,2026-07-12,2,89.99,0.0,Delivered,FL
ORD-003784,Amazon,SKU-1004,2026-06-12,1,42.49,0.15,Delivered,WA
ORD-003785,eBay,SKU-1008,2026-04-03,1,94.99,0.0,Delivered,NY
ORD-003786,Wayfair,SKU-1001,2026-07-03,1,89.99,0.0,Delivered,WA
ORD-003787,Amazon,SKU-1002,2026-04-14,1,161.49,0.05,Delivered,NY
ORD-003788,eBay,SKU-1008,2026-07-09,1,90.24,0.05,Delivered,CA
ORD-003789,Amazon,SKU-1006,2026-06-15,1,103.99,0.2,Delivered,TX
ORD-003790,eBay,SKU-1002,2026-04-17,1,161.49,0.05,Delivered,TX
ORD-003791,eBay,SKU-1007,2026-05-05,1,74.99,0.0,Delivered,FL
ORD-003792,Wayfair,SKU-1008,2026-05-17,1,90.24,0.05,Shipped,TX
ORD-003793,eBay,SKU-1002,2026-05-13,1,152.99,0.1,Delivered,FL
ORD-003794,Wayfair,SKU-1004,2026-06-17,2,49.99,0.0,Shipped,NY
ORD-003795,eBay,SKU-1006,2026-03-16,1,116.99,0.1,Delivered,WA
ORD-003796,Amazon,SKU-1007,2026-03-16,2,63.74,0.15,Delivered,CA
ORD-003797,Amazon,SKU-1002,2026-03-27,1,144.49,0.15,Delivered,NY
ORD-003798,eBay,SKU-1006,2026-05-21,1,129.99,0.0,Delivered,CA
ORD-003799,Amazon,SKU-1008,2026-06-23,1,75.99,0.2,Delivered,FL
ORD-003800,Amazon,SKU-1007,2026-03-11,1,74.99,0.0,Delivered,MA
ORD-003801,Amazon,SKU-1003,2026-04-27,1,249.99,0.0,Delivered,FL
ORD-003802,eBay,SKU-1002,2026-04-13,1,152.99,0.1,Delivered,TX
ORD-003803,eBay,SKU-1004,2026-03-14,1,49.99,0.0,Delivered,IL
ORD-003804,eBay,SKU-1001,2026-06-08,1,89.99,0.0,Delivered,NY
ORD-003805,Amazon,SKU-1007,2026-05-04,2,74.99,0.0,Delivered,FL
ORD-003806,eBay,SKU-1004,2026-04-03,3,49.99,0.0,Shipped,FL
ORD-003807,eBay,SKU-1002,2026-03-21,1,169.99,0.0,Shipped,AZ
ORD-003808,eBay,SKU-1001,2026-06-29,1,85.49,0.05,Delivered,TX
ORD-003809,Amazon,SKU-1001,2026-06-20,2,89.99,0.0,Delivered,FL
ORD-003810,Amazon,SKU-1004,2026-02-14,1,47.49,0.05,Processing,WA
ORD-003811,Amazon,SKU-1001,2026-07-14,2,71.99,0.2,Delivered,IL
ORD-003812,Amazon,SKU-1002,2026-02-03,1,144.49,0.15,Shipped,NY
ORD-003813,eBay,SKU-1002,2026-06-16,1,135.99,0.2,Delivered,MA
ORD-003814,Amazon,SKU-1003,2026-02-06,1,237.49,0.05,Delivered,CA
ORD-003815,Amazon,SKU-1008,2026-04-11,3,85.49,0.1,Delivered,WA
ORD-003816,Amazon,SKU-1004,2026-04-28,2,49.99,0.0,Delivered,IL
ORD-003817,Amazon,SKU-1005,2026-07-05,1,125.99,0.1,Shipped,TX
ORD-003818,eBay,SKU-1004,2026-07-26,1,47.49,0.05,Delivered,CA
ORD-003819,Wayfair,SKU-1001,2026-05-04,3,80.99,0.1,Shipped,WA
ORD-003820,Amazon,SKU-1006,2026-02-07,1,129.99,0.0,Shipped,FL
ORD-003821,Amazon,SKU-1001,2026-03-20,1,89.99,0.0,Delivered,NY
ORD-003822,Amazon,SKU-1005,2026-05-14,1,132.99,0.05,Delivered,CA
ORD-003823,Amazon,SKU-1004,2026-07-22,2,47.49,0.05,Delivered,CA
ORD-003824,Amazon,SKU-1004,2026-05-08,1,49.99,0.0,Delivered,TX
ORD-003825,Amazon,SKU-1001,2026-03-16,1,80.99,0.1,Delivered,TX
ORD-003826,Amazon,SKU-1004,2026-07-24,2,47.49,0.05,Delivered,WA
ORD-003827,Amazon,SKU-1004,2026-05-24,1,44.99,0.1,Delivered,CA
ORD-003828,Amazon,SKU-1001,2026-07-08,1,80.99,0.1,Delivered,AZ
ORD-003829,eBay,SKU-1002,2026-06-19,1,161.49,0.05,Delivered,NY
ORD-003830,Wayfair,SKU-1005,2026-02-02,2,139.99,0.0,Delivered,AZ
ORD-003831,Wayfair,SKU-1004,2026-07-29,1,42.49,0.15,Delivered,TX
ORD-003832,Amazon,SKU-1004,2026-02-15,1,49.99,0.0,Delivered,WA
ORD-003833,Wayfair,SKU-1004,2026-04-16,1,49.99,0.0,Delivered,IL
ORD-003834,eBay,SKU-1006,2026-06-05,1,129.99,0.0,Delivered,MA
ORD-003835,Amazon,SKU-1003,2026-03-31,1,237.49,0.05,Delivered,NY
ORD-003836,Amazon,SKU-1001,2026-07-18,1,89.99,0.0,Delivered,CA
ORD-003837,Amazon,SKU-1007,2026-05-08,1,74.99,0.0,Delivered,IL
ORD-003838,Wayfair,SKU-1007,2026-06-06,2,74.99,0.0,Delivered,MA
ORD-003839,Amazon,SKU-1001,2026-02-13,1,76.49,0.15,Delivered,AZ
ORD-003840,Amazon,SKU-1005,2026-03-23,1,139.99,0.0,Delivered,WA
ORD-003841,Amazon,SKU-1008,2026-02-02,1,90.24,0.05,Delivered,IL
ORD-003842,Amazon,SKU-1008,2026-02-26,1,75.99,0.2,Delivered,NY
ORD-003843,Wayfair,SKU-1007,2026-04-05,3,74.99,0.0,Delivered,TX
ORD-003844,Amazon,SKU-1003,2026-03-29,1,249.99,0.0,Delivered,NY
ORD-003845,Amazon,SKU-1001,2026-07-07,2,89.99,0.0,Delivered,TX
ORD-003846,eBay,SKU-1006,2026-02-12,2,129.99,0.0,Delivered,NY
ORD-003847,eBay,SKU-1005,2026-06-29,1,132.99,0.05,Delivered,CA
ORD-003848,Amazon,SKU-1004,2026-02-27,1,44.99,0.1,Delivered,IL
ORD-003849,eBay,SKU-1005,2026-07-22,1,125.99,0.1,Delivered,NY
ORD-003850,Amazon,SKU-1006,2026-03-24,2,123.49,0.05,Delivered,AZ
ORD-003851,eBay,SKU-1007,2026-07-04,1,71.24,0.05,Delivered,CA
ORD-003852,Amazon,SKU-1004,2026-02-23,3,49.99,0.0,Delivered,CA
ORD-003853,Amazon,SKU-1002,2026-04-12,1,161.49,0.05,Delivered,TX
ORD-003854,Amazon,SKU-1004,2026-07-09,1,49.99,0.0,Delivered,TX
ORD-003855,eBay,SKU-1004,2026-06-27,1,44.99,0.1,Delivered,MA
ORD-003856,Wayfair,SKU-1002,2026-03-24,2,144.49,0.15,Delivered,CA
ORD-003857,Amazon,SKU-1001,2026-04-01,2,80.99,0.1,Delivered,TX
ORD-003858,Amazon,SKU-1007,2026-02-08,1,59.99,0.2,Delivered,MA
ORD-003859,Amazon,SKU-1006,2026-06-02,2,103.99,0.2,Delivered,IL
ORD-003860,Amazon,SKU-1001,2026-06-15,1,76.49,0.15,Delivered,IL
ORD-003861,Wayfair,SKU-1006,2026-03-16,1,123.49,0.05,Delivered,AZ
ORD-003862,Amazon,SKU-1007,2026-03-01,1,67.49,0.1,Delivered,IL
ORD-003863,Amazon,SKU-1001,2026-07-10,2,89.99,0.0,Delivered,TX
ORD-003864,eBay,SKU-1008,2026-04-12,1,94.99,0.0,Delivered,NY
ORD-003865,Amazon,SKU-1007,2026-02-21,1,74.99,0.0,Delivered,FL
ORD-003866,Wayfair,SKU-1007,2026-04-30,1,74.99,0.0,Delivered,FL
ORD-003867,Amazon,SKU-1001,2026-02-16,1,80.99,0.1,Delivered,CA
ORD-003868,Amazon,SKU-1005,2026-05-22,1,125.99,0.1,Delivered,AZ
ORD-003869,Wayfair,SKU-1007,2026-04-09,1,74.99,0.0,Delivered,CA
ORD-003870,Amazon,SKU-1006,2026-04-05,1,103.99,0.2,Delivered,CA
ORD-003871,Amazon,SKU-1004,2026-05-12,1,49.99,0.0,Delivered,IL
ORD-003872,Amazon,SKU-1008,2026-06-05,1,90.24,0.05,Cancelled,WA
ORD-003873,Amazon,SKU-1004,2026-06-21,1,47.49,0.05,Delivered,FL
ORD-003874,Amazon,SKU-1001,2026-06-05,1,89.99,0.0,Delivered,MA
ORD-003875,Amazon,SKU-1004,2026-06-21,1,47.49,0.05,Delivered,WA
ORD-003876,Amazon,SKU-1001,2026-06-29,1,89.99,0.0,Shipped,CA
ORD-003877,eBay,SKU-1007,2026-05-15,1,74.99,0.0,Delivered,FL
ORD-003878,Amazon,SKU-1001,2026-07-27,2,85.49,0.05,Delivered,IL
ORD-003879,eBay,SKU-1002,2026-02-10,3,152.99,0.1,Delivered,WA
ORD-003880,Amazon,SKU-1002,2026-07-21,4,152.99,0.1,Delivered,WA
ORD-003881,Amazon,SKU-1001,2026-05-08,1,89.99,0.0,Delivered,FL
ORD-003882,Amazon,SKU-1005,2026-02-04,1,139.99,0.0,Cancelled,MA
ORD-003883,Amazon,SKU-1001,2026-05-14,2,80.99,0.1,Delivered,CA
ORD-003884,Amazon,SKU-1007,2026-03-02,1,67.49,0.1,Delivered,FL
ORD-003885,Amazon,SKU-1004,2026-04-13,1,49.99,0.0,Shipped,FL
ORD-003886,Wayfair,SKU-1002,2026-06-21,1,161.49,0.05,Delivered,WA
ORD-003887,Amazon,SKU-1005,2026-05-17,1,139.99,0.0,Shipped,AZ
ORD-003888,Amazon,SKU-1004,2026-04-07,1,49.99,0.0,Delivered,TX
ORD-003889,Amazon,SKU-1001,2026-02-22,1,76.49,0.15,Delivered,CA
ORD-003890,Amazon,SKU-1004,2026-06-28,1,47.49,0.05,Delivered,WA
ORD-003891,Amazon,SKU-1005,2026-03-30,1,125.99,0.1,Delivered,CA
ORD-003892,Amazon,SKU-1008,2026-06-06,1,94.99,0.0,Delivered,NY
ORD-003893,Wayfair,SKU-1008,2026-04-20,1,94.99,0.0,Delivered,NY
ORD-003894,Wayfair,SKU-1003,2026-04-07,1,249.99,0.0,Delivered,FL
ORD-003895,Amazon,SKU-1003,2026-05-11,1,249.99,0.0,Delivered,IL
ORD-003896,Amazon,SKU-1004,2026-07-22,1,49.99,0.0,Delivered,TX
ORD-003897,Wayfair,SKU-1003,2026-07-02,2,249.99,0.0,Delivered,AZ
ORD-003898,eBay,SKU-1007,2026-06-02,2,74.99,0.0,Delivered,TX
ORD-003899,eBay,SKU-1007,2026-05-28,1,67.49,0.1,Delivered,MA
ORD-003900,Amazon,SKU-1008,2026-02-02,1,94.99,0.0,Delivered,CA
ORD-003901,Wayfair,SKU-1003,2026-05-25,2,249.99,0.0,Delivered,CA
ORD-003902,Amazon,SKU-1003,2026-04-30,2,249.99,0.0,Delivered,FL
ORD-003903,Wayfair,SKU-1007,2026-05-05,2,67.49,0.1,Delivered,NY
ORD-003904,Amazon,SKU-1007,2026-02-15,1,59.99,0.2,Delivered,TX
ORD-003905,Amazon,SKU-1004,2026-05-02,1,47.49,0.05,Delivered,IL
ORD-003906,Amazon,SKU-1001,2026-06-29,1,85.49,0.05,Delivered,MA
ORD-003907,Amazon,SKU-1001,2026-02-04,1,89.99,0.0,Delivered,FL
ORD-003908,Amazon,SKU-1003,2026-05-24,1,237.49,0.05,Delivered,MA
ORD-003909,eBay,SKU-1008,2026-05-17,1,90.24,0.05,Delivered,IL
ORD-003910,eBay,SKU-1004,2026-05-26,2,42.49,0.15,Delivered,NY
ORD-003911,eBay,SKU-1001,2026-06-27,1,80.99,0.1,Delivered,TX
ORD-003912,Amazon,SKU-1004,2026-05-26,1,44.99,0.1,Delivered,NY
ORD-003913,Amazon,SKU-1002,2026-03-07,1,169.99,0.0,Delivered,IL
ORD-003914,Wayfair,SKU-1004,2026-07-19,3,49.99,0.0,Delivered,CA
ORD-003915,Amazon,SKU-1008,2026-03-10,1,90.24,0.05,Delivered,TX
ORD-003916,Amazon,SKU-1001,2026-02-09,2,71.99,0.2,Delivered,MA
ORD-003917,Amazon,SKU-1002,2026-02-02,1,169.99,0.0,Delivered,TX
ORD-003918,Amazon,SKU-1004,2026-03-09,1,49.99,0.0,Delivered,TX
ORD-003919,Amazon,SKU-1006,2026-05-10,2,129.99,0.0,Delivered,IL
ORD-003920,Amazon,SKU-1003,2026-04-30,1,249.99,0.0,Delivered,IL
ORD-003921,eBay,SKU-1007,2026-04-08,1,74.99,0.0,Delivered,CA
ORD-003922,Amazon,SKU-1007,2026-05-26,1,59.99,0.2,Cancelled,TX
ORD-003923,Amazon,SKU-1007,2026-05-21,1,71.24,0.05,Delivered,NY
ORD-003924,Amazon,SKU-1006,2026-07-03,3,129.99,0.0,Processing,CA
ORD-003925,Wayfair,SKU-1004,2026-02-25,1,44.99,0.1,Delivered,NY
ORD-003926,Amazon,SKU-1004,2026-07-03,2,44.99,0.1,Delivered,NY
ORD-003927,Amazon,SKU-1004,2026-06-14,1,44.99,0.1,Delivered,TX
ORD-003928,Amazon,SKU-1001,2026-05-05,2,89.99,0.0,Shipped,NY
ORD-003929,Amazon,SKU-1006,2026-04-19,1,129.99,0.0,Delivered,CA
ORD-003930,Amazon,SKU-1004,2026-02-03,1,49.99,0.0,Delivered,FL
ORD-003931,eBay,SKU-1003,2026-03-12,3,249.99,0.0,Delivered,WA
ORD-003932,Amazon,SKU-1007,2026-06-07,1,74.99,0.0,Delivered,NY
ORD-003933,eBay,SKU-1004,2026-07-20,2,49.99,0.0,Shipped,TX
ORD-003934,Wayfair,SKU-1004,2026-04-24,1,49.99,0.0,Delivered,CA
ORD-003935,Amazon,SKU-1006,2026-04-07,1,116.99,0.1,Delivered,WA
ORD-003936,Amazon,SKU-1001,2026-04-30,1,85.49,0.05,Delivered,CA
ORD-003937,Wayfair,SKU-1001,2026-06-11,3,89.99,0.0,Delivered,FL
ORD-003938,eBay,SKU-1004,2026-02-04,1,44.99,0.1,Shipped,TX
ORD-003939,Amazon,SKU-1008,2026-03-08,1,94.99,0.0,Delivered,FL
ORD-003940,Amazon,SKU-1004,2026-07-14,1,49.99,0.0,Delivered,CA
ORD-003941,eBay,SKU-1004,2026-06-05,1,49.99,0.0,Delivered,CA
ORD-003942,Amazon,SKU-1001,2026-06-25,1,80.99,0.1,Delivered,TX
ORD-003943,Wayfair,SKU-1006,2026-05-28,2,116.99,0.1,Delivered,AZ
ORD-003944,eBay,SKU-1007,2026-06-11,1,63.74,0.15,Delivered,MA
ORD-003945,Amazon,SKU-1005,2026-04-25,2,139.99,0.0,Shipped,IL
ORD-003946,Amazon,SKU-1005,2026-07-05,1,139.99,0.0,Shipped,TX
ORD-003947,Amazon,SKU-1008,2026-03-02,4,75.99,0.2,Delivered,TX
ORD-003948,Wayfair,SKU-1007,2026-07-01,1,74.99,0.0,Delivered,CA
ORD-003949,Amazon,SKU-1008,2026-02-19,1,90.24,0.05,Delivered,MA
ORD-003950,eBay,SKU-1008,2026-04-03,2,90.24,0.05,Delivered,NY
ORD-003951,eBay,SKU-1002,2026-04-19,1,169.99,0.0,Delivered,TX
ORD-003952,Wayfair,SKU-1003,2026-06-14,1,237.49,0.05,Shipped,TX
ORD-003953,Wayfair,SKU-1001,2026-04-21,1,85.49,0.05,Delivered,CA
ORD-003954,Wayfair,SKU-1001,2026-02-14,2,89.99,0.0,Delivered,WA
ORD-003955,Amazon,SKU-1005,2026-06-02,1,139.99,0.0,Delivered,CA
ORD-003956,Amazon,SKU-1001,2026-07-05,1,80.99,0.1,Delivered,NY
ORD-003957,Wayfair,SKU-1001,2026-05-16,1,80.99,0.1,Delivered,CA
ORD-003958,eBay,SKU-1003,2026-02-10,1,224.99,0.1,Delivered,FL
ORD-003959,Wayfair,SKU-1001,2026-07-13,3,76.49,0.15,Delivered,CA
ORD-003960,Wayfair,SKU-1002,2026-03-03,2,169.99,0.0,Delivered,TX
ORD-003961,Amazon,SKU-1001,2026-04-27,1,71.99,0.2,Delivered,CA
ORD-003962,Amazon,SKU-1001,2026-07-08,2,89.99,0.0,Delivered,FL
ORD-003963,Amazon,SKU-1006,2026-04-21,1,123.49,0.05,Delivered,AZ
ORD-003964,eBay,SKU-1008,2026-04-25,1,85.49,0.1,Delivered,NY
ORD-003965,Wayfair,SKU-1004,2026-05-03,1,47.49,0.05,Shipped,CA
ORD-003966,Amazon,SKU-1007,2026-04-20,1,67.49,0.1,Delivered,CA
ORD-003967,Amazon,SKU-1006,2026-06-26,1,129.99,0.0,Cancelled,CA
ORD-003968,Amazon,SKU-1003,2026-02-19,2,237.49,0.05,Delivered,NY
ORD-003969,Wayfair,SKU-1004,2026-08-01,1,49.99,0.0,Processing,WA
ORD-003970,eBay,SKU-1003,2026-03-05,1,237.49,0.05,Delivered,WA
ORD-003971,Amazon,SKU-1001,2026-05-06,2,89.99,0.0,Delivered,FL
ORD-003972,Amazon,SKU-1003,2026-06-29,1,249.99,0.0,Delivered,CA
ORD-003973,eBay,SKU-1007,2026-03-20,2,67.49,0.1,Delivered,NY
ORD-003974,Amazon,SKU-1006,2026-03-24,1,116.99,0.1,Delivered,AZ
ORD-003975,Wayfair,SKU-1002,2026-04-02,1,169.99,0.0,Delivered,WA
ORD-003976,Wayfair,SKU-1001,2026-05-21,1,76.49,0.15,Delivered,IL
ORD-003977,Amazon,SKU-1008,2026-06-27,1,94.99,0.0,Shipped,CA
ORD-003978,Amazon,SKU-1002,2026-04-25,3,169.99,0.0,Delivered,IL
ORD-003979,Wayfair,SKU-1003,2026-06-06,2,249.99,0.0,Delivered,FL
ORD-003980,Wayfair,SKU-1004,2026-04-11,1,44.99,0.1,Delivered,CA
ORD-003981,eBay,SKU-1005,2026-04-19,3,139.99,0.0,Delivered,FL
ORD-003982,Wayfair,SKU-1001,2026-02-24,1,89.99,0.0,Shipped,CA
ORD-003983,Amazon,SKU-1004,2026-07-02,1,49.99,0.0,Cancelled,MA
ORD-003984,Amazon,SKU-1003,2026-03-31,2,249.99,0.0,Cancelled,MA
ORD-003985,eBay,SKU-1008,2026-06-02,1,85.49,0.1,Shipped,TX
ORD-003986,Amazon,SKU-1004,2026-05-13,1,49.99,0.0,Delivered,WA
ORD-003987,Amazon,SKU-1001,2026-04-05,1,80.99,0.1,Delivered,NY
ORD-003988,Amazon,SKU-1007,2026-07-23,2,71.24,0.05,Processing,WA
ORD-003989,Amazon,SKU-1002,2026-02-02,1,144.49,0.15,Delivered,TX
ORD-003990,eBay,SKU-1001,2026-07-20,1,80.99,0.1,Delivered,NY
ORD-003991,Wayfair,SKU-1004,2026-04-21,1,49.99,0.0,Cancelled,CA
ORD-003992,Amazon,SKU-1008,2026-07-03,1,94.99,0.0,Delivered,IL
ORD-003993,Amazon,SKU-1004,2026-02-14,2,47.49,0.05,Delivered,FL
ORD-003994,Amazon,SKU-1004,2026-07-04,1,49.99,0.0,Cancelled,NY
ORD-003995,Wayfair,SKU-1001,2026-06-24,1,89.99,0.0,Delivered,WA
ORD-003996,Amazon,SKU-1006,2026-07-27,1,129.99,0.0,Delivered,MA
ORD-003997,eBay,SKU-1005,2026-05-10,1,139.99,0.0,Delivered,IL
ORD-003998,Amazon,SKU-1004,2026-02-10,1,39.99,0.2,Delivered,CA
ORD-003999,eBay,SKU-1001,2026-06-23,1,80.99,0.1,Shipped,NY
ORD-004000,Amazon,SKU-1005,2026-05-03,1,139.99,0.0,Delivered,WA
ORD-004001,Amazon,SKU-1006,2026-06-18,1,116.99,0.1,Delivered,MA
ORD-004002,eBay,SKU-1004,2026-07-12,4,49.99,0.0,Delivered,TX
ORD-004003,Amazon,SKU-1003,2026-05-18,1,249.99,0.0,Delivered,TX
ORD-004004,Amazon,SKU-1001,2026-06-16,1,89.99,0.0,Delivered,AZ
ORD-004005,Amazon,SKU-1003,2026-02-27,1,249.99,0.0,Delivered,TX
ORD-004006,Amazon,SKU-1005,2026-05-15,1,139.99,0.0,Delivered,CA
ORD-004007,eBay,SKU-1001,2026-05-25,1,76.49,0.15,Delivered,CA
ORD-004008,Wayfair,SKU-1003,2026-05-01,1,224.99,0.1,Delivered,IL
ORD-004009,Amazon,SKU-1006,2026-04-04,1,129.99,0.0,Delivered,WA
ORD-004010,eBay,SKU-1004,2026-03-15,2,49.99,0.0,Delivered,NY
ORD-004011,Wayfair,SKU-1001,2026-03-10,1,89.99,0.0,Delivered,MA
ORD-004012,Amazon,SKU-1003,2026-07-20,1,249.99,0.0,Delivered,CA
ORD-004013,eBay,SKU-1008,2026-07-22,1,80.74,0.15,Shipped,FL
ORD-004014,eBay,SKU-1004,2026-04-03,1,47.49,0.05,Delivered,CA
ORD-004015,Amazon,SKU-1002,2026-04-15,1,169.99,0.0,Delivered,CA
ORD-004016,Amazon,SKU-1005,2026-04-23,1,139.99,0.0,Delivered,MA
ORD-004017,Wayfair,SKU-1004,2026-04-14,1,39.99,0.2,Delivered,WA
ORD-004018,Amazon,SKU-1003,2026-05-12,1,237.49,0.05,Delivered,TX
ORD-004019,eBay,SKU-1004,2026-03-14,1,49.99,0.0,Delivered,WA
ORD-004020,Amazon,SKU-1001,2026-04-06,1,89.99,0.0,Delivered,CA
ORD-004021,Amazon,SKU-1004,2026-02-28,1,49.99,0.0,Delivered,FL
ORD-004022,Amazon,SKU-1001,2026-06-14,2,89.99,0.0,Shipped,AZ
ORD-004023,Amazon,SKU-1001,2026-05-16,1,80.99,0.1,Shipped,AZ
ORD-004024,Amazon,SKU-1002,2026-06-16,1,152.99,0.1,Delivered,FL
ORD-004025,Amazon,SKU-1005,2026-03-23,1,139.99,0.0,Delivered,FL
ORD-004026,Wayfair,SKU-1007,2026-04-15,1,74.99,0.0,Delivered,IL
ORD-004027,Amazon,SKU-1002,2026-04-07,1,152.99,0.1,Delivered,CA
ORD-004028,Amazon,SKU-1007,2026-02-21,1,74.99,0.0,Delivered,AZ
ORD-004029,Wayfair,SKU-1007,2026-02-10,1,74.99,0.0,Delivered,FL
ORD-004030,Amazon,SKU-1001,2026-03-05,1,89.99,0.0,Delivered,CA
ORD-004031,Amazon,SKU-1001,2026-02-25,2,85.49,0.05,Delivered,AZ
ORD-004032,Wayfair,SKU-1007,2026-07-09,1,74.99,0.0,Delivered,MA
ORD-004033,Amazon,SKU-1006,2026-04-20,2,129.99,0.0,Delivered,IL
ORD-004034,Wayfair,SKU-1003,2026-03-30,1,249.99,0.0,Delivered,CA
ORD-004035,Wayfair,SKU-1001,2026-06-25,1,89.99,0.0,Delivered,TX
ORD-004036,eBay,SKU-1001,2026-03-14,1,89.99,0.0,Shipped,WA
ORD-004037,Amazon,SKU-1003,2026-06-10,1,249.99,0.0,Delivered,IL
ORD-004038,Wayfair,SKU-1007,2026-05-29,1,67.49,0.1,Delivered,FL
ORD-004039,Amazon,SKU-1001,2026-04-10,2,89.99,0.0,Delivered,TX
ORD-004040,Wayfair,SKU-1004,2026-03-13,1,44.99,0.1,Delivered,TX
ORD-004041,eBay,SKU-1001,2026-02-08,1,76.49,0.15,Delivered,TX
ORD-004042,eBay,SKU-1005,2026-06-16,1,132.99,0.05,Delivered,FL
ORD-004043,Amazon,SKU-1006,2026-07-09,1,129.99,0.0,Delivered,MA
ORD-004044,Wayfair,SKU-1001,2026-02-06,1,89.99,0.0,Shipped,TX
ORD-004045,eBay,SKU-1008,2026-06-24,1,90.24,0.05,Delivered,TX
ORD-004046,Amazon,SKU-1006,2026-02-08,4,123.49,0.05,Delivered,TX
ORD-004047,Amazon,SKU-1007,2026-03-31,1,74.99,0.0,Delivered,CA
ORD-004048,Wayfair,SKU-1004,2026-05-15,1,49.99,0.0,Delivered,IL
ORD-004049,Wayfair,SKU-1005,2026-07-03,1,139.99,0.0,Delivered,CA
ORD-004050,Amazon,SKU-1005,2026-03-01,1,139.99,0.0,Delivered,IL
ORD-004051,Amazon,SKU-1001,2026-06-06,3,80.99,0.1,Delivered,NY
ORD-004052,Amazon,SKU-1005,2026-03-24,2,125.99,0.1,Delivered,NY
ORD-004053,Wayfair,SKU-1001,2026-02-20,1,85.49,0.05,Delivered,AZ
ORD-004054,Amazon,SKU-1008,2026-02-08,1,94.99,0.0,Delivered,CA
ORD-004055,Amazon,SKU-1008,2026-07-03,1,94.99,0.0,Delivered,WA
ORD-004056,eBay,SKU-1004,2026-05-17,4,42.49,0.15,Delivered,CA
ORD-004057,Amazon,SKU-1005,2026-07-26,1,139.99,0.0,Delivered,TX
ORD-004058,Wayfair,SKU-1001,2026-02-16,1,80.99,0.1,Delivered,CA
ORD-004059,Wayfair,SKU-1005,2026-03-28,2,125.99,0.1,Delivered,FL
ORD-004060,Amazon,SKU-1005,2026-02-28,4,139.99,0.0,Delivered,TX
ORD-004061,Wayfair,SKU-1004,2026-04-12,1,44.99,0.1,Delivered,AZ
ORD-004062,Wayfair,SKU-1007,2026-05-02,2,74.99,0.0,Delivered,WA
ORD-004063,Amazon,SKU-1007,2026-06-04,1,74.99,0.0,Delivered,CA
ORD-004064,Wayfair,SKU-1006,2026-04-04,1,129.99,0.0,Delivered,IL
ORD-004065,Amazon,SKU-1008,2026-02-10,1,94.99,0.0,Delivered,CA
ORD-004066,Wayfair,SKU-1007,2026-05-31,1,74.99,0.0,Delivered,NY
ORD-004067,Amazon,SKU-1003,2026-07-02,1,249.99,0.0,Shipped,IL
ORD-004068,Amazon,SKU-1004,2026-07-03,1,47.49,0.05,Delivered,MA
ORD-004069,eBay,SKU-1006,2026-04-26,1,129.99,0.0,Shipped,FL
ORD-004070,eBay,SKU-1002,2026-06-03,1,135.99,0.2,Delivered,MA
ORD-004071,eBay,SKU-1004,2026-03-12,1,49.99,0.0,Shipped,WA
ORD-004072,eBay,SKU-1003,2026-03-18,1,249.99,0.0,Delivered,CA
ORD-004073,Wayfair,SKU-1008,2026-07-22,2,94.99,0.0,Shipped,NY
ORD-004074,Wayfair,SKU-1004,2026-05-30,1,49.99,0.0,Delivered,IL
ORD-004075,Amazon,SKU-1005,2026-03-09,3,118.99,0.15,Delivered,WA
ORD-004076,Amazon,SKU-1004,2026-03-23,1,49.99,0.0,Cancelled,AZ
ORD-004077,eBay,SKU-1005,2026-07-27,3,118.99,0.15,Shipped,AZ
ORD-004078,Amazon,SKU-1004,2026-03-29,1,49.99,0.0,Delivered,CA
ORD-004079,Wayfair,SKU-1006,2026-06-01,3,129.99,0.0,Cancelled,AZ
ORD-004080,Wayfair,SKU-1008,2026-05-20,1,94.99,0.0,Cancelled,IL
ORD-004081,Amazon,SKU-1004,2026-03-09,1,49.99,0.0,Delivered,WA
ORD-004082,Amazon,SKU-1004,2026-06-05,1,47.49,0.05,Delivered,WA
ORD-004083,Amazon,SKU-1007,2026-05-18,1,74.99,0.0,Delivered,FL
ORD-004084,Amazon,SKU-1004,2026-07-12,1,49.99,0.0,Shipped,NY
ORD-004085,Amazon,SKU-1001,2026-03-31,2,80.99,0.1,Delivered,IL
ORD-004086,Wayfair,SKU-1006,2026-03-09,2,123.49,0.05,Delivered,WA
ORD-004087,Amazon,SKU-1004,2026-02-28,1,42.49,0.15,Delivered,FL
ORD-004088,eBay,SKU-1005,2026-04-25,2,139.99,0.0,Delivered,CA
ORD-004089,eBay,SKU-1005,2026-04-09,1,132.99,0.05,Delivered,TX
ORD-004090,eBay,SKU-1008,2026-08-01,2,94.99,0.0,Delivered,MA
ORD-004091,Amazon,SKU-1001,2026-03-30,1,89.99,0.0,Delivered,WA
ORD-004092,Amazon,SKU-1001,2026-06-04,1,89.99,0.0,Delivered,FL
ORD-004093,eBay,SKU-1006,2026-07-15,3,116.99,0.1,Delivered,NY
ORD-004094,eBay,SKU-1004,2026-03-17,3,47.49,0.05,Delivered,CA
ORD-004095,Wayfair,SKU-1006,2026-04-03,1,129.99,0.0,Delivered,WA
ORD-004096,eBay,SKU-1004,2026-03-29,1,49.99,0.0,Delivered,FL
ORD-004097,eBay,SKU-1001,2026-05-01,1,85.49,0.05,Delivered,NY
ORD-004098,Amazon,SKU-1002,2026-06-28,1,152.99,0.1,Cancelled,AZ
ORD-004099,Amazon,SKU-1003,2026-06-26,3,224.99,0.1,Delivered,NY
ORD-004100,Amazon,SKU-1006,2026-06-04,1,103.99,0.2,Cancelled,NY
ORD-004101,Amazon,SKU-1002,2026-03-11,3,169.99,0.0,Delivered,AZ
ORD-004102,Amazon,SKU-1001,2026-06-24,1,76.49,0.15,Delivered,CA
ORD-004103,Amazon,SKU-1001,2026-05-14,3,89.99,0.0,Delivered,WA
ORD-004104,Amazon,SKU-1005,2026-04-07,4,132.99,0.05,Delivered,TX
ORD-004105,Wayfair,SKU-1008,2026-03-02,1,90.24,0.05,Delivered,FL
ORD-004106,eBay,SKU-1001,2026-04-01,2,71.99,0.2,Delivered,TX
ORD-004107,Amazon,SKU-1003,2026-06-02,1,249.99,0.0,Delivered,CA
ORD-004108,Amazon,SKU-1003,2026-04-07,2,249.99,0.0,Delivered,CA
ORD-004109,Amazon,SKU-1005,2026-03-27,1,139.99,0.0,Delivered,IL
ORD-004110,Amazon,SKU-1003,2026-07-27,2,249.99,0.0,Delivered,CA
ORD-004111,eBay,SKU-1004,2026-07-28,1,49.99,0.0,Delivered,NY
ORD-004112,eBay,SKU-1002,2026-02-05,1,169.99,0.0,Delivered,CA
ORD-004113,Amazon,SKU-1003,2026-07-19,1,249.99,0.0,Delivered,WA
ORD-004114,Wayfair,SKU-1006,2026-07-15,1,103.99,0.2,Delivered,CA
ORD-004115,Amazon,SKU-1001,2026-06-28,1,71.99,0.2,Delivered,FL
ORD-004116,eBay,SKU-1007,2026-03-30,1,63.74,0.15,Shipped,FL
ORD-004117,Amazon,SKU-1007,2026-07-25,1,74.99,0.0,Shipped,TX
ORD-004118,Amazon,SKU-1002,2026-02-06,1,169.99,0.0,Delivered,NY
ORD-004119,Amazon,SKU-1001,2026-04-17,2,89.99,0.0,Delivered,TX
ORD-004120,Amazon,SKU-1006,2026-04-19,1,103.99,0.2,Shipped,CA
ORD-004121,Amazon,SKU-1001,2026-02-26,1,89.99,0.0,Shipped,WA
ORD-004122,Amazon,SKU-1008,2026-06-28,3,94.99,0.0,Delivered,IL
ORD-004123,Wayfair,SKU-1001,2026-04-27,1,80.99,0.1,Delivered,CA
ORD-004124,Amazon,SKU-1007,2026-02-14,1,67.49,0.1,Delivered,NY
ORD-004125,Amazon,SKU-1004,2026-05-02,3,44.99,0.1,Delivered,AZ
ORD-004126,Wayfair,SKU-1003,2026-03-18,3,224.99,0.1,Delivered,FL
ORD-004127,Amazon,SKU-1001,2026-03-03,3,80.99,0.1,Shipped,TX
ORD-004128,Wayfair,SKU-1006,2026-05-31,1,123.49,0.05,Delivered,NY
ORD-004129,Wayfair,SKU-1002,2026-04-13,1,169.99,0.0,Delivered,TX
ORD-004130,Wayfair,SKU-1008,2026-06-18,2,90.24,0.05,Delivered,FL
ORD-004131,Amazon,SKU-1001,2026-02-19,2,76.49,0.15,Delivered,AZ
ORD-004132,Wayfair,SKU-1002,2026-03-30,1,152.99,0.1,Delivered,IL
ORD-004133,Amazon,SKU-1006,2026-03-20,1,116.99,0.1,Delivered,NY
ORD-004134,Amazon,SKU-1003,2026-07-07,4,249.99,0.0,Delivered,IL
ORD-004135,eBay,SKU-1008,2026-03-31,1,94.99,0.0,Delivered,NY
ORD-004136,Wayfair,SKU-1001,2026-04-26,2,80.99,0.1,Delivered,NY
ORD-004137,Wayfair,SKU-1004,2026-05-04,3,47.49,0.05,Delivered,CA
ORD-004138,Wayfair,SKU-1007,2026-07-20,3,74.99,0.0,Delivered,CA
ORD-004139,Amazon,SKU-1003,2026-05-09,1,212.49,0.15,Delivered,NY
ORD-004140,Amazon,SKU-1006,2026-07-23,1,123.49,0.05,Delivered,FL
ORD-004141,eBay,SKU-1002,2026-06-08,1,144.49,0.15,Delivered,IL
ORD-004142,Amazon,SKU-1006,2026-07-15,1,110.49,0.15,Shipped,CA
ORD-004143,Wayfair,SKU-1001,2026-04-27,1,76.49,0.15,Delivered,AZ
ORD-004144,Amazon,SKU-1002,2026-06-06,2,144.49,0.15,Delivered,AZ
ORD-004145,Amazon,SKU-1001,2026-07-16,3,85.49,0.05,Delivered,NY
ORD-004146,Amazon,SKU-1006,2026-04-09,2,103.99,0.2,Delivered,WA
ORD-004147,Wayfair,SKU-1001,2026-06-27,1,89.99,0.0,Delivered,FL
ORD-004148,Wayfair,SKU-1005,2026-07-19,2,125.99,0.1,Delivered,WA
ORD-004149,Amazon,SKU-1005,2026-04-22,1,118.99,0.15,Delivered,NY
ORD-004150,Amazon,SKU-1008,2026-05-22,1,90.24,0.05,Delivered,TX
ORD-004151,eBay,SKU-1002,2026-05-03,4,169.99,0.0,Delivered,MA
ORD-004152,Amazon,SKU-1006,2026-06-30,1,123.49,0.05,Delivered,FL
ORD-004153,eBay,SKU-1008,2026-06-27,2,90.24,0.05,Delivered,IL
ORD-004154,Amazon,SKU-1008,2026-04-23,1,85.49,0.1,Delivered,NY
ORD-004155,Wayfair,SKU-1004,2026-06-23,1,47.49,0.05,Delivered,IL
ORD-004156,eBay,SKU-1008,2026-06-07,2,85.49,0.1,Delivered,NY
ORD-004157,Wayfair,SKU-1006,2026-06-01,1,129.99,0.0,Delivered,WA
ORD-004158,Amazon,SKU-1007,2026-02-08,1,74.99,0.0,Delivered,CA
ORD-004159,Amazon,SKU-1005,2026-03-24,2,132.99,0.05,Delivered,TX
ORD-004160,eBay,SKU-1002,2026-07-06,1,135.99,0.2,Delivered,IL
ORD-004161,Amazon,SKU-1006,2026-03-09,3,116.99,0.1,Delivered,CA
ORD-004162,Amazon,SKU-1004,2026-07-23,2,44.99,0.1,Delivered,NY
ORD-004163,eBay,SKU-1002,2026-03-22,1,169.99,0.0,Delivered,NY
ORD-004164,eBay,SKU-1003,2026-04-27,2,237.49,0.05,Delivered,TX
ORD-004165,Amazon,SKU-1003,2026-02-12,3,249.99,0.0,Delivered,CA
ORD-004166,Amazon,SKU-1002,2026-04-22,1,144.49,0.15,Delivered,TX
ORD-004167,Amazon,SKU-1004,2026-03-14,1,47.49,0.05,Processing,FL
ORD-004168,Amazon,SKU-1008,2026-07-25,2,85.49,0.1,Shipped,TX
ORD-004169,Amazon,SKU-1004,2026-03-13,1,49.99,0.0,Cancelled,WA
ORD-004170,eBay,SKU-1006,2026-05-06,1,129.99,0.0,Delivered,TX
ORD-004171,Wayfair,SKU-1006,2026-05-07,1,116.99,0.1,Delivered,TX
ORD-004172,Amazon,SKU-1001,2026-08-01,1,89.99,0.0,Delivered,IL
ORD-004173,eBay,SKU-1005,2026-03-29,1,139.99,0.0,Delivered,MA
ORD-004174,eBay,SKU-1005,2026-04-10,1,139.99,0.0,Delivered,CA
ORD-004175,Amazon,SKU-1006,2026-06-26,1,116.99,0.1,Shipped,CA
ORD-004176,Wayfair,SKU-1008,2026-06-26,1,75.99,0.2,Delivered,CA
ORD-004177,Wayfair,SKU-1004,2026-07-25,1,49.99,0.0,Delivered,CA
ORD-004178,Wayfair,SKU-1005,2026-02-08,3,139.99,0.0,Delivered,CA
ORD-004179,Amazon,SKU-1001,2026-03-27,1,85.49,0.05,Delivered,FL
ORD-004180,Wayfair,SKU-1008,2026-05-10,1,94.99,0.0,Delivered,WA
ORD-004181,Wayfair,SKU-1007,2026-07-02,2,63.74,0.15,Delivered,FL
ORD-004182,Amazon,SKU-1005,2026-07-18,1,139.99,0.0,Shipped,TX
ORD-004183,Amazon,SKU-1004,2026-05-19,1,49.99,0.0,Delivered,AZ
ORD-004184,eBay,SKU-1004,2026-05-26,2,49.99,0.0,Delivered,TX
ORD-004185,Amazon,SKU-1005,2026-06-20,1,139.99,0.0,Delivered,FL
ORD-004186,Amazon,SKU-1001,2026-03-12,1,80.99,0.1,Shipped,IL
ORD-004187,Amazon,SKU-1001,2026-03-16,1,85.49,0.05,Delivered,TX
ORD-004188,Amazon,SKU-1004,2026-06-10,1,49.99,0.0,Delivered,NY
ORD-004189,Amazon,SKU-1001,2026-07-29,2,85.49,0.05,Processing,MA
ORD-004190,eBay,SKU-1004,2026-04-08,3,39.99,0.2,Delivered,NY
ORD-004191,Amazon,SKU-1004,2026-04-07,1,47.49,0.05,Delivered,CA
ORD-004192,eBay,SKU-1001,2026-07-07,1,89.99,0.0,Delivered,IL
ORD-004193,Amazon,SKU-1001,2026-03-10,3,85.49,0.05,Delivered,MA
ORD-004194,Amazon,SKU-1001,2026-05-15,1,80.99,0.1,Delivered,IL
ORD-004195,Amazon,SKU-1001,2026-02-20,2,80.99,0.1,Delivered,NY
ORD-004196,Amazon,SKU-1001,2026-06-08,1,85.49,0.05,Delivered,TX
ORD-004197,Amazon,SKU-1006,2026-06-13,1,129.99,0.0,Delivered,MA
ORD-004198,Amazon,SKU-1004,2026-06-02,3,47.49,0.05,Delivered,CA
ORD-004199,Amazon,SKU-1004,2026-03-05,2,44.99,0.1,Cancelled,CA
ORD-004200,Amazon,SKU-1006,2026-05-08,1,129.99,0.0,Shipped,IL
ORD-001744,eBay,SKU-1005,2026-04-24,1,139.99,0.0,Delivered,NY
ORD-002197,Amazon,SKU-1004,2026-05-12,1,39.99,0.2,Delivered,TX
ORD-001729,Wayfair,SKU-1004,2026-02-14,2,49.99,0.0,Cancelled,NY
ORD-003338,Amazon,SKU-1002,2026-05-08,1,161.49,0.05,Delivered,WA
ORD-000299,Amazon,SKU-1004,2026-06-24,3,42.49,0.15,Processing,FL
