order_id,carrier,shipping_cost,service_level,ship_date,delivery_date,delivery_status,package_weight_lb
ORD-000001,FedEx,13.08,Standard,2026-04-15,2026-04-22,Delivered,15.79
ORD-000002,UPS,10.35,Standard,2026-02-13,2026-02-19,Delivered,10.1
ORD-000003,FedEx,10.01,Ground,2026-06-23,2026-06-29,Delivered,9.39
ORD-000004,UPS,10.01,Standard,2026-05-24,2026-05-28,Delivered,9.39
ORD-000005,UPS,22.04,Ground,2026-05-01,2026-05-04,Delivered,29.77
ORD-000006,UPS,33.0,Ground,2026-06-25,2026-06-28,Delivered,18.74
ORD-000007,UPS,9.23,Ground,2026-07-24,2026-07-28,Delivered,7.78
ORD-000008,FedEx,13.3,Ground,2026-07-14,2026-07-18,Delivered,16.26
ORD-000009,FedEx,18.42,2-Day,2026-02-22,2026-02-25,Delivered,13.3
ORD-000010,USPS,8.08,Ground,2026-07-18,2026-07-23,Delivered,1.7
ORD-000011,FedEx,15.57,2-Day,2026-04-25,2026-04-26,Delivered,4.78
ORD-000012,UPS,12.21,Ground,2026-06-10,2026-06-16,Delivered,13.98
ORD-000013,USPS,18.95,Standard,2026-04-10,2026-04-17,Delivered,28.02
ORD-000014,USPS,12.29,Standard,2026-06-11,2026-06-19,Delivered,9.45
ORD-000015,FedEx,9.0,Ground,2026-02-18,2026-02-24,Delivered,7.3
ORD-000016,FedEx,11.32,Ground,2026-07-29,2026-08-03,Delivered,12.13
ORD-000017,FedEx,13.7,2-Day,2026-05-27,2026-05-30,Delivered,6.96
ORD-000018,FedEx,9.81,Ground,2026-06-11,2026-06-15,Delivered,8.97
ORD-000019,UPS,10.82,Ground,2026-03-17,2026-03-23,Delivered,11.09
ORD-000020,FedEx,7.69,Ground,2026-05-08,2026-05-12,Delivered,4.57
ORD-000022,UPS,17.06,Ground,2026-06-25,2026-07-02,Delivered,19.39
ORD-000024,UPS,9.61,Standard,2026-03-06,2026-03-12,Delivered,3.88
ORD-000025,FedEx,7.16,Ground,2026-07-15,2026-07-22,Delivered,3.46
ORD-000026,UPS,13.94,Ground,2026-06-06,2026-06-13,Delivered,12.89
ORD-000027,FedEx,56.64,Standard,2026-05-18,2026-05-26,Delivered,18.41
ORD-000028,USPS,14.82,Ground,2026-07-27,2026-08-01,Delivered,12.66
ORD-000029,USPS,16.17,2-Day,2026-03-24,2026-03-26,Delivered,10.28
ORD-000030,USPS,9.78,Standard,2026-05-29,2026-06-06,Delivered,8.91
ORD-000031,UPS,11.51,Standard,2026-02-27,2026-03-05,Delivered,7.83
ORD-000032,FedEx,18.45,Ground,2026-02-20,2026-02-23,Delivered,22.29
ORD-000033,USPS,15.68,Standard,2026-08-02,2026-08-09,Delivered,14.07
ORD-000034,USPS,9.5,Ground,2026-02-19,2026-02-22,Delivered,8.33
ORD-000035,FedEx,8.63,Standard,2026-06-19,2026-06-24,Delivered,6.52
ORD-000036,USPS,15.91,Standard,2026-04-06,2026-04-14,Delivered,17.0
ORD-000037,FedEx,16.04,Ground,2026-07-22,2026-07-29,Delivered,21.96
ORD-000038,USPS,17.69,Ground,2026-05-14,2026-05-17,Delivered,20.7
ORD-000039,FedEx,12.71,2-Day,2026-07-12,2026-07-13,Delivered,5.63
ORD-000040,FedEx,15.11,2-Day,2026-02-21,2026-02-24,Delivered,8.85
ORD-000041,UPS,11.45,Ground,2026-07-19,2026-07-22,Delivered,7.71
ORD-000042,FedEx,10.18,Standard,2026-04-13,2026-04-20,Delivered,9.75
ORD-000043,FedEx,14.75,Ground,2026-03-26,2026-03-31,Delivered,19.27
ORD-000044,UPS,18.17,Ground,2026-07-15,2026-07-18,Delivered,26.4
ORD-000045,UPS,12.43,Ground,2026-05-26,2026-05-31,Delivered,14.43
ORD-000046,UPS,10.97,Ground,2026-06-23,2026-06-27,Delivered,6.7
ORD-000047,FedEx,16.64,2-Day,2026-02-15,2026-02-18,Delivered,10.91
ORD-000048,UPS,19.68,Ground,2026-05-19,2026-05-25,Delivered,29.55
ORD-000049,UPS,17.4,2-Day,2026-03-20,2026-03-23,Delivered,11.93
ORD-000050,USPS,9.78,Ground,2026-04-09,2026-04-16,Delivered,8.92
ORD-000051,UPS,10.06,Standard,2026-06-01,2026-06-07,In Transit,9.49
ORD-000052,UPS,12.41,Ground,2026-04-16,2026-04-21,Delivered,14.39
ORD-000053,UPS,8.28,Standard,2026-06-20,2026-06-24,In Transit,5.79
ORD-000054,USPS,9.13,Ground,2026-02-14,2026-02-20,Delivered,7.57
ORD-000055,UPS,17.59,Standard,2026-05-13,2026-05-21,Delivered,20.5
ORD-000056,UPS,12.28,Ground,2026-07-28,2026-08-04,Delivered,14.12
ORD-000057,UPS,11.26,Ground,2026-04-27,2026-05-01,Delivered,12.01
ORD-000058,FedEx,17.91,Standard,2026-04-29,2026-05-04,Delivered,21.16
ORD-000059,UPS,8.56,Ground,2026-03-21,2026-03-27,Delivered,6.37
ORD-000060,UPS,9.69,Ground,2026-07-03,2026-07-10,Delivered,8.72
ORD-000061,FedEx,22.29,2-Day,2026-03-19,2026-03-21,Delivered,13.81
ORD-000062,USPS,11.97,Standard,2026-04-04,2026-04-12,Delivered,13.48
ORD-000063,FedEx,7.01,Ground,2026-02-22,2026-02-28,Delivered,3.14
ORD-000064,FedEx,9.38,Ground,2026-03-12,2026-03-17,Delivered,8.09
ORD-000065,USPS,12.52,Standard,2026-03-21,2026-03-27,Delivered,9.93
ORD-000067,UPS,12.63,Standard,2026-07-09,2026-07-13,Delivered,14.85
ORD-000068,UPS,11.96,Ground,2026-06-05,2026-06-12,In Transit,13.45
ORD-000069,UPS,10.59,Ground,2026-04-05,2026-04-09,Delivered,10.6
ORD-000070,USPS,6.31,Standard,2026-03-09,2026-03-14,Delivered,1.69
ORD-000071,UPS,10.77,Standard,2026-06-02,2026-06-08,Delivered,10.98
ORD-000072,FedEx,17.23,2-Day,2026-06-30,2026-07-02,Delivered,11.7
ORD-000073,UPS,27.56,Ground,2026-05-23,2026-05-30,In Transit,45.96
ORD-000074,FedEx,19.23,2-Day,2026-06-08,2026-06-11,Delivered,9.7
ORD-000075,FedEx,14.4,Standard,2026-03-08,2026-03-12,Delivered,13.86
ORD-000076,USPS,18.99,Ground,2026-05-24,2026-05-30,Delivered,23.42
ORD-000077,FedEx,22.33,2-Day,2026-05-10,2026-05-12,Delivered,18.56
ORD-000078,UPS,18.5,Ground,2026-02-18,2026-02-21,Delivered,27.08
ORD-000079,UPS,10.9,2-Day,2026-04-08,2026-04-11,Delivered,3.19
ORD-000080,FedEx,10.09,Ground,2026-04-01,2026-04-04,Delivered,4.88
ORD-000081,UPS,8.94,Ground,2026-03-15,2026-03-19,Delivered,7.17
ORD-000082,FedEx,6.79,Ground,2026-05-17,2026-05-20,Delivered,2.69
ORD-000083,UPS,13.4,Ground,2026-04-20,2026-04-25,Delivered,11.77
ORD-000084,FedEx,8.01,Standard,2026-05-24,2026-05-31,Delivered,5.23
ORD-000085,USPS,19.57,Ground,2026-05-26,2026-05-29,In Transit,29.32
ORD-000086,FedEx,10.6,Ground,2026-07-20,2026-07-26,Delivered,5.93
ORD-000087,FedEx,9.7,Ground,2026-04-13,2026-04-18,Delivered,8.76
ORD-000088,FedEx,14.75,Ground,2026-06-29,2026-07-02,Delivered,19.28
ORD-000089,UPS,11.38,2-Day,2026-04-10,2026-04-13,Delivered,3.84
ORD-000090,UPS,6.7,Ground,2026-02-25,2026-02-28,Delivered,2.51
ORD-000091,USPS,18.03,2-Day,2026-05-28,2026-05-29,Delivered,12.78
ORD-000093,USPS,11.97,Standard,2026-04-22,2026-04-28,Delivered,13.47
ORD-000094,UPS,26.08,2-Day,2026-03-22,2026-03-24,Delivered,18.91
ORD-000095,FedEx,13.2,Ground,2026-02-27,2026-03-03,Delivered,16.05
ORD-000096,FedEx,18.81,2-Day,2026-02-15,2026-02-16,Delivered,13.82
ORD-000097,USPS,8.62,Ground,2026-02-05,2026-02-09,Delivered,6.5
ORD-000098,UPS,14.09,Standard,2026-06-04,2026-06-10,Delivered,13.21
ORD-000099,UPS,14.36,Standard,2026-06-27,2026-07-04,Delivered,13.78
ORD-000100,FedEx,10.78,Standard,2026-07-10,2026-07-14,Delivered,6.31
ORD-000102,FedEx,22.06,Standard,2026-04-10,2026-04-15,Delivered,34.51
ORD-000104,FedEx,20.09,2-Day,2026-04-02,2026-04-04,Delivered,15.55
ORD-000105,UPS,7.88,Ground,2026-06-22,2026-06-26,Delivered,4.96
ORD-000106,UPS,14.61,Standard,2026-07-04,2026-07-10,Delivered,18.97
ORD-000107,USPS,15.63,Ground,2026-04-14,2026-04-20,Delivered,21.1
ORD-000108,USPS,19.64,2-Day,2026-04-08,2026-04-10,Delivered,14.94
ORD-000109,UPS,9.97,Ground,2026-07-25,2026-07-28,Delivered,9.31
ORD-000110,UPS,10.67,Ground,2026-04-15,2026-04-22,Delivered,6.09
ORD-000111,UPS,12.83,Standard,2026-04-28,2026-05-06,Delivered,10.58
ORD-000112,UPS,12.34,Ground,2026-05-15,2026-05-22,Delivered,14.24
ORD-000113,UPS,10.93,Ground,2026-05-16,2026-05-23,Delivered,11.31
ORD-000114,UPS,18.86,Ground,2026-06-16,2026-06-22,Delivered,27.84
ORD-000115,USPS,15.98,Ground,2026-04-19,2026-04-25,Delivered,17.15
ORD-000116,USPS,12.65,2-Day,2026-03-14,2026-03-15,Delivered,5.54
ORD-000117,UPS,7.67,Ground,2026-03-04,2026-03-11,Delivered,4.52
ORD-000118,FedEx,15.26,Ground,2026-06-05,2026-06-08,Delivered,15.64
ORD-000119,UPS,12.3,Standard,2026-03-09,2026-03-17,In Transit,9.47
ORD-000120,UPS,16.45,Ground,2026-02-04,2026-02-11,Delivered,18.13
ORD-000121,USPS,19.47,Ground,2026-06-21,2026-06-25,Delivered,15.54
ORD-000122,UPS,12.84,Ground,2026-07-31,2026-08-03,In Transit,10.61
ORD-000123,FedEx,10.43,Standard,2026-05-10,2026-05-14,In Transit,5.59
ORD-000124,USPS,6.85,Standard,2026-06-10,2026-06-18,Delivered,2.81
ORD-000125,USPS,11.76,Ground,2026-02-08,2026-02-14,Delivered,13.05
ORD-000126,FedEx,7.31,Ground,2026-05-02,2026-05-08,Delivered,3.78
ORD-000127,FedEx,10.34,Standard,2026-04-25,2026-05-02,Delivered,5.4
ORD-000128,FedEx,13.75,Standard,2026-07-29,2026-08-02,Delivered,12.51
ORD-000129,USPS,11.11,Ground,2026-02-27,2026-03-06,Delivered,11.68
ORD-000130,UPS,7.52,Ground,2026-05-08,2026-05-14,Delivered,4.2
ORD-000131,UPS,16.36,Standard,2026-07-09,2026-07-14,Delivered,22.63
ORD-000132,UPS,18.43,Standard,2026-04-11,2026-04-19,Delivered,22.25
ORD-000133,UPS,13.17,Ground,2026-02-21,2026-02-26,Delivered,15.97
ORD-000134,UPS,13.16,Standard,2026-04-20,2026-04-24,Delivered,15.96
ORD-000135,USPS,16.85,Standard,2026-08-01,2026-08-06,Delivered,15.97
ORD-000136,UPS,15.57,Ground,2026-02-15,2026-02-22,In Transit,20.98
ORD-000137,USPS,13.87,Standard,2026-05-04,2026-05-12,Delivered,17.43
ORD-000138,UPS,8.37,Ground,2026-03-11,2026-03-17,Delivered,5.98
ORD-000139,FedEx,10.0,Standard,2026-03-10,2026-03-16,Delivered,9.37
ORD-000140,UPS,26.1,Standard,2026-05-07,2026-05-12,In Transit,42.91
ORD-000141,UPS,8.62,Standard,2026-04-21,2026-04-25,Delivered,1.81
ORD-000143,UPS,9.22,Ground,2026-02-05,2026-02-08,Delivered,7.76
ORD-000144,UPS,16.4,Ground,2026-07-15,2026-07-20,Delivered,22.71
ORD-000145,USPS,10.91,Ground,2026-07-11,2026-07-14,In Transit,6.3
ORD-000147,UPS,16.27,Ground,2026-05-15,2026-05-18,Delivered,17.75
ORD-000148,FedEx,13.31,Standard,2026-03-15,2026-03-21,In Transit,11.58
ORD-000150,UPS,8.7,Ground,2026-06-24,2026-07-01,Delivered,6.66
ORD-000151,UPS,8.45,Standard,2026-05-30,2026-06-03,Delivered,1.45
ORD-000152,USPS,13.89,Ground,2026-03-08,2026-03-13,In Transit,12.8
ORD-000153,UPS,8.32,Ground,2026-04-05,2026-04-08,Delivered,5.88
ORD-000154,USPS,10.44,Ground,2026-03-10,2026-03-14,Delivered,10.29
ORD-000155,USPS,13.12,Standard,2026-04-06,2026-04-12,Delivered,15.87
ORD-000156,FedEx,23.33,2-Day,2026-02-21,2026-02-23,Delivered,19.9
ORD-000157,UPS,9.22,Standard,2026-02-13,2026-02-20,Delivered,7.74
ORD-000158,USPS,8.69,Ground,2026-06-04,2026-06-11,Delivered,6.65
ORD-000159,USPS,7.29,Ground,2026-04-25,2026-04-28,Delivered,3.72
ORD-000160,USPS,19.65,Standard,2026-07-04,2026-07-12,Delivered,20.53
ORD-000161,FedEx,26.55,Ground,2026-07-21,2026-07-27,In Transit,39.16
ORD-000162,UPS,16.05,Ground,2026-05-31,2026-06-07,Delivered,21.97
ORD-000163,UPS,17.56,Standard,2026-07-29,2026-08-05,In Transit,25.13
ORD-000164,UPS,8.54,Ground,2026-03-07,2026-03-13,Delivered,6.34
ORD-000166,UPS,12.82,Ground,2026-02-28,2026-03-03,Delivered,15.25
ORD-000167,USPS,16.79,Standard,2026-05-07,2026-05-13,Delivered,18.83
ORD-000168,FedEx,7.99,Standard,2026-07-13,2026-07-18,Delivered,0.5
ORD-000169,UPS,7.77,Ground,2026-03-21,2026-03-28,Delivered,4.73
ORD-000170,USPS,25.85,Ground,2026-07-23,2026-07-26,Delivered,30.62
ORD-000171,FedEx,6.98,Ground,2026-05-20,2026-05-24,Delivered,3.09
ORD-000172,FedEx,18.78,Ground,2026-02-15,2026-02-19,Delivered,27.66
ORD-000173,USPS,8.93,Standard,2026-07-09,2026-07-13,Delivered,3.07
ORD-000174,USPS,10.07,Ground,2026-07-26,2026-07-31,Delivered,4.93
ORD-000175,USPS,12.91,Standard,2026-03-27,2026-04-01,Delivered,15.43
ORD-000176,USPS,20.78,2-Day,2026-05-26,2026-05-29,Delivered,11.78
ORD-000177,UPS,11.75,Standard,2026-02-23,2026-03-01,Delivered,8.33
ORD-000178,USPS,19.84,Ground,2026-05-22,2026-05-27,Delivered,29.88
ORD-000179,USPS,12.26,Standard,2026-07-13,2026-07-21,Delivered,3.81
ORD-000180,UPS,10.3,Standard,2026-05-15,2026-05-23,Delivered,10.0
ORD-000181,USPS,13.54,Ground,2026-06-14,2026-06-20,Delivered,16.75
ORD-000182,FedEx,12.06,Standard,2026-07-18,2026-07-25,Delivered,13.66
ORD-000183,UPS,11.03,Standard,2026-07-21,2026-07-29,Delivered,6.83
ORD-000184,USPS,14.24,Standard,2026-07-27,2026-08-03,Delivered,7.03
ORD-000185,FedEx,14.96,Standard,2026-03-15,2026-03-19,Delivered,19.71
ORD-000186,FedEx,15.25,Ground,2026-02-21,2026-02-26,Delivered,20.31
ORD-000187,UPS,14.43,Ground,2026-02-25,2026-03-04,Delivered,13.91
ORD-000188,FedEx,16.25,2-Day,2026-05-31,2026-06-02,Delivered,5.69
ORD-000189,FedEx,8.96,Standard,2026-05-29,2026-06-06,Delivered,7.21
ORD-000190,UPS,13.04,Ground,2026-04-08,2026-04-14,Delivered,11.03
ORD-000191,UPS,60.02,2-Day,2026-05-12,2026-05-15,Delivered,12.19
ORD-000192,FedEx,13.33,Standard,2026-03-01,2026-03-08,Delivered,16.31
ORD-000193,UPS,15.68,2-Day,2026-03-15,2026-03-18,Delivered,9.62
ORD-000194,FedEx,17.07,Standard,2026-05-13,2026-05-18,Delivered,19.42
ORD-000195,UPS,14.75,Ground,2026-03-09,2026-03-15,Delivered,19.28
ORD-000196,USPS,20.07,Standard,2026-05-22,2026-05-28,Delivered,25.67
ORD-000197,FedEx,10.96,Ground,2026-03-25,2026-03-30,Delivered,11.37
ORD-000198,FedEx,12.25,Ground,2026-06-18,2026-06-21,Delivered,14.07
ORD-000199,UPS,12.63,Standard,2026-07-31,2026-08-08,Delivered,10.17
ORD-000200,USPS,8.26,Standard,2026-04-04,2026-04-09,Delivered,5.74
ORD-000201,UPS,26.28,Ground,2026-06-03,2026-06-09,Delivered,38.6
ORD-000202,UPS,16.84,Standard,2026-05-12,2026-05-18,Delivered,23.63
ORD-000203,UPS,14.63,Ground,2026-02-15,2026-02-21,Delivered,19.02
ORD-000204,UPS,13.08,Ground,2026-04-17,2026-04-21,Delivered,11.1
ORD-000205,FedEx,10.31,Ground,2026-03-30,2026-04-03,Delivered,5.34
ORD-000206,USPS,17.95,Ground,2026-05-11,2026-05-14,Delivered,21.25
ORD-000207,USPS,10.32,Ground,2026-03-14,2026-03-21,In Transit,10.04
ORD-000208,FedEx,12.67,Ground,2026-05-29,2026-06-02,Delivered,14.94
ORD-000209,FedEx,8.95,Ground,2026-07-08,2026-07-14,Delivered,7.19
ORD-000210,UPS,14.15,Ground,2026-07-12,2026-07-15,Delivered,13.33
ORD-000211,FedEx,9.12,Standard,2026-04-04,2026-04-12,Delivered,7.54
ORD-000212,FedEx,28.88,Ground,2026-07-23,2026-07-27,Delivered,7.77
ORD-000213,UPS,14.09,Standard,2026-06-23,2026-06-28,Delivered,13.21
ORD-000214,UPS,14.27,2-Day,2026-05-04,2026-05-06,Delivered,3.03
ORD-000215,FedEx,7.02,Ground,2026-05-01,2026-05-05,Delivered,3.17
ORD-000216,USPS,16.89,2-Day,2026-08-01,2026-08-03,Delivered,6.28
ORD-000217,FedEx,12.33,Ground,2026-03-28,2026-04-02,Delivered,9.54
ORD-000218,USPS,29.77,2-Day,2026-06-21,2026-06-23,Delivered,19.8
ORD-000219,FedEx,15.92,2-Day,2026-07-22,2026-07-23,Delivered,9.94
ORD-000220,UPS,10.8,Standard,2026-05-12,2026-05-20,Delivered,11.05
ORD-000221,FedEx,9.82,Ground,2026-02-24,2026-03-03,Delivered,9.0
ORD-000222,FedEx,12.25,Ground,2026-02-25,2026-03-04,Delivered,14.06
ORD-000223,FedEx,10.49,Ground,2026-05-28,2026-06-01,Delivered,5.7
ORD-000224,UPS,16.21,2-Day,2026-02-18,2026-02-21,Delivered,10.33
ORD-000225,USPS,12.62,Standard,2026-03-10,2026-03-14,Delivered,14.83
ORD-000226,FedEx,11.81,Standard,2026-05-08,2026-05-15,Delivered,13.14
ORD-000227,UPS,10.92,Ground,2026-02-21,2026-02-26,Delivered,11.3
ORD-000228,FedEx,10.97,Ground,2026-03-23,2026-03-30,Delivered,11.4
ORD-000229,UPS,13.08,Ground,2026-07-11,2026-07-17,Delivered,15.8
ORD-000231,UPS,24.58,Standard,2026-06-23,2026-06-28,In Transit,39.75
ORD-000232,USPS,8.38,Ground,2026-05-07,2026-05-14,Delivered,6.01
ORD-000234,UPS,24.92,Ground,2026-05-16,2026-05-21,Delivered,40.45
ORD-000235,FedEx,8.28,Ground,2026-04-24,2026-04-30,Delivered,5.79
ORD-000236,UPS,8.35,Ground,2026-07-15,2026-07-18,Delivered,1.25
ORD-000237,USPS,11.6,Standard,2026-06-17,2026-06-22,Delivered,7.42
ORD-000238,FedEx,14.59,Standard,2026-04-16,2026-04-21,Delivered,14.24
ORD-000239,FedEx,24.4,Ground,2026-06-19,2026-06-26,Delivered,34.69
ORD-000240,UPS,8.06,Ground,2026-07-06,2026-07-09,Delivered,5.33
ORD-000241,FedEx,15.31,Ground,2026-06-29,2026-07-05,Delivered,15.74
ORD-000242,UPS,7.18,Standard,2026-06-22,2026-06-28,Delivered,3.49
ORD-000243,FedEx,24.03,Ground,2026-02-23,2026-03-01,Delivered,33.92
ORD-000245,FedEx,16.98,Ground,2026-04-27,2026-05-02,Delivered,23.92
ORD-000246,FedEx,9.23,Ground,2026-07-11,2026-07-17,Delivered,7.78
ORD-000247,USPS,20.41,Standard,2026-03-24,2026-03-29,Delivered,26.37
ORD-000248,USPS,10.44,Standard,2026-05-15,2026-05-23,Delivered,10.29
ORD-000249,UPS,17.37,Ground,2026-07-19,2026-07-26,Delivered,24.72
ORD-000250,USPS,13.15,Standard,2026-05-09,2026-05-17,Delivered,11.24
ORD-000251,FedEx,11.06,Ground,2026-02-23,2026-02-28,Delivered,11.59
ORD-000252,FedEx,9.29,Ground,2026-03-08,2026-03-15,In Transit,7.9
ORD-000253,UPS,13.72,Ground,2026-03-25,2026-03-29,Delivered,17.12
ORD-000254,FedEx,11.37,Standard,2026-06-17,2026-06-25,Delivered,12.22
ORD-000255,UPS,13.17,Standard,2026-07-11,2026-07-17,Delivered,15.97
ORD-000256,FedEx,6.82,Ground,2026-04-19,2026-04-23,Delivered,2.74
ORD-000257,USPS,22.57,Ground,2026-07-28,2026-07-31,Delivered,25.28
ORD-000258,UPS,21.83,Ground,2026-04-03,2026-04-09,Delivered,29.33
ORD-000259,FedEx,11.35,Ground,2026-03-14,2026-03-20,Delivered,12.18
ORD-000260,FedEx,23.74,Standard,2026-05-20,2026-05-24,Delivered,38.01
ORD-000261,UPS,23.41,Ground,2026-02-18,2026-02-25,Delivered,32.63
ORD-000262,USPS,13.84,Ground,2026-03-21,2026-03-28,Delivered,17.37
ORD-000264,USPS,20.51,Ground,2026-04-21,2026-04-24,Delivered,26.58
ORD-000265,UPS,16.21,Ground,2026-04-16,2026-04-22,Delivered,22.31
ORD-000266,FedEx,6.5,Ground,2026-03-11,2026-03-14,Delivered,2.08
ORD-000267,USPS,12.13,Ground,2026-06-04,2026-06-07,Delivered,9.13
ORD-000268,UPS,14.22,Ground,2026-07-05,2026-07-08,Delivered,18.17
ORD-000269,FedEx,20.17,Ground,2026-04-27,2026-05-04,Delivered,30.56
ORD-000270,FedEx,7.07,Ground,2026-05-20,2026-05-25,Delivered,3.27
ORD-000271,FedEx,13.68,2-Day,2026-04-17,2026-04-19,Delivered,2.24
ORD-000272,FedEx,10.66,Standard,2026-02-14,2026-02-18,Delivered,10.75
ORD-000273,FedEx,9.54,2-Day,2026-05-15,2026-05-16,Delivered,1.36
ORD-000275,USPS,10.54,Standard,2026-06-10,2026-06-14,Delivered,10.49
ORD-000276,UPS,12.45,Standard,2026-05-31,2026-06-04,Delivered,14.48
ORD-000277,UPS,7.96,Ground,2026-03-24,2026-03-27,Delivered,5.13
ORD-000278,UPS,12.88,Standard,2026-07-24,2026-07-28,Delivered,10.69
ORD-000279,FedEx,15.58,Ground,2026-05-29,2026-06-04,Delivered,21.0
ORD-000280,UPS,9.05,Ground,2026-07-29,2026-08-02,Delivered,7.39
ORD-000281,FedEx,10.57,Standard,2026-08-04,2026-08-08,Delivered,5.88
ORD-000283,FedEx,10.47,Ground,2026-06-19,2026-06-22,Delivered,10.35
ORD-000284,FedEx,10.0,Ground,2026-06-16,2026-06-20,Delivered,4.68
ORD-000285,FedEx,35.5,2-Day,2026-06-12,2026-06-13,Delivered,36.26
ORD-000286,FedEx,11.02,Standard,2026-07-04,2026-07-09,Delivered,11.49
ORD-000287,USPS,10.97,Ground,2026-06-28,2026-07-03,In Transit,6.39
ORD-000288,FedEx,18.23,2-Day,2026-03-29,2026-04-01,Delivered,13.05
ORD-000289,FedEx,10.44,Ground,2026-02-19,2026-02-24,Delivered,10.3
ORD-000290,UPS,12.3,Ground,2026-07-17,2026-07-21,Delivered,9.48
ORD-000291,FedEx,9.05,Ground,2026-02-22,2026-03-01,Delivered,7.39
ORD-000293,USPS,8.91,Ground,2026-05-31,2026-06-07,Delivered,7.11
ORD-000294,FedEx,6.84,Ground,2026-04-13,2026-04-20,Delivered,2.8
ORD-000295,UPS,20.5,Ground,2026-02-08,2026-02-11,Delivered,26.56
ORD-000296,USPS,13.48,Standard,2026-04-05,2026-04-12,Delivered,16.62
ORD-000297,FedEx,22.39,2-Day,2026-06-11,2026-06-14,Delivered,13.95
ORD-000300,UPS,16.1,2-Day,2026-05-04,2026-05-05,In Transit,10.18
ORD-000301,UPS,7.92,Ground,2026-05-09,2026-05-14,Delivered,5.05
ORD-000303,USPS,16.53,2-Day,2026-03-29,2026-03-31,Delivered,6.07
ORD-000304,FedEx,7.0,Ground,2026-02-18,2026-02-24,Delivered,3.12
ORD-000305,USPS,11.15,Ground,2026-07-23,2026-07-29,In Transit,6.69
ORD-000307,USPS,7.65,Ground,2026-03-29,2026-04-03,Delivered,4.47
ORD-000308,UPS,20.62,Standard,2026-04-22,2026-04-30,Delivered,31.5
ORD-000309,USPS,17.39,Ground,2026-04-27,2026-05-03,Delivered,20.09
ORD-000310,UPS,11.19,Ground,2026-04-10,2026-04-15,Delivered,11.85
ORD-000311,FedEx,8.15,Standard,2026-06-30,2026-07-04,Delivered,5.52
ORD-000312,UPS,7.74,Ground,2026-07-19,2026-07-25,Delivered,4.67
ORD-000313,UPS,10.16,Ground,2026-03-24,2026-03-28,Delivered,9.71
ORD-000314,UPS,15.41,Ground,2026-07-24,2026-07-28,Delivered,20.64
ORD-000315,USPS,7.04,Standard,2026-03-29,2026-04-06,Delivered,3.2
ORD-000316,UPS,13.41,Ground,2026-06-06,2026-06-12,Delivered,16.48
ORD-000317,USPS,8.7,Ground,2026-04-17,2026-04-20,Delivered,6.67
ORD-000318,USPS,9.18,Ground,2026-02-26,2026-03-02,Delivered,7.66
ORD-000319,UPS,13.32,Ground,2026-02-24,2026-03-03,Delivered,11.6
ORD-000320,UPS,8.23,Ground,2026-02-22,2026-02-25,Delivered,5.68
ORD-000321,USPS,9.99,Ground,2026-02-18,2026-02-22,Delivered,9.35
ORD-000322,UPS,12.46,2-Day,2026-02-26,2026-02-27,Delivered,5.29
ORD-000323,FedEx,8.91,Ground,2026-04-13,2026-04-19,Delivered,7.11
ORD-000324,UPS,14.43,Standard,2026-04-23,2026-04-27,Delivered,18.6
ORD-000325,FedEx,13.52,Ground,2026-04-20,2026-04-26,In Transit,12.03
ORD-000326,USPS,14.41,Ground,2026-03-09,2026-03-12,Delivered,18.56
ORD-000327,USPS,10.92,Ground,2026-04-05,2026-04-10,Delivered,6.6
ORD-000328,USPS,13.45,Ground,2026-02-10,2026-02-15,Delivered,16.56
ORD-000329,USPS,8.93,Standard,2026-03-23,2026-03-28,Delivered,2.45
ORD-000330,UPS,11.07,Ground,2026-02-24,2026-02-28,In Transit,11.6
ORD-000332,UPS,13.8,Ground,2026-05-28,2026-06-01,Delivered,17.29
ORD-000333,UPS,6.63,Standard,2026-04-27,2026-05-03,Delivered,2.35
ORD-000334,UPS,8.7,Ground,2026-04-06,2026-04-13,Delivered,6.66
ORD-000335,USPS,11.06,Ground,2026-02-20,2026-02-26,Delivered,11.59
ORD-000336,USPS,31.52,2-Day,2026-07-13,2026-07-16,Delivered,21.64
ORD-000337,FedEx,11.16,Standard,2026-07-13,2026-07-18,Delivered,7.11
ORD-000338,FedEx,13.24,Ground,2026-07-05,2026-07-11,Delivered,16.13
ORD-000339,UPS,21.03,Standard,2026-04-25,2026-04-29,Delivered,27.66
ORD-000340,UPS,55.23,Standard,2026-05-13,2026-05-18,Delivered,16.63
ORD-000341,UPS,12.37,Ground,2026-02-10,2026-02-15,Delivered,9.62
ORD-000342,USPS,12.47,Ground,2026-05-19,2026-05-24,Delivered,14.53
ORD-000343,USPS,11.08,Ground,2026-05-12,2026-05-15,Delivered,6.94
ORD-000345,USPS,11.22,Standard,2026-02-26,2026-03-05,Delivered,11.92
ORD-000346,FedEx,12.54,Ground,2026-07-17,2026-07-21,Delivered,9.97
ORD-000347,UPS,19.09,2-Day,2026-04-11,2026-04-14,Delivered,14.2
ORD-000348,FedEx,14.59,2-Day,2026-05-31,2026-06-03,Delivered,8.15
ORD-000349,FedEx,12.58,Standard,2026-05-20,2026-05-28,In Transit,14.75
ORD-000350,FedEx,9.38,Ground,2026-03-29,2026-04-04,Delivered,8.09
ORD-000351,USPS,23.38,2-Day,2026-02-13,2026-02-14,In Transit,19.97
ORD-000352,UPS,11.94,Standard,2026-04-07,2026-04-11,Delivered,8.73
ORD-000353,FedEx,6.18,Ground,2026-07-14,2026-07-17,Delivered,1.42
ORD-000354,FedEx,7.8,Ground,2026-07-06,2026-07-12,Delivered,4.8
ORD-000355,FedEx,35.86,Ground,2026-07-02,2026-07-08,Delivered,11.35
ORD-000356,FedEx,22.79,Standard,2026-06-08,2026-06-13,Delivered,31.33
ORD-000357,USPS,14.85,Standard,2026-05-31,2026-06-05,Delivered,19.47
ORD-000358,FedEx,8.27,Standard,2026-03-09,2026-03-15,Delivered,1.09
ORD-000359,UPS,6.91,Ground,2026-07-05,2026-07-12,Delivered,2.93
ORD-000360,USPS,16.75,Standard,2026-03-20,2026-03-28,Delivered,23.44
ORD-000361,USPS,16.02,Standard,2026-05-07,2026-05-13,Delivered,17.23
ORD-000362,USPS,27.92,Ground,2026-05-18,2026-05-23,In Transit,42.03
ORD-000363,UPS,9.26,Standard,2026-04-01,2026-04-05,Delivered,7.84
ORD-000364,FedEx,8.18,Ground,2026-06-11,2026-06-16,Delivered,5.58
ORD-000365,UPS,13.41,Ground,2026-02-15,2026-02-19,Delivered,11.8
ORD-000366,FedEx,14.27,2-Day,2026-04-08,2026-04-11,Delivered,7.72
ORD-000367,UPS,18.33,Standard,2026-03-04,2026-03-11,In Transit,22.04
ORD-000368,FedEx,9.11,Standard,2026-07-15,2026-07-20,In Transit,7.52
ORD-000369,UPS,9.88,Ground,2026-06-19,2026-06-22,Delivered,9.13
ORD-000370,FedEx,10.12,Ground,2026-06-16,2026-06-20,Delivered,4.94
ORD-000371,FedEx,14.44,Ground,2026-04-15,2026-04-22,In Transit,18.62
ORD-000372,FedEx,10.25,Ground,2026-07-27,2026-07-30,Delivered,5.21
ORD-000373,UPS,12.67,Ground,2026-02-25,2026-03-04,Delivered,14.94
ORD-000374,UPS,22.16,Standard,2026-07-01,2026-07-09,Delivered,34.71
ORD-000375,FedEx,8.72,Ground,2026-05-07,2026-05-10,Delivered,2.03
ORD-000376,UPS,21.42,Ground,2026-04-25,2026-04-30,Delivered,28.48
ORD-000377,UPS,12.06,Ground,2026-07-27,2026-08-02,Delivered,13.66
ORD-000378,USPS,7.55,Ground,2026-03-14,2026-03-17,Delivered,4.28
ORD-000379,UPS,11.32,Standard,2026-07-20,2026-07-28,In Transit,12.12
ORD-000380,USPS,18.27,Standard,2026-07-22,2026-07-27,Delivered,18.27
ORD-000381,USPS,10.66,Ground,2026-07-22,2026-07-28,Delivered,5.89
ORD-000382,UPS,15.2,Ground,2026-05-29,2026-06-01,In Transit,15.53
ORD-000383,FedEx,19.9,Ground,2026-02-21,2026-02-25,In Transit,29.99
ORD-000384,FedEx,11.35,Ground,2026-05-11,2026-05-16,Delivered,7.51
ORD-000385,UPS,7.85,Standard,2026-02-06,2026-02-13,Delivered,4.89
ORD-000386,UPS,10.4,Standard,2026-07-12,2026-07-16,Delivered,10.2
ORD-000387,UPS,17.2,2-Day,2026-05-14,2026-05-15,In Transit,11.66
ORD-000388,USPS,21.04,Ground,2026-07-08,2026-07-15,Delivered,22.78
ORD-000389,FedEx,12.53,Standard,2026-04-23,2026-05-01,Delivered,9.95
ORD-000390,FedEx,11.61,Ground,2026-04-06,2026-04-13,Delivered,8.05
ORD-000391,USPS,10.04,Standard,2026-05-07,2026-05-12,In Transit,4.78
ORD-000392,FedEx,6.64,Ground,2026-06-05,2026-06-08,Delivered,2.37
ORD-000393,FedEx,7.23,Standard,2026-02-20,2026-02-27,Delivered,3.6
ORD-000394,USPS,7.22,Standard,2026-05-18,2026-05-26,Delivered,3.58
ORD-000395,FedEx,12.17,Ground,2026-03-29,2026-04-01,Delivered,9.2
ORD-000396,USPS,8.78,Ground,2026-07-19,2026-07-24,Delivered,2.84
ORD-000397,UPS,10.66,Ground,2026-05-26,2026-05-30,Delivered,10.76
ORD-000398,FedEx,24.18,Ground,2026-02-07,2026-02-14,Delivered,34.22
ORD-000399,UPS,25.79,2-Day,2026-04-11,2026-04-12,In Transit,23.21
ORD-000400,UPS,9.89,Ground,2026-02-09,2026-02-15,Delivered,9.14
ORD-000401,FedEx,30.94,Ground,2026-06-11,2026-06-17,Delivered,48.31
ORD-000402,FedEx,11.11,Ground,2026-03-03,2026-03-08,Delivered,11.69
ORD-000403,USPS,11.69,Standard,2026-02-05,2026-02-12,Delivered,12.9
ORD-000404,USPS,13.22,Standard,2026-06-23,2026-06-30,Delivered,10.06
ORD-000405,USPS,20.14,2-Day,2026-04-24,2026-04-25,Delivered,10.93
ORD-000406,USPS,11.26,Ground,2026-06-15,2026-06-22,Delivered,7.31
ORD-000407,UPS,9.94,Ground,2026-04-29,2026-05-05,Delivered,9.24
ORD-000408,USPS,19.23,Standard,2026-04-08,2026-04-12,Delivered,28.61
ORD-000409,USPS,19.67,Standard,2026-04-08,2026-04-16,Delivered,24.84
ORD-000410,UPS,9.53,2-Day,2026-02-04,2026-02-06,Delivered,1.35
ORD-000412,UPS,7.02,Ground,2026-02-16,2026-02-22,Delivered,3.17
ORD-000413,UPS,10.61,Standard,2026-02-25,2026-03-03,Delivered,5.96
ORD-000414,UPS,15.46,Standard,2026-07-24,2026-07-31,Delivered,20.75
ORD-000415,UPS,17.59,Ground,2026-04-26,2026-05-02,Delivered,25.19
ORD-000416,USPS,14.25,Ground,2026-03-15,2026-03-20,Delivered,18.22
ORD-000417,UPS,7.54,Ground,2026-05-30,2026-06-03,Delivered,4.26
ORD-000418,FedEx,9.07,Standard,2026-08-02,2026-08-09,In Transit,7.43
ORD-000419,UPS,15.29,Standard,2026-05-14,2026-05-19,Delivered,15.71
ORD-000420,FedEx,9.98,Standard,2026-05-29,2026-06-03,Delivered,9.34
ORD-000421,FedEx,9.53,Ground,2026-02-19,2026-02-22,Delivered,8.4
ORD-000422,UPS,9.58,Ground,2026-07-20,2026-07-23,Delivered,8.49
ORD-000423,UPS,16.85,Ground,2026-07-17,2026-07-23,Delivered,23.65
ORD-000424,UPS,13.56,Ground,2026-05-31,2026-06-06,Delivered,16.8
ORD-000425,USPS,15.11,2-Day,2026-05-24,2026-05-27,Delivered,8.85
ORD-000426,UPS,12.26,Ground,2026-07-12,2026-07-19,Delivered,14.09
ORD-000427,USPS,9.55,Ground,2026-05-13,2026-05-16,Delivered,3.76
ORD-000428,FedEx,11.32,Ground,2026-02-06,2026-02-10,Delivered,7.44
ORD-000429,USPS,18.4,Ground,2026-06-13,2026-06-18,Delivered,22.19
ORD-000430,USPS,6.78,Ground,2026-04-16,2026-04-21,Delivered,2.67
ORD-000431,FedEx,13.63,Standard,2026-02-28,2026-03-05,Delivered,16.94
ORD-000432,UPS,13.0,2-Day,2026-04-01,2026-04-02,Delivered,1.33
ORD-000433,FedEx,20.7,Standard,2026-04-03,2026-04-08,Delivered,31.66
ORD-000434,FedEx,11.25,Standard,2026-06-30,2026-07-05,Delivered,7.3
ORD-000435,FedEx,14.85,Standard,2026-04-23,2026-04-29,Delivered,14.8
ORD-000436,UPS,11.34,Ground,2026-04-30,2026-05-07,Delivered,12.16
ORD-000437,UPS,11.49,Standard,2026-04-25,2026-05-02,Delivered,12.48
ORD-000438,UPS,14.43,Ground,2026-05-08,2026-05-12,Delivered,13.92
ORD-000439,UPS,6.57,Ground,2026-03-09,2026-03-13,Delivered,2.22
ORD-000440,UPS,11.58,Standard,2026-06-28,2026-07-02,In Transit,12.66
ORD-000441,USPS,10.18,Standard,2026-04-21,2026-04-25,Delivered,9.76
ORD-000442,UPS,11.27,Ground,2026-06-30,2026-07-04,Delivered,7.33
ORD-000443,USPS,16.44,2-Day,2026-06-10,2026-06-13,Delivered,5.95
ORD-000444,FedEx,18.11,2-Day,2026-02-26,2026-03-01,Delivered,12.88
ORD-000445,UPS,7.87,Ground,2026-07-30,2026-08-03,Delivered,4.94
ORD-000446,UPS,18.28,Ground,2026-03-18,2026-03-21,Delivered,21.93
ORD-000447,UPS,20.09,2-Day,2026-07-02,2026-07-05,Delivered,15.54
ORD-000448,UPS,11.95,Ground,2026-04-24,2026-05-01,Delivered,13.43
ORD-000449,USPS,15.74,Standard,2026-02-27,2026-03-07,Delivered,21.34
ORD-000450,UPS,6.4,Standard,2026-07-07,2026-07-15,Delivered,1.87
ORD-000451,USPS,9.28,Standard,2026-06-22,2026-06-30,Delivered,3.64
ORD-000452,UPS,13.18,Ground,2026-03-15,2026-03-18,Delivered,16.0
ORD-000453,USPS,8.5,Ground,2026-02-28,2026-03-05,Delivered,6.24
ORD-000454,USPS,8.81,Ground,2026-05-16,2026-05-23,Delivered,6.9
ORD-000455,FedEx,14.37,2-Day,2026-05-11,2026-05-13,Delivered,3.17
ORD-000456,USPS,7.88,Ground,2026-02-20,2026-02-26,Delivered,4.95
ORD-000457,UPS,18.43,Ground,2026-07-02,2026-07-06,Delivered,22.25
ORD-000458,USPS,15.31,Standard,2026-06-04,2026-06-11,Delivered,15.75
ORD-000459,UPS,13.88,Ground,2026-06-30,2026-07-05,Delivered,12.78
ORD-000460,FedEx,8.91,Ground,2026-03-21,2026-03-27,Delivered,7.11
ORD-000461,UPS,17.62,2-Day,2026-07-28,2026-07-31,Delivered,12.23
ORD-000462,UPS,26.02,2-Day,2026-02-21,2026-02-22,Delivered,23.51
ORD-000463,UPS,10.81,Standard,2026-02-05,2026-02-09,Delivered,6.37
ORD-000464,USPS,13.75,Standard,2026-07-05,2026-07-12,Delivered,10.92
ORD-000465,UPS,21.29,Ground,2026-06-21,2026-06-26,Delivered,32.89
ORD-000466,FedEx,14.17,Standard,2026-03-18,2026-03-24,Delivered,18.06
ORD-000467,UPS,8.95,Ground,2026-04-29,2026-05-04,Delivered,7.19
ORD-000468,USPS,13.71,Ground,2026-04-23,2026-04-27,In Transit,17.11
ORD-000469,USPS,10.48,2-Day,2026-04-20,2026-04-23,In Transit,2.63
ORD-000470,USPS,12.84,Ground,2026-03-22,2026-03-29,Delivered,10.6
ORD-000471,UPS,15.96,Standard,2026-02-16,2026-02-23,Delivered,17.1
ORD-000472,UPS,12.51,Ground,2026-06-30,2026-07-03,In Transit,14.61
ORD-000473,FedEx,15.91,Standard,2026-05-05,2026-05-13,In Transit,16.99
ORD-000474,FedEx,17.12,Ground,2026-02-09,2026-02-16,Delivered,19.52
ORD-000475,FedEx,12.89,Ground,2026-05-03,2026-05-06,Delivered,15.4
ORD-000476,USPS,12.75,Ground,2026-03-15,2026-03-18,Delivered,15.1
ORD-000477,UPS,11.74,Ground,2026-07-20,2026-07-23,In Transit,12.99
ORD-000478,FedEx,9.9,Standard,2026-07-18,2026-07-23,Delivered,4.47
ORD-000479,UPS,18.43,Standard,2026-07-17,2026-07-24,In Transit,22.24
ORD-000480,USPS,12.97,Standard,2026-06-15,2026-06-23,Delivered,10.88
ORD-000481,UPS,14.03,Standard,2026-05-11,2026-05-18,Delivered,17.77
ORD-000482,FedEx,15.48,Ground,2026-04-15,2026-04-19,Delivered,20.79
ORD-000483,UPS,14.09,2-Day,2026-03-13,2026-03-14,Delivered,7.48
ORD-000484,FedEx,11.59,Ground,2026-04-27,2026-05-02,Delivered,8.0
ORD-000487,FedEx,9.75,Ground,2026-07-21,2026-07-27,Delivered,8.85
ORD-000488,FedEx,17.49,Standard,2026-03-22,2026-03-30,Delivered,24.97
ORD-000489,USPS,8.07,Ground,2026-05-21,2026-05-26,Delivered,5.35
ORD-000490,UPS,18.82,Standard,2026-07-16,2026-07-21,Delivered,27.74
ORD-000491,FedEx,18.12,2-Day,2026-05-11,2026-05-13,In Transit,12.89
ORD-000492,FedEx,18.59,2-Day,2026-06-28,2026-06-30,Delivered,13.53
ORD-000493,FedEx,15.19,Standard,2026-04-28,2026-05-05,Delivered,20.19
ORD-000494,USPS,11.21,Ground,2026-03-20,2026-03-27,In Transit,11.89
ORD-000495,FedEx,16.25,Standard,2026-05-23,2026-05-28,Delivered,22.4
ORD-000496,FedEx,9.09,Ground,2026-02-05,2026-02-09,Delivered,7.47
ORD-000497,FedEx,20.8,Standard,2026-03-31,2026-04-04,Delivered,27.18
ORD-000498,FedEx,11.56,Standard,2026-02-15,2026-02-20,Delivered,7.93
ORD-000499,UPS,18.86,Ground,2026-03-11,2026-03-16,Delivered,27.84
ORD-000502,FedEx,14.55,2-Day,2026-02-16,2026-02-19,Delivered,8.1
ORD-000503,UPS,9.84,Standard,2026-05-28,2026-06-02,Delivered,9.05
ORD-000504,FedEx,10.06,Ground,2026-04-23,2026-04-28,Delivered,4.82
ORD-000505,UPS,8.38,Standard,2026-03-01,2026-03-05,Delivered,6.01
ORD-000506,UPS,12.99,Standard,2026-04-12,2026-04-18,Delivered,10.92
ORD-000507,UPS,11.85,Ground,2026-03-30,2026-04-05,Delivered,13.23
ORD-000510,USPS,18.0,Ground,2026-02-13,2026-02-18,Delivered,21.36
ORD-000511,USPS,10.08,Ground,2026-02-13,2026-02-18,Delivered,9.54
ORD-000512,UPS,12.53,Ground,2026-04-13,2026-04-16,In Transit,14.64
ORD-000513,USPS,13.81,Standard,2026-04-13,2026-04-20,Delivered,12.62
ORD-000514,FedEx,13.06,Standard,2026-03-08,2026-03-16,Delivered,15.74
ORD-000515,UPS,19.78,Ground,2026-06-28,2026-07-02,Delivered,6.74
ORD-000516,USPS,11.3,Standard,2026-03-07,2026-03-11,Delivered,7.39
ORD-000518,UPS,10.99,Ground,2026-07-25,2026-07-30,Delivered,6.75
ORD-000519,USPS,17.04,Ground,2026-06-05,2026-06-10,Delivered,24.05
ORD-000520,UPS,32.36,2-Day,2026-02-18,2026-02-19,Delivered,27.35
ORD-000521,USPS,11.18,Ground,2026-06-08,2026-06-11,Delivered,7.14
ORD-000522,FedEx,8.98,Standard,2026-04-05,2026-04-09,Delivered,7.26
ORD-000523,UPS,13.77,Standard,2026-06-10,2026-06-18,Delivered,17.23
ORD-000524,UPS,21.8,Standard,2026-07-07,2026-07-13,Delivered,29.28
ORD-000525,UPS,23.74,Standard,2026-04-30,2026-05-04,Delivered,33.31
ORD-000526,FedEx,8.81,Ground,2026-06-03,2026-06-07,Delivered,6.89
ORD-000527,FedEx,11.74,Ground,2026-05-04,2026-05-08,Delivered,8.31
ORD-000528,USPS,14.33,Ground,2026-03-16,2026-03-22,Delivered,13.71
ORD-000529,UPS,12.3,Ground,2026-03-07,2026-03-11,Delivered,14.17
ORD-000530,USPS,10.21,Standard,2026-05-20,2026-05-26,Delivered,9.81
ORD-000531,UPS,10.56,Standard,2026-07-05,2026-07-09,Delivered,5.85
ORD-000532,UPS,10.75,Ground,2026-07-01,2026-07-04,Delivered,10.93
ORD-000533,UPS,21.48,Ground,2026-03-07,2026-03-11,Delivered,33.29
ORD-000534,UPS,11.34,Standard,2026-07-08,2026-07-14,Delivered,7.47
ORD-000535,UPS,21.79,2-Day,2026-03-10,2026-03-12,Delivered,13.14
ORD-000536,UPS,28.21,Ground,2026-04-25,2026-04-29,Delivered,47.31
ORD-000537,UPS,11.3,Ground,2026-05-02,2026-05-08,Delivered,7.39
ORD-000538,FedEx,16.28,Ground,2026-07-17,2026-07-20,Delivered,17.77
ORD-000539,UPS,21.91,Ground,2026-05-19,2026-05-24,Delivered,34.18
ORD-000540,UPS,13.55,Ground,2026-03-01,2026-03-08,Delivered,16.77
ORD-000541,USPS,49.1,Standard,2026-04-17,2026-04-22,Delivered,22.97
ORD-000542,USPS,80.51,2-Day,2026-05-05,2026-05-08,In Transit,19.36
ORD-000543,USPS,16.8,Ground,2026-06-27,2026-07-01,In Transit,15.89
ORD-000545,FedEx,20.6,Ground,2026-04-10,2026-04-13,In Transit,26.78
ORD-000546,UPS,13.85,Ground,2026-07-18,2026-07-25,Delivered,17.4
ORD-000547,USPS,15.88,2-Day,2026-05-30,2026-06-01,Delivered,9.89
ORD-000548,FedEx,11.48,Ground,2026-05-25,2026-05-30,Delivered,12.45
ORD-000549,FedEx,12.46,Standard,2026-03-14,2026-03-18,Delivered,14.5
ORD-000550,FedEx,9.47,Standard,2026-04-20,2026-04-28,Delivered,8.28
ORD-000551,FedEx,13.91,Ground,2026-03-22,2026-03-28,Delivered,12.84
ORD-000552,FedEx,13.31,Standard,2026-03-30,2026-04-05,Delivered,11.58
ORD-000553,USPS,17.71,Ground,2026-06-27,2026-07-01,Delivered,17.37
ORD-000554,USPS,82.66,Ground,2026-07-09,2026-07-15,Delivered,39.94
ORD-000555,UPS,11.92,Ground,2026-03-05,2026-03-11,Delivered,13.37
ORD-000556,FedEx,19.78,Standard,2026-06-15,2026-06-22,Delivered,29.75
ORD-000557,USPS,15.89,Ground,2026-03-19,2026-03-26,Delivered,16.96
ORD-000558,FedEx,13.89,Standard,2026-03-29,2026-04-06,Delivered,12.8
ORD-000559,FedEx,9.3,Standard,2026-05-24,2026-05-31,Delivered,7.92
ORD-000560,USPS,11.68,Standard,2026-02-27,2026-03-04,Delivered,12.87
ORD-000561,UPS,11.42,Standard,2026-05-20,2026-05-27,Delivered,12.33
ORD-000562,UPS,13.28,2-Day,2026-07-19,2026-07-22,Delivered,6.39
ORD-000563,USPS,8.96,Ground,2026-06-12,2026-06-18,Delivered,7.21
ORD-000564,UPS,12.5,Ground,2026-05-17,2026-05-23,Delivered,14.59
ORD-000565,UPS,30.52,2-Day,2026-06-21,2026-06-22,Delivered,29.56
ORD-000566,USPS,16.48,Standard,2026-07-17,2026-07-24,Delivered,10.67
ORD-000567,USPS,8.9,Standard,2026-07-07,2026-07-15,Delivered,3.03
ORD-000568,FedEx,6.04,Ground,2026-03-28,2026-04-03,Delivered,1.12
ORD-000569,USPS,7.78,Standard,2026-03-26,2026-04-01,Delivered,4.74
ORD-000570,FedEx,14.17,Standard,2026-06-25,2026-07-03,Delivered,18.07
ORD-000571,USPS,7.25,Ground,2026-06-07,2026-06-12,Delivered,3.64
ORD-000572,USPS,23.39,2-Day,2026-03-25,2026-03-28,Delivered,19.98
ORD-000573,FedEx,21.49,2-Day,2026-05-06,2026-05-08,Delivered,17.42
ORD-000574,USPS,20.83,2-Day,2026-07-16,2026-07-18,Delivered,10.41
ORD-000575,UPS,8.59,Ground,2026-05-07,2026-05-10,Delivered,6.43
ORD-000576,USPS,12.23,Ground,2026-03-10,2026-03-15,Delivered,9.34
ORD-000577,UPS,12.38,Standard,2026-06-14,2026-06-18,Delivered,14.34
ORD-000578,FedEx,7.3,Ground,2026-04-12,2026-04-17,Delivered,3.75
ORD-000579,UPS,21.04,Ground,2026-07-03,2026-07-06,Delivered,27.69
ORD-000581,USPS,14.59,Standard,2026-03-16,2026-03-20,Delivered,14.25
ORD-000582,FedEx,12.88,Ground,2026-05-05,2026-05-10,Delivered,15.38
ORD-000583,UPS,16.07,Standard,2026-06-15,2026-06-20,Delivered,17.34
ORD-000584,FedEx,17.98,Ground,2026-04-27,2026-04-30,Delivered,26.01
ORD-000585,FedEx,11.69,Standard,2026-06-30,2026-07-04,Delivered,12.89
ORD-000586,USPS,21.98,2-Day,2026-05-12,2026-05-15,Delivered,18.08
ORD-000587,UPS,8.63,Standard,2026-07-08,2026-07-14,Delivered,6.52
ORD-000588,UPS,21.53,Standard,2026-03-12,2026-03-18,Delivered,33.4
ORD-000589,UPS,17.66,2-Day,2026-03-06,2026-03-07,Delivered,12.28
ORD-000590,UPS,10.87,Standard,2026-02-16,2026-02-22,Delivered,6.49
ORD-000591,UPS,11.56,Ground,2026-03-18,2026-03-22,Delivered,7.93
ORD-000592,FedEx,8.59,Standard,2026-07-24,2026-08-01,Delivered,1.75
ORD-000593,UPS,9.29,Ground,2026-04-01,2026-04-05,In Transit,7.89
ORD-000594,UPS,8.11,Standard,2026-04-10,2026-04-15,Delivered,0.76
ORD-000595,USPS,26.12,2-Day,2026-03-09,2026-03-10,In Transit,18.96
ORD-000596,FedEx,12.73,Ground,2026-02-26,2026-03-01,Delivered,15.06
ORD-000597,USPS,12.25,2-Day,2026-02-25,2026-02-26,Delivered,5.0
ORD-000598,FedEx,10.69,Standard,2026-07-19,2026-07-27,In Transit,10.81
ORD-000599,UPS,10.86,Ground,2026-06-08,2026-06-11,Delivered,11.17
ORD-000600,FedEx,11.61,2-Day,2026-03-02,2026-03-05,Delivered,4.14
ORD-000601,UPS,24.97,Standard,2026-06-23,2026-06-28,Delivered,9.48
ORD-000602,UPS,13.23,Ground,2026-02-05,2026-02-11,In Transit,11.42
ORD-000603,UPS,9.96,Ground,2026-07-04,2026-07-07,Delivered,9.29
ORD-000604,UPS,10.87,Ground,2026-03-26,2026-04-02,Delivered,6.49
ORD-000605,UPS,12.12,2-Day,2026-04-24,2026-04-25,Delivered,4.83
ORD-000606,USPS,9.84,Ground,2026-04-03,2026-04-06,Delivered,9.05
ORD-000607,UPS,17.32,2-Day,2026-06-22,2026-06-23,Delivered,7.14
ORD-000608,FedEx,13.46,Ground,2026-03-14,2026-03-17,Delivered,16.58
ORD-000609,FedEx,18.47,Ground,2026-05-11,2026-05-18,Delivered,27.03
ORD-000610,UPS,23.87,2-Day,2026-03-21,2026-03-23,Delivered,20.62
ORD-000611,UPS,13.37,Standard,2026-02-10,2026-02-16,Delivered,11.7
ORD-000613,FedEx,13.5,2-Day,2026-07-04,2026-07-07,Delivered,6.69
ORD-000615,FedEx,15.22,Ground,2026-05-18,2026-05-25,Delivered,20.26
ORD-000616,FedEx,13.78,Ground,2026-03-03,2026-03-08,In Transit,17.26
ORD-000617,FedEx,20.15,Ground,2026-05-11,2026-05-14,Delivered,25.84
ORD-000618,UPS,13.94,Ground,2026-07-04,2026-07-10,Delivered,12.9
ORD-000620,UPS,21.01,Standard,2026-04-09,2026-04-13,Delivered,32.31
ORD-000621,USPS,13.94,Standard,2026-04-23,2026-04-29,Delivered,12.9
ORD-000622,UPS,13.48,2-Day,2026-06-11,2026-06-13,Delivered,6.66
ORD-000623,FedEx,9.19,Ground,2026-07-13,2026-07-18,Delivered,7.68
ORD-000624,FedEx,15.46,Ground,2026-02-04,2026-02-11,Delivered,16.06
ORD-000626,FedEx,17.31,2-Day,2026-06-29,2026-07-01,Delivered,7.12
ORD-000627,FedEx,23.19,Standard,2026-07-29,2026-08-02,Delivered,32.17
ORD-000628,UPS,15.03,Ground,2026-07-25,2026-07-28,Delivered,15.17
ORD-000629,UPS,11.02,Ground,2026-04-04,2026-04-08,Delivered,11.51
ORD-000630,USPS,13.61,Standard,2026-05-09,2026-05-15,Delivered,12.21
ORD-000631,USPS,9.93,Ground,2026-02-27,2026-03-03,Delivered,9.22
ORD-000632,UPS,6.62,Standard,2026-03-14,2026-03-22,Delivered,2.33
ORD-000633,USPS,14.64,Standard,2026-06-21,2026-06-27,Delivered,7.69
ORD-000634,FedEx,19.75,Standard,2026-07-31,2026-08-07,Delivered,29.69
ORD-000635,UPS,11.81,Standard,2026-04-12,2026-04-16,Delivered,13.14
ORD-000636,FedEx,16.14,Ground,2026-07-27,2026-07-30,Delivered,22.16
ORD-000637,FedEx,18.58,Standard,2026-05-05,2026-05-13,Delivered,22.57
ORD-000638,FedEx,10.73,Standard,2026-06-02,2026-06-08,Delivered,10.89
ORD-000639,FedEx,13.87,Ground,2026-06-28,2026-07-04,Delivered,17.44
ORD-000640,UPS,6.75,Ground,2026-04-14,2026-04-18,Delivered,2.61
ORD-000641,UPS,19.03,Ground,2026-06-15,2026-06-22,Delivered,28.19
ORD-000642,USPS,36.39,2-Day,2026-08-01,2026-08-04,Delivered,26.75
ORD-000643,FedEx,13.06,Standard,2026-02-15,2026-02-20,Delivered,15.76
ORD-000644,USPS,15.32,Standard,2026-07-20,2026-07-28,Delivered,13.48
ORD-000645,FedEx,10.78,Ground,2026-06-16,2026-06-22,Delivered,10.99
ORD-000646,FedEx,29.74,2-Day,2026-06-22,2026-06-24,Delivered,23.83
ORD-000647,UPS,51.88,Standard,2026-05-29,2026-06-04,Delivered,18.79
ORD-000648,USPS,9.57,Standard,2026-05-03,2026-05-11,Delivered,8.48
ORD-000649,FedEx,7.56,Standard,2026-02-07,2026-02-14,In Transit,4.3
ORD-000650,FedEx,9.47,Standard,2026-06-08,2026-06-14,Delivered,3.59
ORD-000651,UPS,29.62,2-Day,2026-02-05,2026-02-07,Delivered,23.67
ORD-000652,UPS,12.94,Standard,2026-07-19,2026-07-24,Delivered,10.82
ORD-000653,USPS,25.75,2-Day,2026-07-10,2026-07-11,Delivered,15.58
ORD-000654,FedEx,13.43,Ground,2026-02-21,2026-02-24,Delivered,11.84
ORD-000656,FedEx,7.24,Ground,2026-03-06,2026-03-10,Delivered,3.63
ORD-000657,UPS,10.51,2-Day,2026-04-24,2026-04-26,Delivered,2.67
ORD-000658,FedEx,11.61,Standard,2026-03-12,2026-03-18,Delivered,8.04
ORD-000659,USPS,9.62,Ground,2026-05-13,2026-05-16,Delivered,8.58
ORD-000660,USPS,9.61,Ground,2026-02-10,2026-02-14,Delivered,8.57
ORD-000661,USPS,9.7,Standard,2026-04-23,2026-04-30,Delivered,8.76
ORD-000662,USPS,23.89,Ground,2026-06-06,2026-06-09,Delivered,38.31
ORD-000663,UPS,28.34,2-Day,2026-07-15,2026-07-16,In Transit,21.95
ORD-000664,FedEx,11.87,Standard,2026-02-13,2026-02-21,Delivered,13.27
ORD-000665,UPS,12.85,Ground,2026-06-12,2026-06-17,Delivered,10.62
ORD-000666,UPS,12.98,Ground,2026-07-17,2026-07-24,Delivered,10.9
ORD-000667,UPS,14.3,Standard,2026-07-17,2026-07-22,Delivered,18.34
ORD-000668,UPS,12.81,Ground,2026-03-10,2026-03-13,Delivered,10.55
ORD-000669,UPS,15.35,Ground,2026-06-30,2026-07-03,Delivered,20.52
ORD-000671,FedEx,14.61,Standard,2026-07-16,2026-07-22,Delivered,14.29
ORD-000672,FedEx,26.24,Standard,2026-04-25,2026-04-30,Delivered,38.52
ORD-000673,UPS,16.03,2-Day,2026-06-26,2026-06-27,Delivered,10.09
ORD-000674,UPS,16.52,Ground,2026-02-15,2026-02-18,In Transit,22.96
ORD-000675,FedEx,9.99,Ground,2026-06-30,2026-07-03,Delivered,4.66
ORD-000676,UPS,8.78,Standard,2026-04-02,2026-04-07,Delivered,6.83
ORD-000677,FedEx,22.47,Standard,2026-02-23,2026-02-28,Delivered,35.36
ORD-000678,UPS,15.08,Standard,2026-02-19,2026-02-23,Delivered,19.95
ORD-000679,USPS,16.73,Ground,2026-06-17,2026-06-24,Delivered,15.77
ORD-000680,USPS,34.51,Standard,2026-07-12,2026-07-19,Delivered,44.71
ORD-000682,UPS,12.9,Standard,2026-04-29,2026-05-04,Delivered,10.73
ORD-000683,FedEx,16.51,Standard,2026-04-26,2026-05-03,Delivered,22.93
ORD-000684,UPS,17.03,Ground,2026-06-23,2026-06-28,Delivered,24.02
ORD-000685,FedEx,20.21,Standard,2026-05-17,2026-05-21,Delivered,30.64
ORD-000686,USPS,7.51,Ground,2026-02-06,2026-02-11,In Transit,4.19
ORD-000687,FedEx,12.88,Ground,2026-04-16,2026-04-21,Delivered,10.68
ORD-000688,USPS,12.28,Ground,2026-03-15,2026-03-19,Delivered,14.12
ORD-000689,UPS,20.05,Standard,2026-05-17,2026-05-22,Delivered,30.32
ORD-000690,FedEx,19.94,2-Day,2026-07-30,2026-07-31,Delivered,15.34
ORD-000691,UPS,17.04,Ground,2026-05-13,2026-05-16,Delivered,24.05
ORD-000692,USPS,9.6,Ground,2026-03-06,2026-03-10,Delivered,3.85
ORD-000693,UPS,18.66,2-Day,2026-05-12,2026-05-15,Delivered,8.93
ORD-000694,USPS,31.87,2-Day,2026-03-15,2026-03-16,Delivered,26.69
ORD-000695,USPS,15.85,2-Day,2026-04-02,2026-04-04,Delivered,9.84
ORD-000696,FedEx,10.94,Standard,2026-06-23,2026-06-27,Delivered,11.33
ORD-000697,FedEx,22.16,Ground,2026-06-25,2026-06-30,Delivered,30.02
ORD-000698,USPS,10.43,Ground,2026-04-05,2026-04-09,Delivered,5.59
ORD-000699,FedEx,13.54,2-Day,2026-05-21,2026-05-22,Delivered,6.74
ORD-000700,USPS,7.17,Ground,2026-05-05,2026-05-11,Delivered,3.48
ORD-000701,USPS,20.27,Ground,2026-03-28,2026-04-01,Delivered,30.77
ORD-000702,USPS,20.36,Ground,2026-07-12,2026-07-19,In Transit,21.68
ORD-000703,UPS,15.74,Ground,2026-05-28,2026-06-04,Delivered,21.33
ORD-000704,UPS,9.7,Ground,2026-06-25,2026-06-28,Delivered,8.74
ORD-000705,UPS,7.05,Standard,2026-07-24,2026-07-30,Delivered,3.23
ORD-000706,FedEx,6.65,Standard,2026-06-04,2026-06-08,Delivered,2.4
ORD-000707,FedEx,18.37,Ground,2026-03-02,2026-03-09,Delivered,26.81
ORD-000708,FedEx,13.42,Standard,2026-02-28,2026-03-08,Delivered,16.49
ORD-000709,FedEx,16.7,Ground,2026-06-25,2026-06-28,Delivered,18.64
ORD-000710,FedEx,12.06,Standard,2026-03-16,2026-03-21,Delivered,13.67
ORD-000711,UPS,8.42,Ground,2026-04-16,2026-04-21,In Transit,6.09
ORD-000712,UPS,12.09,Ground,2026-06-24,2026-06-30,Delivered,9.05
ORD-000713,UPS,7.85,Standard,2026-06-17,2026-06-22,Delivered,4.89
ORD-000714,FedEx,11.78,2-Day,2026-04-24,2026-04-27,Delivered,4.37
ORD-000715,UPS,17.61,Ground,2026-03-26,2026-03-30,Delivered,20.54
ORD-000716,UPS,10.48,2-Day,2026-03-11,2026-03-12,Delivered,2.63
ORD-000717,UPS,7.86,Ground,2026-03-24,2026-03-31,Delivered,4.92
ORD-000718,UPS,10.04,Ground,2026-05-18,2026-05-23,In Transit,9.46
ORD-000719,FedEx,13.55,Standard,2026-03-23,2026-03-31,Delivered,12.09
ORD-000720,UPS,7.15,Standard,2026-04-02,2026-04-06,Delivered,3.44
ORD-000721,UPS,15.05,Standard,2026-07-08,2026-07-13,Delivered,15.21
ORD-000722,FedEx,11.81,Ground,2026-04-02,2026-04-07,Delivered,13.14
ORD-000723,USPS,20.48,Ground,2026-03-26,2026-04-01,Delivered,26.52
ORD-000724,FedEx,11.37,Ground,2026-04-26,2026-05-01,Delivered,12.23
ORD-000725,FedEx,15.56,Standard,2026-04-24,2026-04-29,Delivered,16.27
ORD-000726,UPS,8.56,Ground,2026-02-13,2026-02-20,In Transit,6.37
ORD-000727,USPS,13.44,2-Day,2026-05-15,2026-05-18,Delivered,6.6
ORD-000728,USPS,9.56,Ground,2026-05-25,2026-05-31,In Transit,3.78
ORD-000729,FedEx,8.59,Standard,2026-02-18,2026-02-24,Delivered,6.43
ORD-000730,USPS,9.8,Standard,2026-03-22,2026-03-29,Delivered,8.95
ORD-000731,FedEx,17.43,Ground,2026-03-21,2026-03-28,Delivered,24.86
ORD-000732,UPS,25.53,Ground,2026-07-20,2026-07-23,Delivered,5.65
ORD-000733,USPS,26.75,Standard,2026-05-08,2026-05-15,Delivered,39.59
ORD-000734,USPS,20.51,Ground,2026-06-24,2026-06-28,Delivered,17.24
ORD-000735,USPS,12.68,Standard,2026-03-13,2026-03-20,Delivered,14.95
ORD-000737,UPS,11.05,Ground,2026-06-11,2026-06-14,Delivered,11.56
ORD-000738,UPS,10.32,Standard,2026-06-04,2026-06-08,Delivered,10.04
ORD-000739,FedEx,8.97,Ground,2026-07-13,2026-07-17,Delivered,7.22
ORD-000740,FedEx,9.34,Ground,2026-02-11,2026-02-16,Delivered,3.31
ORD-000741,UPS,8.29,Ground,2026-03-22,2026-03-25,Delivered,5.82
ORD-000742,FedEx,20.25,Ground,2026-05-31,2026-06-04,Delivered,30.73
ORD-000743,FedEx,15.69,Standard,2026-02-20,2026-02-28,Delivered,16.54
ORD-000744,FedEx,22.41,Ground,2026-04-27,2026-05-03,Delivered,30.55
ORD-000745,USPS,14.27,Ground,2026-07-15,2026-07-22,Delivered,7.08
ORD-000746,UPS,10.04,Ground,2026-05-22,2026-05-26,Delivered,4.77
ORD-000747,FedEx,11.01,Standard,2026-06-27,2026-07-01,Delivered,11.48
ORD-000748,UPS,10.63,Ground,2026-04-19,2026-04-22,Delivered,6.0
ORD-000749,UPS,14.1,Standard,2026-07-10,2026-07-14,Delivered,13.23
ORD-000750,USPS,6.78,Ground,2026-03-25,2026-03-30,Delivered,2.67
ORD-000751,FedEx,13.14,2-Day,2026-03-03,2026-03-04,Delivered,1.52
ORD-000752,FedEx,14.73,Standard,2026-04-27,2026-05-02,Delivered,14.55
ORD-000753,USPS,20.51,Ground,2026-03-14,2026-03-17,Delivered,31.27
ORD-000754,UPS,12.7,Ground,2026-02-17,2026-02-23,Delivered,15.0
ORD-000755,UPS,13.39,Ground,2026-07-28,2026-08-02,In Transit,16.43
ORD-000756,USPS,13.43,Standard,2026-05-02,2026-05-07,In Transit,11.83
ORD-000757,FedEx,13.82,Ground,2026-04-24,2026-05-01,Delivered,12.65
ORD-000758,UPS,7.01,Ground,2026-05-29,2026-06-04,Delivered,3.15
ORD-000759,UPS,10.72,Ground,2026-03-27,2026-04-03,Delivered,6.19
ORD-000760,FedEx,17.36,Standard,2026-06-07,2026-06-11,Delivered,24.7
ORD-000761,UPS,11.97,Ground,2026-06-14,2026-06-19,Delivered,8.8
ORD-000762,FedEx,17.2,Ground,2026-02-06,2026-02-10,In Transit,24.38
ORD-000763,UPS,21.24,2-Day,2026-03-01,2026-03-03,Delivered,12.4
ORD-000764,UPS,11.67,Ground,2026-04-26,2026-05-01,Delivered,12.85
ORD-000765,UPS,12.0,Standard,2026-03-15,2026-03-21,Delivered,8.85
ORD-000766,USPS,58.4,2-Day,2026-04-25,2026-04-28,In Transit,18.07
ORD-000767,UPS,15.59,Ground,2026-05-02,2026-05-05,Delivered,21.02
ORD-000768,USPS,10.59,Standard,2026-02-26,2026-03-06,Delivered,5.91
ORD-000769,FedEx,7.16,Ground,2026-07-09,2026-07-13,Delivered,3.45
ORD-000770,UPS,9.92,2-Day,2026-06-04,2026-06-05,In Transit,1.88
ORD-000771,USPS,16.81,Ground,2026-07-17,2026-07-21,Delivered,15.9
ORD-000772,UPS,12.56,Ground,2026-05-06,2026-05-13,Delivered,14.7
ORD-000773,UPS,27.86,Standard,2026-02-11,2026-02-15,Delivered,46.59
ORD-000774,FedEx,11.2,Ground,2026-07-02,2026-07-07,In Transit,11.88
ORD-000775,FedEx,12.75,Ground,2026-04-20,2026-04-27,Delivered,10.41
ORD-000776,UPS,14.25,Ground,2026-05-14,2026-05-18,Delivered,13.54
ORD-000777,UPS,12.24,Ground,2026-05-03,2026-05-07,Delivered,14.05
ORD-000778,UPS,10.22,Standard,2026-06-08,2026-06-14,Delivered,9.83
ORD-000779,USPS,13.05,2-Day,2026-05-18,2026-05-19,In Transit,6.08
ORD-000780,UPS,13.24,Ground,2026-07-24,2026-07-29,Delivered,11.43
ORD-000781,FedEx,13.09,Ground,2026-03-13,2026-03-16,Delivered,11.13
ORD-000782,USPS,10.78,Ground,2026-04-27,2026-05-04,Delivered,11.0
ORD-000783,FedEx,26.39,2-Day,2026-05-01,2026-05-03,Delivered,19.33
ORD-000784,UPS,10.92,Ground,2026-02-17,2026-02-24,Delivered,11.29
ORD-000785,FedEx,9.44,Ground,2026-04-17,2026-04-21,Delivered,3.52
ORD-000786,USPS,8.82,Ground,2026-05-11,2026-05-14,Delivered,6.91
ORD-000788,FedEx,12.43,Ground,2026-02-07,2026-02-12,Delivered,9.74
ORD-000789,UPS,13.35,Ground,2026-05-19,2026-05-25,Delivered,11.67
ORD-000790,UPS,13.24,Standard,2026-05-24,2026-06-01,Delivered,16.13
ORD-000791,FedEx,20.75,2-Day,2026-04-04,2026-04-05,Delivered,11.74
ORD-000792,UPS,6.25,Ground,2026-06-08,2026-06-11,Delivered,1.56
ORD-000793,FedEx,7.38,Ground,2026-04-14,2026-04-18,Delivered,3.92
ORD-000794,USPS,17.4,Ground,2026-07-25,2026-08-01,In Transit,16.87
ORD-000795,FedEx,10.08,Ground,2026-02-07,2026-02-13,Delivered,9.54
ORD-000796,USPS,11.48,Standard,2026-04-20,2026-04-25,Delivered,12.46
ORD-000797,FedEx,14.97,2-Day,2026-02-18,2026-02-19,Delivered,8.66
ORD-000798,USPS,8.81,Ground,2026-02-11,2026-02-16,Delivered,6.89
ORD-000799,FedEx,12.02,Ground,2026-04-16,2026-04-23,Delivered,8.9
ORD-000800,FedEx,11.53,Standard,2026-07-23,2026-07-30,Delivered,12.57
ORD-000801,FedEx,13.14,Ground,2026-02-12,2026-02-18,Delivered,11.22
ORD-000802,UPS,15.55,Ground,2026-05-18,2026-05-23,Delivered,20.93
ORD-000803,USPS,6.89,Ground,2026-05-03,2026-05-08,In Transit,2.9
ORD-000804,UPS,9.34,Standard,2026-06-06,2026-06-13,Delivered,3.32
ORD-000805,USPS,10.04,Standard,2026-03-14,2026-03-18,Delivered,9.46
ORD-000806,UPS,13.3,Ground,2026-06-20,2026-06-26,Delivered,16.25
ORD-000807,USPS,18.5,Standard,2026-07-20,2026-07-25,Delivered,18.65
ORD-000808,UPS,8.91,Ground,2026-07-24,2026-07-29,Delivered,7.11
ORD-000809,FedEx,5.77,Ground,2026-03-22,2026-03-29,Delivered,0.56
ORD-000810,UPS,13.95,2-Day,2026-07-28,2026-07-30,Delivered,7.29
ORD-000811,UPS,19.48,2-Day,2026-07-04,2026-07-05,Delivered,14.73
ORD-000812,UPS,13.06,Ground,2026-07-08,2026-07-14,Delivered,11.07
ORD-000813,USPS,26.77,2-Day,2026-07-30,2026-08-02,Delivered,16.65
ORD-000814,UPS,17.09,Ground,2026-05-23,2026-05-30,Delivered,24.15
ORD-000815,USPS,12.53,Ground,2026-02-20,2026-02-26,Delivered,9.95
ORD-000816,FedEx,9.31,Ground,2026-06-10,2026-06-16,Delivered,7.94
ORD-000817,FedEx,8.09,Ground,2026-05-25,2026-05-29,Delivered,5.4
ORD-000818,USPS,11.95,Standard,2026-06-29,2026-07-05,Delivered,3.3
ORD-000819,UPS,6.7,Ground,2026-02-14,2026-02-19,Delivered,2.5
ORD-000820,FedEx,8.65,Ground,2026-06-08,2026-06-15,Delivered,6.56
ORD-000821,UPS,18.34,Ground,2026-05-13,2026-05-17,Delivered,22.07
ORD-000823,FedEx,14.01,Ground,2026-04-30,2026-05-06,Delivered,17.73
ORD-000824,FedEx,9.18,Standard,2026-05-12,2026-05-18,Delivered,7.66
ORD-000825,UPS,24.62,Ground,2026-07-15,2026-07-21,Delivered,39.83
ORD-000826,UPS,11.08,Standard,2026-05-12,2026-05-16,Delivered,6.93
ORD-000827,FedEx,17.8,Ground,2026-02-07,2026-02-11,In Transit,25.62
ORD-000828,UPS,21.91,Standard,2026-07-24,2026-07-30,In Transit,29.5
ORD-000829,FedEx,15.15,Ground,2026-02-23,2026-02-28,Delivered,15.41
ORD-000830,UPS,8.62,Ground,2026-07-31,2026-08-05,Delivered,6.51
ORD-000831,FedEx,9.56,Standard,2026-07-10,2026-07-18,In Transit,8.46
ORD-000832,UPS,11.63,Ground,2026-03-31,2026-04-07,Delivered,12.78
ORD-000833,UPS,7.13,Standard,2026-03-07,2026-03-12,Delivered,3.39
ORD-000834,UPS,7.89,Standard,2026-07-05,2026-07-11,Delivered,4.97
ORD-000835,FedEx,7.72,Standard,2026-03-18,2026-03-22,Delivered,4.62
ORD-000836,USPS,13.28,Standard,2026-03-17,2026-03-24,Delivered,16.2
ORD-000837,UPS,17.02,Ground,2026-04-16,2026-04-23,Delivered,24.0
ORD-000838,FedEx,14.23,Ground,2026-06-16,2026-06-22,Delivered,18.19
ORD-000839,FedEx,24.53,2-Day,2026-07-09,2026-07-11,In Transit,21.51
ORD-000840,FedEx,8.41,Standard,2026-03-04,2026-03-11,Delivered,6.07
ORD-000841,FedEx,9.7,Ground,2026-06-02,2026-06-06,Delivered,8.76
ORD-000842,FedEx,9.95,Ground,2026-06-04,2026-06-07,Delivered,9.27
ORD-000843,FedEx,12.88,Standard,2026-04-10,2026-04-16,Delivered,15.37
ORD-000844,UPS,8.72,Ground,2026-03-22,2026-03-27,Delivered,6.71
ORD-000845,USPS,30.59,2-Day,2026-07-02,2026-07-05,Delivered,20.66
ORD-000846,USPS,19.41,Ground,2026-03-01,2026-03-05,Delivered,28.98
ORD-000847,UPS,15.38,Ground,2026-02-18,2026-02-23,Delivered,15.9
ORD-000848,USPS,9.57,Ground,2026-03-25,2026-03-29,Delivered,8.47
ORD-000849,FedEx,8.2,Ground,2026-03-10,2026-03-13,Delivered,5.63
ORD-000850,USPS,7.72,Standard,2026-03-15,2026-03-23,Delivered,4.63
ORD-000851,FedEx,,Standard,2026-02-27,2026-03-05,In Transit,1.58
ORD-000852,UPS,10.05,Standard,2026-02-05,2026-02-09,Delivered,9.48
ORD-000853,UPS,12.11,Ground,2026-07-04,2026-07-09,Delivered,9.08
ORD-000854,UPS,15.02,Standard,2026-06-14,2026-06-21,Delivered,19.84
ORD-000855,UPS,11.14,Ground,2026-04-07,2026-04-11,Delivered,7.07
ORD-000856,UPS,10.25,Ground,2026-04-04,2026-04-09,Delivered,9.89
ORD-000857,FedEx,12.07,Ground,2026-07-03,2026-07-07,Delivered,13.68
ORD-000858,FedEx,15.3,Standard,2026-05-09,2026-05-13,Delivered,15.73
ORD-000859,USPS,21.21,Ground,2026-06-17,2026-06-21,Delivered,18.37
ORD-000860,FedEx,11.62,Ground,2026-07-30,2026-08-06,Delivered,12.75
ORD-000861,FedEx,7.22,Ground,2026-02-16,2026-02-21,Delivered,3.58
ORD-000862,FedEx,12.61,Standard,2026-02-19,2026-02-27,Delivered,14.81
ORD-000863,UPS,8.7,Standard,2026-06-30,2026-07-06,Delivered,6.66
ORD-000864,FedEx,17.37,Standard,2026-06-12,2026-06-16,Delivered,24.73
ORD-000865,USPS,10.96,Ground,2026-03-05,2026-03-11,In Transit,11.38
ORD-000867,UPS,11.88,Standard,2026-02-25,2026-03-01,Delivered,13.29
ORD-000868,FedEx,31.24,Standard,2026-03-12,2026-03-17,Delivered,48.93
ORD-000869,UPS,14.42,Ground,2026-06-21,2026-06-28,Delivered,18.58
ORD-000870,UPS,19.4,2-Day,2026-02-07,2026-02-09,Delivered,14.62
ORD-000871,USPS,16.13,Ground,2026-07-18,2026-07-23,Delivered,10.1
ORD-000872,USPS,9.41,Ground,2026-06-30,2026-07-07,Delivered,3.86
ORD-000873,FedEx,12.34,Ground,2026-02-16,2026-02-20,Delivered,9.57
ORD-000874,UPS,8.17,Ground,2026-03-23,2026-03-27,Delivered,5.57
ORD-000875,USPS,20.49,Ground,2026-02-15,2026-02-21,Delivered,31.22
ORD-000876,FedEx,14.83,Ground,2026-07-23,2026-07-30,Delivered,14.76
ORD-000877,FedEx,19.34,Ground,2026-02-10,2026-02-16,Delivered,24.15
ORD-000878,FedEx,11.07,Standard,2026-06-23,2026-06-29,Delivered,6.91
ORD-000879,USPS,13.56,Ground,2026-07-01,2026-07-05,Delivered,5.92
ORD-000880,FedEx,13.85,Ground,2026-06-04,2026-06-11,Delivered,17.4
ORD-000881,USPS,8.09,Ground,2026-05-30,2026-06-04,Delivered,5.39
ORD-000882,FedEx,9.33,Ground,2026-04-17,2026-04-20,In Transit,7.98
ORD-000883,FedEx,23.19,Ground,2026-05-14,2026-05-21,Delivered,32.16
ORD-000884,FedEx,9.45,Ground,2026-03-12,2026-03-16,Delivered,8.23
ORD-000885,UPS,9.25,Ground,2026-05-29,2026-06-02,Delivered,3.13
ORD-000886,FedEx,6.5,Ground,2026-04-16,2026-04-21,Delivered,2.08
ORD-000887,UPS,10.59,2-Day,2026-07-08,2026-07-11,Delivered,2.77
ORD-000888,FedEx,17.53,Ground,2026-07-04,2026-07-07,Delivered,25.07
ORD-000889,UPS,11.23,Standard,2026-06-29,2026-07-04,Delivered,7.26
ORD-000890,FedEx,30.78,Ground,2026-04-22,2026-04-29,Delivered,47.98
ORD-000891,UPS,19.51,Standard,2026-04-12,2026-04-16,Delivered,29.19
ORD-000892,FedEx,23.26,Standard,2026-03-21,2026-03-28,Delivered,37.01
ORD-000893,UPS,18.25,Standard,2026-02-22,2026-02-28,Delivered,21.87
ORD-000894,FedEx,13.56,Ground,2026-07-31,2026-08-07,Delivered,16.79
ORD-000895,USPS,12.8,2-Day,2026-03-13,2026-03-16,Delivered,5.74
ORD-000896,USPS,10.86,Standard,2026-05-04,2026-05-10,Delivered,11.17
ORD-000897,UPS,21.86,2-Day,2026-02-27,2026-03-01,Delivered,17.93
ORD-000898,FedEx,17.83,Standard,2026-04-13,2026-04-20,Delivered,21.0
ORD-000899,UPS,9.77,Ground,2026-06-16,2026-06-22,Delivered,4.21
ORD-000900,FedEx,12.4,Ground,2026-06-12,2026-06-18,Delivered,9.69
ORD-000901,FedEx,12.81,Ground,2026-06-20,2026-06-26,In Transit,10.54
ORD-000902,UPS,10.41,Standard,2026-03-09,2026-03-16,Delivered,10.23
ORD-000903,UPS,7.77,Ground,2026-07-07,2026-07-11,Delivered,4.73
ORD-000904,USPS,21.97,Ground,2026-03-09,2026-03-16,Delivered,34.31
ORD-000905,FedEx,12.28,Standard,2026-07-28,2026-08-05,Delivered,9.44
ORD-000906,FedEx,7.91,Ground,2026-02-12,2026-02-18,Delivered,5.03
ORD-000907,UPS,24.47,Standard,2026-07-23,2026-07-31,Delivered,34.84
ORD-000908,UPS,21.77,Ground,2026-07-24,2026-07-29,In Transit,29.21
ORD-000909,USPS,21.24,2-Day,2026-03-16,2026-03-18,Delivered,12.4
ORD-000911,UPS,11.49,Standard,2026-02-27,2026-03-04,In Transit,7.8
ORD-000912,USPS,11.49,Ground,2026-07-25,2026-07-28,Delivered,2.55
ORD-000913,UPS,15.41,Ground,2026-03-02,2026-03-07,Delivered,15.96
ORD-000914,UPS,9.04,Standard,2026-04-19,2026-04-23,Delivered,7.38
ORD-000915,UPS,13.02,Ground,2026-04-22,2026-04-26,Delivered,10.98
ORD-000916,UPS,33.02,2-Day,2026-02-22,2026-02-23,Delivered,32.92
ORD-000917,UPS,8.84,Ground,2026-07-24,2026-07-28,Delivered,6.95
ORD-000918,UPS,12.94,Standard,2026-07-03,2026-07-07,Delivered,15.5
ORD-000919,FedEx,22.46,2-Day,2026-03-25,2026-03-27,Delivered,18.73
ORD-000920,USPS,25.02,Standard,2026-07-01,2026-07-09,In Transit,24.57
ORD-000921,USPS,12.74,Standard,2026-05-19,2026-05-23,Delivered,10.4
ORD-000922,FedEx,10.11,Ground,2026-04-02,2026-04-05,Delivered,9.61
ORD-000923,FedEx,12.28,Ground,2026-03-20,2026-03-26,Delivered,9.44
ORD-000924,USPS,12.46,Standard,2026-06-15,2026-06-20,Delivered,14.49
ORD-000925,USPS,19.15,Ground,2026-05-01,2026-05-06,Delivered,28.43
ORD-000926,UPS,12.13,Ground,2026-03-04,2026-03-10,Delivered,9.12
ORD-000927,USPS,5.86,Standard,2026-04-21,2026-04-25,Delivered,0.76
ORD-000928,UPS,17.41,Standard,2026-06-29,2026-07-06,Delivered,20.12
ORD-000929,UPS,20.76,2-Day,2026-06-11,2026-06-12,Delivered,11.76
ORD-000930,FedEx,13.17,Ground,2026-04-17,2026-04-21,Delivered,15.98
ORD-000931,FedEx,13.98,2-Day,2026-02-08,2026-02-10,Delivered,2.65
ORD-000932,UPS,11.3,Ground,2026-02-19,2026-02-26,Delivered,7.4
ORD-000933,UPS,14.64,Ground,2026-04-23,2026-04-27,Delivered,19.05
ORD-000934,USPS,9.55,Ground,2026-06-14,2026-06-17,Delivered,3.74
ORD-000935,FedEx,12.93,Ground,2026-05-14,2026-05-18,Delivered,15.48
ORD-000936,FedEx,12.99,Ground,2026-07-23,2026-07-26,Delivered,10.91
ORD-000937,UPS,34.34,2-Day,2026-02-21,2026-02-23,Delivered,6.19
ORD-000938,UPS,10.52,Ground,2026-04-03,2026-04-09,Delivered,5.78
ORD-000939,FedEx,7.79,Ground,2026-06-30,2026-07-07,Delivered,4.77
ORD-000940,FedEx,13.37,Standard,2026-04-19,2026-04-25,Delivered,11.71
ORD-000941,USPS,14.85,Ground,2026-06-23,2026-06-28,Delivered,12.71
ORD-000942,USPS,9.56,Ground,2026-06-04,2026-06-11,In Transit,8.45
ORD-000943,UPS,7.66,Ground,2026-07-12,2026-07-15,Delivered,4.51
ORD-000944,UPS,12.78,Ground,2026-05-24,2026-05-28,Delivered,15.17
ORD-000945,FedEx,17.52,Ground,2026-04-19,2026-04-26,Delivered,20.36
ORD-000946,FedEx,15.95,Ground,2026-04-06,2026-04-11,Delivered,17.08
ORD-000947,UPS,23.72,Ground,2026-03-27,2026-04-02,Delivered,37.95
ORD-000948,FedEx,10.19,Ground,2026-02-14,2026-02-20,Delivered,9.77
ORD-000949,FedEx,18.3,Standard,2026-02-18,2026-02-22,Delivered,26.67
ORD-000950,FedEx,8.72,Ground,2026-03-11,2026-03-18,Delivered,6.7
ORD-000951,FedEx,12.87,2-Day,2026-06-16,2026-06-17,Delivered,5.84
ORD-000952,USPS,17.44,Standard,2026-07-03,2026-07-10,Delivered,12.24
ORD-000953,FedEx,22.39,Ground,2026-03-30,2026-04-03,Delivered,30.5
ORD-000954,UPS,12.06,Ground,2026-03-03,2026-03-06,Delivered,8.97
ORD-000955,UPS,6.77,Standard,2026-05-08,2026-05-13,Delivered,2.65
ORD-000956,FedEx,15.15,Ground,2026-07-23,2026-07-27,Delivered,20.11
ORD-000957,UPS,10.57,Ground,2026-07-16,2026-07-21,In Transit,10.57
ORD-000958,USPS,18.81,2-Day,2026-05-13,2026-05-15,Delivered,13.83
ORD-000959,FedEx,10.68,Ground,2026-04-06,2026-04-10,Delivered,6.1
ORD-000960,USPS,14.5,Ground,2026-07-18,2026-07-24,In Transit,12.15
ORD-000961,USPS,6.97,Ground,2026-05-19,2026-05-26,Delivered,3.06
ORD-000962,UPS,34.3,2-Day,2026-04-11,2026-04-13,Delivered,34.64
ORD-000963,UPS,18.59,Ground,2026-02-10,2026-02-15,Delivered,22.59
ORD-000964,UPS,17.28,2-Day,2026-03-25,2026-03-28,Delivered,11.77
ORD-000965,FedEx,14.98,Ground,2026-07-19,2026-07-25,Delivered,19.75
ORD-000966,USPS,8.72,Standard,2026-03-10,2026-03-15,In Transit,6.71
ORD-000967,UPS,18.28,Ground,2026-03-21,2026-03-26,In Transit,21.94
ORD-000968,USPS,15.25,Ground,2026-06-27,2026-07-01,Delivered,8.67
ORD-000969,USPS,9.44,Ground,2026-03-18,2026-03-25,Delivered,8.21
ORD-000970,UPS,7.92,Ground,2026-06-27,2026-07-02,Delivered,5.05
ORD-000971,USPS,12.72,Ground,2026-03-06,2026-03-10,Delivered,15.04
ORD-000972,UPS,13.22,Ground,2026-05-12,2026-05-17,Delivered,11.4
ORD-000973,FedEx,20.82,Ground,2026-05-22,2026-05-26,Delivered,27.22
ORD-000974,UPS,7.68,Standard,2026-04-08,2026-04-16,Delivered,4.55
ORD-000975,UPS,14.99,Ground,2026-07-29,2026-08-01,Delivered,15.09
ORD-000976,FedEx,17.03,Ground,2026-06-26,2026-07-02,Delivered,24.03
ORD-000977,USPS,17.83,Standard,2026-07-06,2026-07-11,Delivered,12.87
ORD-000978,FedEx,18.37,2-Day,2026-07-26,2026-07-29,Delivered,8.55
ORD-000979,UPS,13.82,Standard,2026-04-29,2026-05-03,Delivered,12.64
ORD-000981,USPS,27.76,2-Day,2026-04-11,2026-04-13,Delivered,25.85
ORD-000982,FedEx,17.9,Ground,2026-06-09,2026-06-15,In Transit,25.84
ORD-000983,USPS,10.42,Standard,2026-03-12,2026-03-17,Delivered,10.26
ORD-000984,USPS,20.01,Standard,2026-06-09,2026-06-16,Delivered,25.55
ORD-000985,UPS,30.99,Standard,2026-03-11,2026-03-18,In Transit,11.01
ORD-000986,USPS,17.16,Ground,2026-04-12,2026-04-18,Delivered,19.6
ORD-000987,FedEx,13.33,Ground,2026-03-20,2026-03-24,Delivered,16.31
ORD-000988,FedEx,18.18,2-Day,2026-07-26,2026-07-28,Delivered,8.29
ORD-000989,USPS,10.25,Ground,2026-02-09,2026-02-14,Delivered,5.21
ORD-000990,USPS,19.48,Ground,2026-02-04,2026-02-08,Delivered,24.43
ORD-000991,USPS,24.78,Standard,2026-06-28,2026-07-06,In Transit,28.87
ORD-000992,FedEx,12.63,Ground,2026-06-23,2026-06-27,Delivered,14.85
ORD-000993,FedEx,13.03,Ground,2026-02-26,2026-03-02,Delivered,11.0
ORD-000994,FedEx,7.44,Standard,2026-03-16,2026-03-21,Delivered,4.05
ORD-000995,UPS,17.03,Ground,2026-03-07,2026-03-12,Delivered,24.03
ORD-000996,UPS,12.07,Ground,2026-04-14,2026-04-18,Delivered,13.69
ORD-000998,UPS,12.17,Standard,2026-06-10,2026-06-16,Delivered,9.21
ORD-000999,FedEx,23.38,2-Day,2026-04-22,2026-04-25,Delivered,19.97
ORD-001000,UPS,9.38,Standard,2026-02-17,2026-02-22,Delivered,3.39
ORD-001001,UPS,7.82,Ground,2026-06-30,2026-07-07,Delivered,4.84
ORD-001002,USPS,8.62,Ground,2026-06-03,2026-06-09,Delivered,6.51
ORD-001003,FedEx,13.16,Ground,2026-07-03,2026-07-10,Delivered,15.96
ORD-001005,UPS,13.87,Ground,2026-02-07,2026-02-14,Delivered,12.74
ORD-001006,USPS,20.52,Standard,2026-07-07,2026-07-15,In Transit,17.25
ORD-001007,FedEx,16.53,Standard,2026-07-27,2026-08-03,Delivered,22.98
ORD-001008,UPS,13.98,Ground,2026-03-25,2026-03-28,Delivered,17.67
ORD-001009,USPS,31.49,Ground,2026-06-19,2026-06-26,Delivered,35.11
ORD-001010,FedEx,16.52,Ground,2026-03-15,2026-03-18,Delivered,22.95
ORD-001011,UPS,10.42,Ground,2026-04-20,2026-04-23,Delivered,10.24
ORD-001012,FedEx,11.28,Ground,2026-05-22,2026-05-27,Delivered,7.36
ORD-001013,UPS,10.53,Ground,2026-06-09,2026-06-16,Delivered,10.47
ORD-001014,USPS,14.18,Ground,2026-02-19,2026-02-24,Delivered,18.08
ORD-001015,USPS,11.59,Ground,2026-06-05,2026-06-09,Delivered,8.0
ORD-001016,USPS,16.59,Standard,2026-03-25,2026-04-02,Delivered,18.41
ORD-001017,UPS,24.69,2-Day,2026-07-22,2026-07-23,Delivered,17.04
ORD-001018,FedEx,7.97,Ground,2026-07-21,2026-07-28,In Transit,5.15
ORD-001019,UPS,18.63,Standard,2026-02-27,2026-03-07,Delivered,22.67
ORD-001020,FedEx,12.46,Ground,2026-06-08,2026-06-12,Delivered,14.49
ORD-001021,UPS,21.84,Ground,2026-03-16,2026-03-19,Delivered,34.04
ORD-001022,USPS,10.8,Ground,2026-04-04,2026-04-11,Delivered,11.04
ORD-001023,UPS,12.02,Standard,2026-06-26,2026-07-01,Delivered,8.89
ORD-001024,FedEx,9.95,Ground,2026-05-26,2026-05-31,Delivered,4.59
ORD-001025,UPS,9.92,Ground,2026-03-03,2026-03-07,Delivered,4.53
ORD-001026,UPS,17.8,Ground,2026-03-15,2026-03-19,Delivered,20.94
ORD-001027,FedEx,23.06,Ground,2026-05-09,2026-05-13,In Transit,31.89
ORD-001028,FedEx,10.48,Standard,2026-04-06,2026-04-14,Delivered,10.37
ORD-001029,UPS,10.24,Standard,2026-05-19,2026-05-26,Delivered,9.87
ORD-001030,UPS,11.15,Standard,2026-05-23,2026-05-29,Delivered,11.78
ORD-001031,UPS,29.63,2-Day,2026-02-10,2026-02-13,Delivered,23.68
ORD-001032,UPS,7.99,Ground,2026-05-16,2026-05-19,Delivered,5.19
ORD-001033,FedEx,11.87,Standard,2026-06-29,2026-07-04,Delivered,13.27
ORD-001034,FedEx,15.7,Standard,2026-05-18,2026-05-25,In Transit,21.25
ORD-001035,USPS,15.35,Ground,2026-04-17,2026-04-23,Delivered,15.83
ORD-001036,UPS,5.74,Standard,2026-07-12,2026-07-16,Delivered,0.5
ORD-001037,USPS,25.2,2-Day,2026-03-25,2026-03-28,Delivered,17.73
ORD-001038,UPS,15.4,Ground,2026-06-16,2026-06-23,Delivered,15.93
ORD-001039,USPS,18.3,Ground,2026-03-15,2026-03-19,Delivered,26.66
ORD-001040,USPS,22.29,Ground,2026-05-23,2026-05-26,Delivered,30.3
ORD-001041,USPS,20.14,Ground,2026-02-14,2026-02-18,Delivered,25.81
ORD-001042,UPS,11.18,Standard,2026-04-03,2026-04-09,Delivered,11.83
ORD-001043,UPS,6.71,Standard,2026-07-06,2026-07-13,Delivered,2.53
ORD-001044,UPS,12.46,Standard,2026-05-12,2026-05-17,Delivered,9.82
ORD-001045,UPS,11.05,Ground,2026-03-02,2026-03-06,Delivered,11.56
ORD-001046,UPS,22.93,Ground,2026-03-31,2026-04-04,Delivered,31.63
ORD-001048,UPS,8.45,Standard,2026-05-21,2026-05-26,Delivered,6.15
ORD-001049,USPS,9.18,Ground,2026-06-18,2026-06-25,Delivered,3.49
ORD-001050,FedEx,11.61,Standard,2026-03-06,2026-03-10,Delivered,8.04
ORD-001051,USPS,13.31,2-Day,2026-05-08,2026-05-10,Delivered,6.43
ORD-001052,FedEx,7.02,Standard,2026-05-22,2026-05-28,Delivered,3.17
ORD-001053,USPS,12.8,Ground,2026-03-07,2026-03-10,Delivered,10.53
ORD-001054,UPS,13.46,Standard,2026-05-02,2026-05-08,Delivered,11.89
ORD-001055,FedEx,6.94,Ground,2026-05-30,2026-06-06,Delivered,3.0
ORD-001056,FedEx,12.0,Ground,2026-07-11,2026-07-14,Delivered,8.85
ORD-001057,USPS,10.68,Standard,2026-04-15,2026-04-20,Delivered,6.1
ORD-001058,USPS,17.4,Standard,2026-06-26,2026-06-30,Delivered,12.17
ORD-001059,FedEx,18.23,2-Day,2026-06-30,2026-07-03,Delivered,13.04
ORD-001060,FedEx,8.43,Ground,2026-02-09,2026-02-12,In Transit,6.1
ORD-001061,UPS,25.29,2-Day,2026-06-18,2026-06-21,Delivered,22.54
ORD-001062,FedEx,10.96,Ground,2026-05-21,2026-05-26,Delivered,11.38
ORD-001063,FedEx,8.54,Ground,2026-04-17,2026-04-24,Delivered,6.34
ORD-001064,USPS,8.77,Standard,2026-07-12,2026-07-16,Delivered,2.81
ORD-001066,FedEx,12.0,Ground,2026-04-06,2026-04-13,Delivered,13.54
ORD-001067,USPS,13.14,Ground,2026-05-19,2026-05-24,Delivered,15.91
ORD-001068,FedEx,9.19,Ground,2026-07-04,2026-07-07,Delivered,7.69
ORD-001069,USPS,11.48,Ground,2026-02-26,2026-03-01,In Transit,12.45
ORD-001070,UPS,34.56,2-Day,2026-04-05,2026-04-06,Delivered,30.3
ORD-001071,FedEx,17.48,Ground,2026-07-11,2026-07-16,Delivered,20.28
ORD-001072,UPS,12.91,2-Day,2026-07-26,2026-07-27,Delivered,1.2
ORD-001073,FedEx,8.51,Ground,2026-06-21,2026-06-26,Delivered,6.28
ORD-001074,FedEx,10.38,Ground,2026-04-17,2026-04-21,Delivered,10.16
ORD-001075,UPS,11.18,Ground,2026-07-17,2026-07-20,Delivered,11.84
ORD-001076,USPS,11.57,Standard,2026-05-31,2026-06-04,Delivered,12.64
ORD-001077,UPS,12.81,Ground,2026-02-03,2026-02-07,Delivered,15.23
ORD-001078,USPS,16.32,Standard,2026-06-19,2026-06-24,Delivered,10.41
ORD-001079,USPS,10.95,Ground,2026-05-29,2026-06-02,In Transit,11.36
ORD-001080,UPS,15.57,Ground,2026-08-02,2026-08-05,Delivered,20.97
ORD-001081,UPS,12.09,Ground,2026-04-17,2026-04-23,Delivered,13.72
ORD-001082,UPS,11.65,2-Day,2026-04-01,2026-04-04,Delivered,4.2
ORD-001083,UPS,11.31,Standard,2026-03-27,2026-04-01,Delivered,12.11
ORD-001084,UPS,10.39,Standard,2026-03-19,2026-03-26,Delivered,10.18
ORD-001085,FedEx,6.35,Ground,2026-03-08,2026-03-12,Delivered,1.77
ORD-001087,USPS,52.37,Ground,2026-06-26,2026-06-29,Delivered,12.56
ORD-001088,USPS,12.03,2-Day,2026-04-27,2026-04-30,Delivered,4.71
ORD-001089,FedEx,17.92,Ground,2026-02-14,2026-02-17,Delivered,21.18
ORD-001090,USPS,14.99,Ground,2026-03-23,2026-03-29,In Transit,15.08
ORD-001091,USPS,11.49,2-Day,2026-02-24,2026-02-26,Delivered,3.99
ORD-001092,USPS,23.81,2-Day,2026-05-26,2026-05-29,Delivered,20.55
ORD-001093,UPS,20.68,Standard,2026-04-06,2026-04-12,In Transit,26.93
ORD-001094,UPS,12.2,Standard,2026-07-08,2026-07-13,Delivered,9.27
ORD-001095,FedEx,10.36,Standard,2026-02-10,2026-02-16,Delivered,10.13
ORD-001096,FedEx,14.74,Ground,2026-02-16,2026-02-20,Delivered,19.25
ORD-001097,UPS,27.62,2-Day,2026-05-12,2026-05-14,Delivered,25.66
ORD-001098,UPS,8.88,Standard,2026-05-30,2026-06-06,In Transit,2.35
ORD-001099,FedEx,7.63,Ground,2026-02-08,2026-02-12,Delivered,4.43
ORD-001100,UPS,9.42,Standard,2026-03-25,2026-03-29,Delivered,8.16
ORD-001101,UPS,9.75,Standard,2026-03-22,2026-03-27,Delivered,8.86
ORD-001102,USPS,14.56,Ground,2026-05-04,2026-05-09,Delivered,18.88
ORD-001103,FedEx,17.86,Ground,2026-05-08,2026-05-14,Delivered,25.74
ORD-001104,UPS,18.45,Ground,2026-06-27,2026-07-01,Delivered,26.98
ORD-001105,FedEx,8.85,Standard,2026-05-03,2026-05-09,Delivered,2.29
ORD-001106,FedEx,8.29,Ground,2026-06-26,2026-06-30,Delivered,5.81
ORD-001107,UPS,8.86,Standard,2026-02-13,2026-02-19,Delivered,7.01
ORD-001108,USPS,8.28,Standard,2026-06-08,2026-06-13,Delivered,5.79
ORD-001109,FedEx,12.72,Ground,2026-02-05,2026-02-08,Delivered,15.05
ORD-001111,FedEx,13.32,Ground,2026-04-12,2026-04-19,Delivered,16.3
ORD-001112,FedEx,10.9,Ground,2026-02-28,2026-03-07,Delivered,11.25
ORD-001113,USPS,10.54,Standard,2026-04-24,2026-05-02,Delivered,10.49
ORD-001114,UPS,14.8,2-Day,2026-07-11,2026-07-13,Delivered,8.43
ORD-001115,UPS,12.17,Ground,2026-03-23,2026-03-30,Delivered,9.21
ORD-001116,USPS,25.52,Ground,2026-07-10,2026-07-13,Delivered,30.08
ORD-001118,FedEx,16.36,Standard,2026-06-03,2026-06-11,Delivered,17.94
ORD-001119,USPS,11.92,Ground,2026-05-09,2026-05-15,Delivered,8.68
ORD-001120,FedEx,10.46,Ground,2026-06-10,2026-06-17,Delivered,10.34
ORD-001121,FedEx,15.09,Ground,2026-03-25,2026-04-01,Delivered,15.29
ORD-001122,FedEx,7.42,Ground,2026-05-10,2026-05-14,Delivered,3.99
ORD-001124,UPS,11.46,Ground,2026-04-27,2026-05-01,Delivered,12.41
ORD-001125,UPS,21.39,2-Day,2026-04-20,2026-04-22,Delivered,17.29
ORD-001126,FedEx,13.1,Standard,2026-02-20,2026-02-28,Delivered,15.83
ORD-001127,UPS,8.33,Standard,2026-07-28,2026-08-02,Delivered,5.9
ORD-001128,USPS,11.24,Ground,2026-06-24,2026-06-28,Delivered,6.84
ORD-001129,USPS,6.24,Standard,2026-05-16,2026-05-24,Delivered,1.55
ORD-001130,UPS,14.39,Ground,2026-05-16,2026-05-22,Delivered,18.52
ORD-001131,FedEx,23.86,Standard,2026-06-01,2026-06-09,In Transit,38.26
ORD-001132,USPS,10.25,Standard,2026-08-02,2026-08-10,In Transit,5.23
ORD-001133,UPS,16.48,Ground,2026-04-22,2026-04-27,In Transit,22.87
ORD-001134,USPS,29.25,Standard,2026-07-28,2026-08-01,Delivered,36.15
ORD-001135,UPS,9.24,Ground,2026-02-12,2026-02-19,Delivered,7.8
ORD-001136,UPS,12.72,Ground,2026-07-07,2026-07-12,Delivered,10.35
ORD-001137,FedEx,11.94,Ground,2026-06-04,2026-06-09,Delivered,13.41
ORD-001138,USPS,25.66,2-Day,2026-06-23,2026-06-25,Delivered,15.49
ORD-001139,USPS,12.18,Ground,2026-05-12,2026-05-19,Delivered,13.92
ORD-001140,UPS,11.73,Ground,2026-03-17,2026-03-21,Delivered,8.29
ORD-001141,FedEx,21.25,2-Day,2026-02-22,2026-02-24,Delivered,17.11
ORD-001143,FedEx,9.55,Ground,2026-04-15,2026-04-18,Delivered,8.44
ORD-001144,UPS,22.86,2-Day,2026-04-30,2026-05-01,Delivered,14.58
ORD-001145,UPS,20.17,2-Day,2026-05-30,2026-06-02,In Transit,10.96
ORD-001146,FedEx,8.73,Ground,2026-05-20,2026-05-27,Delivered,2.05
ORD-001147,UPS,17.53,Standard,2026-06-28,2026-07-02,Delivered,25.06
ORD-001148,UPS,8.86,Ground,2026-06-19,2026-06-26,Delivered,6.99
ORD-001149,USPS,26.31,Ground,2026-06-26,2026-07-03,Delivered,26.67
ORD-001150,USPS,16.19,Ground,2026-03-19,2026-03-25,Delivered,22.28
ORD-001151,FedEx,11.8,Standard,2026-05-11,2026-05-15,Delivered,13.13
ORD-001152,FedEx,13.2,Standard,2026-03-11,2026-03-17,Delivered,16.04
ORD-001153,FedEx,13.84,Standard,2026-05-26,2026-05-30,In Transit,17.37
ORD-001154,UPS,10.14,Ground,2026-04-21,2026-04-24,Delivered,9.66
ORD-001155,FedEx,15.97,2-Day,2026-05-26,2026-05-28,Delivered,10.01
ORD-001156,FedEx,13.56,Ground,2026-07-17,2026-07-22,Delivered,16.8
ORD-001157,UPS,10.8,Ground,2026-02-17,2026-02-22,Delivered,11.05
ORD-001159,UPS,9.49,Ground,2026-04-01,2026-04-06,In Transit,8.31
ORD-001160,USPS,8.37,Ground,2026-06-16,2026-06-23,Delivered,5.98
ORD-001161,USPS,12.64,Ground,2026-05-22,2026-05-25,Delivered,14.88
ORD-001162,FedEx,8.77,Ground,2026-05-13,2026-05-20,Delivered,6.81
ORD-001163,FedEx,17.28,Standard,2026-04-01,2026-04-07,Delivered,19.86
ORD-001164,FedEx,17.82,Standard,2026-06-27,2026-07-02,Delivered,20.97
ORD-001165,UPS,13.16,Ground,2026-07-30,2026-08-04,Delivered,15.95
ORD-001166,UPS,16.51,Ground,2026-02-22,2026-02-25,Delivered,18.26
ORD-001167,USPS,16.86,Ground,2026-07-03,2026-07-07,Delivered,15.99
ORD-001168,UPS,16.93,Standard,2026-05-24,2026-05-30,Delivered,19.13
ORD-001169,UPS,16.67,Ground,2026-03-28,2026-04-03,Delivered,18.59
ORD-001170,FedEx,14.63,Ground,2026-03-09,2026-03-13,Delivered,14.34
ORD-001171,UPS,25.24,2-Day,2026-04-19,2026-04-22,Delivered,22.46
ORD-001172,UPS,10.26,Standard,2026-07-24,2026-07-29,Delivered,9.92
ORD-001173,USPS,13.09,2-Day,2026-03-20,2026-03-23,In Transit,6.14
ORD-001174,USPS,10.57,Ground,2026-03-13,2026-03-17,Delivered,5.88
ORD-001175,USPS,9.75,Ground,2026-06-11,2026-06-18,Delivered,8.86
ORD-001177,USPS,8.59,Ground,2026-05-06,2026-05-10,Delivered,1.74
ORD-001178,UPS,11.76,Standard,2026-06-08,2026-06-13,In Transit,13.04
ORD-001179,UPS,13.91,Standard,2026-03-15,2026-03-21,Delivered,17.52
ORD-001180,USPS,23.99,2-Day,2026-06-07,2026-06-10,Delivered,20.78
ORD-001181,USPS,8.95,Ground,2026-06-11,2026-06-16,Delivered,2.51
ORD-001182,USPS,10.65,Ground,2026-05-12,2026-05-18,Delivered,6.04
ORD-001183,UPS,26.5,2-Day,2026-05-13,2026-05-16,Delivered,19.47
ORD-001184,UPS,10.15,Ground,2026-05-05,2026-05-09,Delivered,9.69
ORD-001185,USPS,13.78,Ground,2026-04-09,2026-04-13,In Transit,17.26
ORD-001186,UPS,7.32,Ground,2026-07-18,2026-07-23,Delivered,3.8
ORD-001187,FedEx,18.21,Standard,2026-07-22,2026-07-30,Delivered,26.47
ORD-001188,UPS,7.19,Ground,2026-07-04,2026-07-10,Delivered,3.53
ORD-001189,UPS,13.88,Ground,2026-07-29,2026-08-05,Delivered,12.78
ORD-001190,FedEx,11.74,Standard,2026-02-25,2026-03-02,In Transit,13.01
ORD-001191,FedEx,11.41,Ground,2026-05-14,2026-05-21,Delivered,7.63
ORD-001192,UPS,12.98,Ground,2026-05-20,2026-05-25,Delivered,15.58
ORD-001193,FedEx,15.37,Ground,2026-03-24,2026-03-27,Delivered,15.88
ORD-001195,UPS,14.82,Ground,2026-03-02,2026-03-06,Delivered,14.73
ORD-001196,UPS,9.11,Ground,2026-07-01,2026-07-08,Delivered,7.52
ORD-001197,USPS,13.86,Standard,2026-07-25,2026-08-02,Delivered,6.42
ORD-001198,USPS,11.67,Ground,2026-04-11,2026-04-18,Delivered,8.17
ORD-001199,UPS,10.5,Standard,2026-04-26,2026-04-30,Delivered,5.72
ORD-001200,FedEx,18.85,Ground,2026-04-30,2026-05-07,In Transit,23.13
ORD-001201,FedEx,9.69,Ground,2026-02-08,2026-02-14,Delivered,8.72
ORD-001202,USPS,14.73,Ground,2026-07-13,2026-07-20,Delivered,12.52
ORD-001203,FedEx,14.82,Standard,2026-04-26,2026-05-02,Delivered,19.42
ORD-001204,UPS,12.61,2-Day,2026-07-08,2026-07-11,In Transit,5.49
ORD-001205,UPS,7.13,Ground,2026-06-03,2026-06-09,Delivered,3.39
ORD-001206,UPS,8.26,Ground,2026-03-11,2026-03-18,In Transit,5.74
ORD-001207,UPS,18.56,2-Day,2026-02-26,2026-02-28,Delivered,13.49
ORD-001208,UPS,11.67,Ground,2026-03-04,2026-03-08,Delivered,12.86
ORD-001209,UPS,14.82,Ground,2026-03-03,2026-03-08,Delivered,14.72
ORD-001210,USPS,10.48,Standard,2026-03-31,2026-04-05,Delivered,10.37
ORD-001211,USPS,7.49,Ground,2026-07-14,2026-07-19,Delivered,0.74
ORD-001212,FedEx,10.36,Standard,2026-07-07,2026-07-14,Delivered,10.13
ORD-001213,FedEx,15.64,Ground,2026-06-26,2026-07-02,Delivered,21.12
ORD-001214,USPS,17.36,Standard,2026-04-30,2026-05-05,Delivered,24.7
ORD-001215,UPS,13.48,Standard,2026-05-10,2026-05-16,Delivered,11.94
ORD-001216,UPS,11.69,Standard,2026-04-25,2026-04-30,Delivered,12.9
ORD-001217,FedEx,13.68,Standard,2026-03-02,2026-03-10,Delivered,17.04
ORD-001218,UPS,17.14,Standard,2026-06-10,2026-06-17,Delivered,24.25
ORD-001220,UPS,20.35,2-Day,2026-06-06,2026-06-09,Delivered,11.2
ORD-001221,USPS,13.61,Ground,2026-03-14,2026-03-17,Delivered,16.89
ORD-001222,USPS,8.99,Ground,2026-03-22,2026-03-26,Delivered,7.27
ORD-001223,FedEx,9.61,Standard,2026-02-09,2026-02-17,Delivered,3.88
ORD-001224,FedEx,9.28,Ground,2026-06-17,2026-06-22,Delivered,7.88
ORD-001225,UPS,18.85,Ground,2026-04-25,2026-04-28,In Transit,27.82
ORD-001226,UPS,13.71,Ground,2026-03-16,2026-03-23,Delivered,17.11
ORD-001227,FedEx,9.78,Ground,2026-03-24,2026-03-27,Delivered,4.22
ORD-001228,FedEx,13.97,Standard,2026-03-13,2026-03-19,Delivered,17.64
ORD-001230,FedEx,9.91,Ground,2026-07-14,2026-07-19,Delivered,4.51
ORD-001231,USPS,12.5,Ground,2026-03-19,2026-03-25,Delivered,14.58
ORD-001232,USPS,10.3,Standard,2026-07-20,2026-07-24,Delivered,5.31
ORD-001233,FedEx,9.67,Ground,2026-07-17,2026-07-24,Delivered,4.01
ORD-001234,USPS,20.27,Standard,2026-02-28,2026-03-05,Delivered,30.78
ORD-001235,USPS,11.94,Ground,2026-02-27,2026-03-03,In Transit,8.72
ORD-001236,UPS,15.87,Standard,2026-05-15,2026-05-22,In Transit,16.91
ORD-001238,UPS,11.04,Ground,2026-03-20,2026-03-24,Delivered,11.54
ORD-001239,FedEx,10.07,Ground,2026-02-27,2026-03-04,Delivered,4.83
ORD-001240,FedEx,10.03,Ground,2026-06-22,2026-06-28,Delivered,9.43
ORD-001241,USPS,7.84,Standard,2026-04-19,2026-04-23,Delivered,4.87
ORD-001242,FedEx,27.05,Standard,2026-05-04,2026-05-09,Delivered,44.9
ORD-001243,USPS,16.84,Ground,2026-03-12,2026-03-16,Delivered,18.94
ORD-001244,USPS,10.97,Standard,2026-03-08,2026-03-12,Delivered,11.39
ORD-001245,USPS,13.33,Ground,2026-05-31,2026-06-06,Delivered,16.31
ORD-001246,UPS,16.46,Standard,2026-04-14,2026-04-20,Delivered,18.15
ORD-001247,USPS,18.21,Ground,2026-07-09,2026-07-15,Delivered,18.18
ORD-001248,UPS,16.23,Standard,2026-04-08,2026-04-15,Delivered,17.67
ORD-001249,FedEx,13.56,Standard,2026-05-05,2026-05-11,Delivered,16.79
ORD-001250,FedEx,11.29,Standard,2026-04-02,2026-04-10,Delivered,12.06
ORD-001251,UPS,19.56,Standard,2026-06-07,2026-06-14,Delivered,29.3
ORD-001252,UPS,17.91,2-Day,2026-02-16,2026-02-17,Delivered,12.61
ORD-001253,USPS,17.06,Standard,2026-06-21,2026-06-28,Delivered,11.62
ORD-001254,FedEx,11.59,Ground,2026-03-15,2026-03-22,Delivered,12.68
ORD-001255,UPS,11.89,Standard,2026-05-07,2026-05-15,Delivered,13.32
ORD-001256,FedEx,8.96,Ground,2026-06-04,2026-06-10,Delivered,2.53
ORD-001257,USPS,12.76,2-Day,2026-04-21,2026-04-22,Delivered,5.69
ORD-001258,UPS,10.48,Ground,2026-02-23,2026-02-27,Delivered,10.37
ORD-001259,FedEx,10.32,2-Day,2026-06-11,2026-06-14,Delivered,2.41
ORD-001260,FedEx,10.96,Ground,2026-06-11,2026-06-16,Delivered,11.37
ORD-001261,UPS,11.84,Standard,2026-02-04,2026-02-09,Delivered,13.2
ORD-001262,UPS,7.29,Ground,2026-06-20,2026-06-23,Delivered,3.72
ORD-001263,FedEx,20.19,Ground,2026-03-31,2026-04-05,Delivered,6.87
ORD-001264,USPS,17.66,Ground,2026-03-20,2026-03-25,Delivered,25.33
ORD-001265,USPS,13.38,Standard,2026-03-04,2026-03-08,Delivered,16.42
ORD-001266,USPS,13.08,Ground,2026-04-24,2026-05-01,Delivered,15.8
ORD-001267,FedEx,25.93,2-Day,2026-06-08,2026-06-09,Delivered,23.39
ORD-001268,USPS,8.27,Ground,2026-03-24,2026-03-31,Delivered,5.78
ORD-001269,USPS,7.29,Ground,2026-05-21,2026-05-25,Delivered,3.73
ORD-001270,USPS,15.77,Standard,2026-04-22,2026-04-29,Delivered,21.4
ORD-001271,FedEx,10.58,Standard,2026-05-26,2026-05-30,Delivered,10.59
ORD-001272,UPS,8.21,Standard,2026-03-23,2026-03-31,Delivered,5.65
ORD-001273,FedEx,8.95,Standard,2026-06-07,2026-06-13,Delivered,2.51
ORD-001274,FedEx,13.88,Standard,2026-03-06,2026-03-11,Delivered,12.78
ORD-001275,UPS,10.16,Standard,2026-05-13,2026-05-17,In Transit,9.71
ORD-001276,UPS,11.84,Standard,2026-07-30,2026-08-06,Delivered,8.52
ORD-001277,FedEx,8.27,Standard,2026-04-20,2026-04-27,Delivered,1.09
ORD-001279,FedEx,33.63,2-Day,2026-08-01,2026-08-03,Delivered,29.06
ORD-001280,UPS,6.99,Ground,2026-07-15,2026-07-19,Delivered,3.11
ORD-001281,USPS,12.14,Standard,2026-05-24,2026-06-01,In Transit,9.15
ORD-001282,FedEx,17.99,2-Day,2026-04-05,2026-04-06,Delivered,8.04
ORD-001283,FedEx,13.54,Ground,2026-05-08,2026-05-13,Delivered,16.75
ORD-001284,USPS,6.72,Ground,2026-02-15,2026-02-20,Delivered,2.54
ORD-001285,UPS,12.91,Ground,2026-04-09,2026-04-15,Delivered,15.43
ORD-001286,FedEx,11.66,Standard,2026-03-08,2026-03-13,Delivered,12.83
ORD-001287,UPS,13.44,2-Day,2026-07-18,2026-07-21,Delivered,6.6
ORD-001288,USPS,12.73,Ground,2026-02-12,2026-02-16,Delivered,15.07
ORD-001289,USPS,13.2,Ground,2026-02-21,2026-02-25,Delivered,11.36
ORD-001290,FedEx,21.56,Ground,2026-03-16,2026-03-22,Delivered,33.46
ORD-001291,UPS,10.16,Standard,2026-06-26,2026-06-30,Delivered,9.71
ORD-001292,FedEx,7.92,Ground,2026-05-21,2026-05-26,In Transit,5.05
ORD-001293,FedEx,12.96,Ground,2026-04-17,2026-04-23,In Transit,15.54
ORD-001294,USPS,15.34,Ground,2026-07-27,2026-08-01,Delivered,8.82
ORD-001295,UPS,10.87,Standard,2026-05-15,2026-05-23,Delivered,11.19
ORD-001296,UPS,7.3,Standard,2026-06-14,2026-06-20,Delivered,3.76
ORD-001297,FedEx,13.62,Standard,2026-06-25,2026-06-29,Delivered,16.92
ORD-001298,USPS,14.31,2-Day,2026-04-16,2026-04-19,In Transit,7.77
ORD-001299,USPS,18.23,Ground,2026-06-18,2026-06-22,Delivered,13.52
ORD-001300,FedEx,24.1,Standard,2026-06-25,2026-07-03,Delivered,38.74
ORD-001302,UPS,9.96,Ground,2026-07-03,2026-07-09,Delivered,9.29
ORD-001303,UPS,22.27,2-Day,2026-06-23,2026-06-24,Delivered,18.48
ORD-001304,USPS,10.19,Standard,2026-05-17,2026-05-25,Delivered,9.78
ORD-001305,USPS,10.96,Ground,2026-03-22,2026-03-26,Delivered,6.68
ORD-001306,UPS,20.18,Standard,2026-04-17,2026-04-21,Delivered,25.9
ORD-001307,FedEx,8.62,Ground,2026-02-21,2026-02-24,Delivered,1.81
ORD-001308,UPS,15.9,Ground,2026-02-08,2026-02-11,Delivered,21.66
ORD-001309,USPS,8.5,Ground,2026-02-15,2026-02-19,Delivered,1.57
ORD-001310,FedEx,15.21,Ground,2026-02-07,2026-02-10,Delivered,20.23
ORD-001311,USPS,10.93,Ground,2026-06-04,2026-06-08,In Transit,11.32
ORD-001312,FedEx,7.93,Ground,2026-06-23,2026-06-27,Delivered,5.06
ORD-001313,USPS,9.43,Standard,2026-06-12,2026-06-20,Delivered,8.18
ORD-001314,USPS,25.27,2-Day,2026-05-03,2026-05-06,In Transit,17.82
ORD-001315,FedEx,39.15,2-Day,2026-03-02,2026-03-05,Delivered,36.47
ORD-001316,UPS,6.77,Ground,2026-04-29,2026-05-04,Delivered,2.65
ORD-001317,UPS,8.06,Standard,2026-06-17,2026-06-24,Delivered,5.33
ORD-001318,FedEx,7.16,Ground,2026-04-19,2026-04-26,Delivered,3.45
ORD-001320,USPS,10.17,Standard,2026-05-27,2026-06-03,Delivered,9.72
ORD-001321,FedEx,15.38,Standard,2026-04-14,2026-04-21,Delivered,20.58
ORD-001322,USPS,6.95,Standard,2026-06-06,2026-06-11,In Transit,3.02
ORD-001323,USPS,13.08,Ground,2026-04-06,2026-04-12,Delivered,11.1
ORD-001324,USPS,23.52,2-Day,2026-02-25,2026-02-28,Delivered,20.16
ORD-001325,USPS,9.38,Ground,2026-04-04,2026-04-07,In Transit,8.09
ORD-001326,USPS,11.7,Standard,2026-03-04,2026-03-10,In Transit,12.91
ORD-001327,USPS,19.6,Ground,2026-03-13,2026-03-19,Delivered,24.69
ORD-001328,USPS,11.88,2-Day,2026-03-10,2026-03-12,Delivered,4.51
ORD-001329,USPS,6.47,Ground,2026-02-18,2026-02-23,Delivered,2.03
ORD-001330,UPS,12.23,Ground,2026-05-07,2026-05-14,Delivered,14.03
ORD-001331,UPS,12.36,Ground,2026-06-03,2026-06-06,Delivered,14.3
ORD-001332,USPS,11.75,Standard,2026-07-20,2026-07-24,Delivered,7.66
ORD-001333,FedEx,10.88,Standard,2026-06-12,2026-06-18,Delivered,6.52
ORD-001334,FedEx,13.26,Ground,2026-04-09,2026-04-14,Delivered,11.48
ORD-001335,UPS,9.88,Standard,2026-06-16,2026-06-22,Delivered,4.44
ORD-001336,FedEx,9.89,Ground,2026-06-27,2026-07-04,Delivered,4.45
ORD-001337,UPS,14.02,Ground,2026-05-13,2026-05-18,Delivered,17.74
ORD-001338,UPS,7.51,Standard,2026-07-09,2026-07-16,Delivered,4.18
ORD-001339,UPS,6.54,Ground,2026-02-05,2026-02-08,Delivered,2.17
ORD-001340,USPS,11.04,Ground,2026-06-28,2026-07-05,In Transit,6.51
ORD-001341,USPS,11.5,Standard,2026-02-07,2026-02-11,Delivered,7.81
ORD-001342,USPS,15.16,Standard,2026-05-05,2026-05-09,Delivered,15.43
ORD-001343,FedEx,13.72,2-Day,2026-03-12,2026-03-13,Delivered,6.98
ORD-001344,USPS,23.86,Ground,2026-07-29,2026-08-05,Delivered,27.37
ORD-001346,USPS,22.25,2-Day,2026-06-17,2026-06-20,In Transit,11.91
ORD-001347,FedEx,8.28,Ground,2026-05-24,2026-05-28,Delivered,5.79
ORD-001348,FedEx,19.68,2-Day,2026-03-16,2026-03-19,Delivered,14.99
ORD-001349,FedEx,18.49,Ground,2026-02-26,2026-03-04,Delivered,27.07
ORD-001350,FedEx,13.86,Ground,2026-05-03,2026-05-08,Delivered,17.42
ORD-001351,UPS,9.11,Standard,2026-05-27,2026-05-31,Delivered,2.84
ORD-001352,FedEx,18.22,2-Day,2026-05-17,2026-05-18,Delivered,8.34
ORD-001353,UPS,18.48,2-Day,2026-04-24,2026-04-26,Delivered,13.38
ORD-001354,USPS,17.45,Ground,2026-07-11,2026-07-17,In Transit,16.95
ORD-001355,FedEx,10.18,Ground,2026-02-28,2026-03-07,Delivered,9.76
ORD-001356,UPS,9.71,Standard,2026-02-27,2026-03-04,Delivered,8.77
ORD-001357,UPS,21.48,Ground,2026-03-04,2026-03-11,Delivered,33.3
ORD-001358,USPS,17.85,Ground,2026-07-06,2026-07-11,Delivered,17.59
ORD-001359,FedEx,14.96,Standard,2026-06-03,2026-06-11,Delivered,15.02
ORD-001360,UPS,8.97,Standard,2026-05-05,2026-05-10,Delivered,7.22
ORD-001361,UPS,7.61,Ground,2026-05-22,2026-05-25,Delivered,4.39
ORD-001362,UPS,12.8,Ground,2026-05-31,2026-06-07,Delivered,15.2
ORD-001363,FedEx,14.56,Ground,2026-05-22,2026-05-29,Delivered,18.88
ORD-001364,UPS,10.85,Ground,2026-07-28,2026-08-01,Delivered,11.15
ORD-001365,UPS,21.64,2-Day,2026-06-26,2026-06-27,Delivered,17.63
ORD-001366,FedEx,16.35,Ground,2026-04-26,2026-04-29,Delivered,17.92
ORD-001367,UPS,17.21,Ground,2026-07-27,2026-07-31,Delivered,19.7
ORD-001368,USPS,6.84,Ground,2026-05-30,2026-06-04,Delivered,2.8
ORD-001369,FedEx,9.59,Ground,2026-03-19,2026-03-26,Delivered,8.52
ORD-001370,USPS,15.35,Ground,2026-05-07,2026-05-10,Delivered,15.83
ORD-001371,UPS,11.07,Standard,2026-07-21,2026-07-28,Delivered,11.61
ORD-001372,UPS,14.12,Ground,2026-04-30,2026-05-03,Delivered,17.96
ORD-001373,USPS,12.71,Ground,2026-05-13,2026-05-19,Delivered,15.02
ORD-001374,UPS,9.42,2-Day,2026-03-01,2026-03-04,Delivered,1.2
ORD-001375,UPS,25.5,2-Day,2026-06-12,2026-06-15,Delivered,22.82
ORD-001376,FedEx,17.76,2-Day,2026-07-23,2026-07-25,Delivered,7.72
ORD-001377,UPS,10.39,Standard,2026-06-02,2026-06-10,In Transit,5.51
ORD-001378,USPS,16.22,Ground,2026-05-15,2026-05-20,Delivered,22.33
ORD-001379,USPS,13.69,Ground,2026-05-22,2026-05-28,Delivered,17.06
ORD-001380,USPS,19.44,Standard,2026-06-15,2026-06-23,Delivered,24.36
ORD-001381,UPS,11.97,Ground,2026-05-13,2026-05-16,In Transit,13.48
ORD-001382,UPS,9.55,Ground,2026-07-17,2026-07-20,Delivered,8.44
ORD-001383,UPS,11.46,Standard,2026-03-06,2026-03-10,In Transit,12.42
ORD-001384,UPS,7.76,Ground,2026-06-26,2026-07-03,Delivered,4.7
ORD-001385,USPS,7.12,Standard,2026-03-13,2026-03-18,Delivered,3.37
ORD-001386,UPS,8.76,Ground,2026-03-08,2026-03-11,Delivered,6.79
ORD-001387,UPS,19.45,Standard,2026-03-25,2026-03-31,In Transit,29.06
ORD-001388,USPS,11.28,Standard,2026-04-16,2026-04-20,Delivered,7.36
ORD-001389,FedEx,6.57,Ground,2026-07-04,2026-07-10,Delivered,2.22
ORD-001390,FedEx,10.29,Ground,2026-03-30,2026-04-05,Delivered,9.97
ORD-001391,USPS,14.39,Ground,2026-07-30,2026-08-02,Delivered,7.28
ORD-001392,USPS,16.58,Ground,2026-03-22,2026-03-26,In Transit,23.08
ORD-001393,USPS,24.1,Standard,2026-07-11,2026-07-17,Delivered,27.76
ORD-001394,FedEx,9.41,Standard,2026-06-21,2026-06-29,Delivered,8.14
ORD-001395,FedEx,11.97,Standard,2026-04-27,2026-05-04,Delivered,13.47
ORD-001396,UPS,12.34,Standard,2026-02-25,2026-03-01,Delivered,14.26
ORD-001397,UPS,10.69,Ground,2026-05-15,2026-05-20,Delivered,10.81
ORD-001398,USPS,10.02,Ground,2026-03-01,2026-03-07,Delivered,9.42
ORD-001399,UPS,10.25,Ground,2026-05-28,2026-06-04,In Transit,5.2
ORD-001400,FedEx,8.64,Ground,2026-06-27,2026-07-02,In Transit,1.86
ORD-001401,FedEx,7.99,Standard,2026-04-10,2026-04-18,In Transit,5.18
ORD-001402,FedEx,10.55,Standard,2026-02-09,2026-02-17,Delivered,10.53
ORD-001403,USPS,6.95,Ground,2026-05-08,2026-05-12,Delivered,3.02
ORD-001404,FedEx,11.74,Ground,2026-06-02,2026-06-08,Delivered,12.99
ORD-001405,USPS,11.15,Ground,2026-03-30,2026-04-02,Delivered,11.78
ORD-001406,USPS,11.52,Ground,2026-07-19,2026-07-25,Delivered,7.29
ORD-001407,USPS,12.13,Standard,2026-06-11,2026-06-17,Delivered,9.12
ORD-001408,FedEx,7.21,Standard,2026-04-03,2026-04-09,Delivered,3.57
ORD-001409,FedEx,17.1,Ground,2026-04-17,2026-04-22,Delivered,19.47
ORD-001410,FedEx,14.74,Ground,2026-02-09,2026-02-13,In Transit,19.26
ORD-001411,FedEx,7.51,Standard,2026-05-16,2026-05-21,Delivered,4.18
ORD-001412,UPS,9.81,Standard,2026-06-11,2026-06-16,Delivered,4.29
ORD-001414,USPS,12.42,2-Day,2026-02-26,2026-02-27,Delivered,5.24
ORD-001415,UPS,15.6,Standard,2026-02-17,2026-02-23,Delivered,16.36
ORD-001416,FedEx,14.58,Ground,2026-07-09,2026-07-12,Delivered,14.23
ORD-001417,USPS,18.39,Standard,2026-04-24,2026-04-28,Delivered,22.17
ORD-001418,FedEx,19.16,Ground,2026-03-07,2026-03-12,Delivered,23.78
ORD-001419,FedEx,6.82,Ground,2026-06-05,2026-06-08,Delivered,2.75
ORD-001420,FedEx,20.41,2-Day,2026-07-23,2026-07-26,Delivered,15.97
ORD-001421,UPS,16.63,Ground,2026-07-23,2026-07-30,Delivered,23.18
ORD-001422,USPS,12.37,Ground,2026-06-20,2026-06-26,Delivered,8.68
ORD-001423,UPS,13.03,Standard,2026-03-02,2026-03-08,Delivered,11.01
ORD-001424,FedEx,10.22,Standard,2026-05-18,2026-05-25,Delivered,9.83
ORD-001425,USPS,10.38,Ground,2026-03-14,2026-03-18,Delivered,10.16
ORD-001426,UPS,17.08,Ground,2026-06-04,2026-06-10,Delivered,19.43
ORD-001427,FedEx,23.37,Ground,2026-03-14,2026-03-17,Delivered,32.54
ORD-001428,UPS,20.6,Ground,2026-05-10,2026-05-15,Delivered,26.77
ORD-001429,UPS,9.13,Ground,2026-06-11,2026-06-15,Delivered,7.56
ORD-001430,USPS,11.98,Ground,2026-02-12,2026-02-18,Delivered,13.5
ORD-001431,USPS,8.35,Standard,2026-05-16,2026-05-20,Delivered,5.93
ORD-001432,UPS,8.59,Standard,2026-03-27,2026-04-02,Delivered,6.44
ORD-001433,FedEx,10.62,Ground,2026-08-02,2026-08-09,In Transit,10.66
ORD-001434,FedEx,13.21,2-Day,2026-03-18,2026-03-19,Delivered,6.3
ORD-001435,FedEx,8.9,Ground,2026-03-21,2026-03-26,Delivered,7.09
ORD-001436,UPS,11.87,Ground,2026-06-05,2026-06-09,Delivered,13.28
ORD-001437,FedEx,13.09,Ground,2026-04-20,2026-04-24,Delivered,15.82
ORD-001439,UPS,15.2,Ground,2026-02-07,2026-02-13,Delivered,15.53
ORD-001440,FedEx,13.01,Ground,2026-07-07,2026-07-12,Delivered,15.64
ORD-001441,FedEx,7.33,Standard,2026-03-31,2026-04-05,Delivered,3.81
ORD-001442,UPS,10.65,Standard,2026-05-05,2026-05-09,Delivered,6.04
ORD-001443,UPS,13.27,Ground,2026-07-13,2026-07-19,Delivered,11.51
ORD-001444,UPS,18.55,Standard,2026-07-25,2026-07-31,Delivered,22.5
ORD-001445,UPS,28.82,Ground,2026-07-03,2026-07-06,Delivered,43.9
ORD-001446,UPS,12.16,Standard,2026-05-01,2026-05-06,Delivered,13.88
ORD-001447,USPS,14.25,Ground,2026-04-19,2026-04-26,Delivered,18.22
ORD-001448,USPS,14.56,2-Day,2026-02-12,2026-02-14,Delivered,3.42
ORD-001449,USPS,14.09,Ground,2026-02-05,2026-02-08,In Transit,17.89
ORD-001450,USPS,32.51,Ground,2026-06-28,2026-07-05,Delivered,36.76
ORD-001451,FedEx,8.39,Ground,2026-02-23,2026-03-01,Delivered,6.02
ORD-001452,USPS,8.99,Ground,2026-05-16,2026-05-22,Delivered,7.27
ORD-001453,FedEx,15.02,Ground,2026-07-28,2026-08-04,Delivered,19.83
ORD-001454,USPS,13.23,Standard,2026-03-27,2026-03-31,Delivered,11.41
ORD-001455,UPS,8.56,Ground,2026-05-24,2026-05-27,Delivered,1.68
ORD-001456,FedEx,14.19,2-Day,2026-05-04,2026-05-06,Delivered,7.62
ORD-001457,UPS,18.79,Ground,2026-05-21,2026-05-24,Delivered,27.69
ORD-001458,UPS,9.85,Ground,2026-07-13,2026-07-16,Delivered,9.07
ORD-001459,UPS,9.85,Ground,2026-02-06,2026-02-10,Delivered,9.06
ORD-001460,FedEx,26.16,2-Day,2026-07-21,2026-07-24,In Transit,19.01
ORD-001461,FedEx,19.11,2-Day,2026-03-06,2026-03-07,Delivered,14.23
ORD-001462,FedEx,15.0,2-Day,2026-06-11,2026-06-13,Delivered,8.7
ORD-001463,FedEx,8.81,Ground,2026-02-06,2026-02-09,Delivered,6.89
ORD-001464,USPS,42.02,Ground,2026-06-18,2026-06-24,Delivered,56.94
ORD-001465,FedEx,17.41,Ground,2026-03-06,2026-03-13,Delivered,24.82
ORD-001466,UPS,15.25,Standard,2026-07-10,2026-07-18,Delivered,15.63
ORD-001467,FedEx,13.33,Ground,2026-07-22,2026-07-29,Delivered,16.31
ORD-001468,FedEx,12.65,Ground,2026-02-27,2026-03-05,Delivered,10.2
ORD-001469,USPS,12.27,Ground,2026-05-20,2026-05-23,Delivered,14.11
ORD-001470,USPS,10.02,Ground,2026-02-13,2026-02-20,Delivered,9.42
ORD-001471,UPS,8.17,Ground,2026-06-03,2026-06-09,Delivered,5.57
ORD-001472,UPS,12.46,Standard,2026-03-29,2026-04-04,Delivered,14.49
ORD-001473,USPS,12.46,Ground,2026-06-29,2026-07-05,In Transit,8.82
ORD-001474,UPS,14.95,Ground,2026-05-15,2026-05-22,Delivered,15.01
ORD-001475,FedEx,13.64,Ground,2026-06-13,2026-06-18,Delivered,16.95
ORD-001476,UPS,12.96,Ground,2026-07-12,2026-07-18,Delivered,15.55
ORD-001477,UPS,10.24,Ground,2026-06-09,2026-06-12,Delivered,5.19
ORD-001478,USPS,11.65,Standard,2026-04-05,2026-04-09,Delivered,8.12
ORD-001479,UPS,15.18,2-Day,2026-02-20,2026-02-21,In Transit,8.95
ORD-001480,FedEx,17.95,Standard,2026-02-09,2026-02-15,Delivered,21.25
ORD-001481,UPS,23.81,2-Day,2026-03-27,2026-03-28,Delivered,20.54
ORD-001482,UPS,10.79,Ground,2026-06-17,2026-06-24,Delivered,6.33
ORD-001483,FedEx,9.54,Ground,2026-03-09,2026-03-15,Delivered,3.73
ORD-001484,FedEx,27.2,Ground,2026-07-18,2026-07-25,Delivered,45.2
ORD-001485,FedEx,15.02,Ground,2026-06-28,2026-07-03,Delivered,15.14
ORD-001486,UPS,7.07,Ground,2026-03-06,2026-03-12,Delivered,3.28
ORD-001487,UPS,11.2,Ground,2026-04-02,2026-04-06,In Transit,7.18
ORD-001488,USPS,24.77,2-Day,2026-03-17,2026-03-20,Delivered,21.83
ORD-001489,UPS,26.24,Ground,2026-05-15,2026-05-20,Delivered,38.52
ORD-001490,USPS,28.3,Ground,2026-07-21,2026-07-28,Delivered,34.6
ORD-001491,UPS,12.56,Ground,2026-06-24,2026-06-27,Delivered,14.71
ORD-001492,USPS,13.94,Ground,2026-06-29,2026-07-03,Delivered,11.23
ORD-001493,USPS,12.85,Ground,2026-07-05,2026-07-11,Delivered,4.77
ORD-001494,UPS,13.47,Standard,2026-03-01,2026-03-08,Delivered,11.92
ORD-001495,FedEx,8.07,Ground,2026-04-03,2026-04-06,Delivered,5.35
ORD-001496,UPS,11.68,Ground,2026-07-27,2026-08-01,Delivered,8.18
ORD-001497,USPS,19.21,Ground,2026-07-31,2026-08-04,Delivered,19.81
ORD-001498,FedEx,10.0,Ground,2026-03-24,2026-03-31,Delivered,9.38
ORD-001499,FedEx,9.78,Standard,2026-06-22,2026-06-26,Delivered,8.92
ORD-001500,FedEx,20.04,2-Day,2026-03-09,2026-03-11,Delivered,10.79
ORD-001501,UPS,29.19,Ground,2026-03-10,2026-03-13,Delivered,49.35
ORD-001502,UPS,7.58,Standard,2026-06-08,2026-06-15,Delivered,4.33
ORD-001503,FedEx,14.31,Ground,2026-05-08,2026-05-13,Delivered,13.66
ORD-001504,UPS,23.44,Standard,2026-06-11,2026-06-19,Delivered,32.69
ORD-001505,USPS,12.92,Ground,2026-03-09,2026-03-13,Delivered,10.77
ORD-001506,UPS,17.27,Ground,2026-03-13,2026-03-17,Delivered,24.52
ORD-001507,FedEx,9.43,Ground,2026-02-11,2026-02-18,Delivered,3.49
ORD-001508,UPS,10.12,Ground,2026-05-14,2026-05-20,Delivered,9.62
ORD-001509,FedEx,8.3,Ground,2026-05-25,2026-05-30,Delivered,5.84
ORD-001510,UPS,12.88,Ground,2026-05-01,2026-05-05,In Transit,10.69
ORD-001511,UPS,10.71,Ground,2026-07-14,2026-07-18,Delivered,10.85
ORD-001512,USPS,13.36,Standard,2026-05-14,2026-05-18,Delivered,11.68
ORD-001514,UPS,48.91,Standard,2026-02-07,2026-02-13,Delivered,19.69
ORD-001515,FedEx,9.29,2-Day,2026-06-30,2026-07-01,Delivered,1.03
ORD-001516,FedEx,8.83,Ground,2026-07-08,2026-07-12,Delivered,6.93
ORD-001518,UPS,21.7,2-Day,2026-02-19,2026-02-20,Delivered,13.02
ORD-001519,FedEx,6.35,Ground,2026-04-10,2026-04-14,In Transit,1.78
ORD-001520,USPS,17.54,Ground,2026-07-12,2026-07-18,Delivered,17.09
ORD-001521,USPS,8.77,Standard,2026-04-26,2026-05-03,Delivered,6.82
ORD-001522,FedEx,10.18,Ground,2026-07-26,2026-08-02,Delivered,9.75
ORD-001523,UPS,15.23,Ground,2026-06-14,2026-06-20,Delivered,20.28
ORD-001524,USPS,17.62,Standard,2026-05-22,2026-05-28,Delivered,25.24
ORD-001525,FedEx,13.87,Standard,2026-05-19,2026-05-26,Delivered,17.43
ORD-001526,FedEx,9.78,Ground,2026-04-18,2026-04-21,Delivered,4.22
ORD-001527,USPS,24.56,2-Day,2026-06-13,2026-06-15,Delivered,16.86
ORD-001528,UPS,13.96,Ground,2026-03-13,2026-03-20,Delivered,17.62
ORD-001529,UPS,23.46,2-Day,2026-06-10,2026-06-11,Delivered,15.38
ORD-001530,UPS,18.88,Standard,2026-02-16,2026-02-21,Delivered,27.87
ORD-001533,USPS,13.46,Standard,2026-05-06,2026-05-14,Delivered,11.9
ORD-001534,UPS,18.56,Ground,2026-03-06,2026-03-11,Delivered,27.2
ORD-001535,FedEx,20.75,Ground,2026-04-19,2026-04-23,Delivered,27.09
ORD-001536,FedEx,14.12,Ground,2026-03-27,2026-04-02,Delivered,17.95
ORD-001537,UPS,22.29,2-Day,2026-06-04,2026-06-06,Delivered,13.81
ORD-001538,UPS,15.16,Standard,2026-03-08,2026-03-15,Delivered,15.44
ORD-001539,FedEx,20.72,Ground,2026-04-06,2026-04-09,Delivered,31.71
ORD-001540,UPS,16.29,Standard,2026-02-16,2026-02-22,Delivered,22.48
ORD-001541,FedEx,7.75,Ground,2026-05-26,2026-05-29,Delivered,4.69
ORD-001542,USPS,12.6,Standard,2026-06-15,2026-06-20,Delivered,14.79
ORD-001543,USPS,8.18,Ground,2026-05-28,2026-06-02,Delivered,5.59
ORD-001544,FedEx,8.7,Ground,2026-02-15,2026-02-21,Delivered,6.66
ORD-001545,FedEx,11.8,Standard,2026-04-25,2026-04-29,Delivered,8.43
ORD-001546,UPS,7.03,Standard,2026-05-23,2026-05-30,Delivered,3.18
ORD-001547,UPS,10.28,Ground,2026-04-13,2026-04-17,Delivered,5.28
ORD-001548,USPS,19.34,Ground,2026-03-01,2026-03-06,Delivered,28.84
ORD-001549,USPS,10.93,Ground,2026-02-10,2026-02-15,Delivered,6.63
ORD-001550,UPS,26.72,2-Day,2026-02-09,2026-02-10,Delivered,19.77
ORD-001551,FedEx,11.58,Standard,2026-05-30,2026-06-04,Delivered,12.67
ORD-001552,FedEx,20.71,2-Day,2026-04-11,2026-04-13,Delivered,16.38
ORD-001553,FedEx,13.58,Standard,2026-03-31,2026-04-06,Delivered,16.84
ORD-001554,USPS,10.19,Ground,2026-02-20,2026-02-27,Delivered,5.09
ORD-001555,UPS,17.2,Ground,2026-04-24,2026-04-27,In Transit,19.69
ORD-001556,USPS,7.34,Standard,2026-04-06,2026-04-14,Delivered,3.83
ORD-001557,UPS,8.57,Standard,2026-03-23,2026-03-27,Delivered,6.4
ORD-001558,USPS,13.51,Ground,2026-03-31,2026-04-05,Delivered,16.68
ORD-001559,FedEx,7.8,Ground,2026-04-10,2026-04-17,Delivered,4.8
ORD-001560,UPS,8.51,Standard,2026-04-19,2026-04-25,Delivered,1.59
ORD-001561,FedEx,12.37,Ground,2026-06-22,2026-06-26,Delivered,14.32
ORD-001562,UPS,9.02,Ground,2026-05-30,2026-06-04,Delivered,2.65
ORD-001564,UPS,51.82,Ground,2026-07-28,2026-08-01,Delivered,17.74
ORD-001565,UPS,12.02,Ground,2026-04-28,2026-05-01,Delivered,8.9
ORD-001566,USPS,12.31,Standard,2026-04-12,2026-04-17,Delivered,14.18
ORD-001567,UPS,14.47,Ground,2026-03-17,2026-03-21,Delivered,14.0
ORD-001568,UPS,14.44,Ground,2026-06-22,2026-06-27,In Transit,18.62
ORD-001569,USPS,31.57,2-Day,2026-06-25,2026-06-28,Delivered,17.01
ORD-001570,FedEx,7.78,Ground,2026-05-16,2026-05-22,In Transit,4.76
ORD-001571,UPS,12.22,Ground,2026-04-07,2026-04-12,Delivered,9.32
ORD-001572,USPS,12.3,Ground,2026-06-07,2026-06-12,Delivered,14.17
ORD-001573,UPS,28.99,2-Day,2026-03-08,2026-03-09,Delivered,27.51
ORD-001574,UPS,15.96,Ground,2026-02-22,2026-02-27,Delivered,17.11
ORD-001575,UPS,20.23,Ground,2026-07-09,2026-07-14,Delivered,26.01
ORD-001576,UPS,14.8,Ground,2026-04-27,2026-05-01,Delivered,14.68
ORD-001577,USPS,37.03,2-Day,2026-07-02,2026-07-03,Delivered,22.74
ORD-001578,UPS,14.17,Ground,2026-07-31,2026-08-06,Delivered,13.37
ORD-001579,UPS,16.13,Standard,2026-06-23,2026-06-27,Delivered,22.14
ORD-001580,USPS,9.61,Ground,2026-06-06,2026-06-13,Delivered,8.56
ORD-001581,USPS,19.67,Ground,2026-03-17,2026-03-21,Delivered,29.53
ORD-001582,FedEx,13.09,Standard,2026-06-17,2026-06-21,Delivered,15.82
ORD-001583,FedEx,9.29,Ground,2026-05-01,2026-05-04,Delivered,3.2
ORD-001584,USPS,12.46,Ground,2026-03-27,2026-03-30,Delivered,14.49
ORD-001586,FedEx,13.73,Standard,2026-05-12,2026-05-16,Delivered,17.15
ORD-001587,USPS,15.17,Ground,2026-03-04,2026-03-10,Delivered,20.14
ORD-001588,UPS,25.06,Standard,2026-06-22,2026-06-26,Delivered,36.07
ORD-001589,USPS,20.99,Ground,2026-04-15,2026-04-20,Delivered,7.54
ORD-001590,UPS,25.14,Standard,2026-03-28,2026-04-04,Delivered,36.22
ORD-001591,FedEx,10.89,Standard,2026-04-28,2026-05-02,In Transit,11.23
ORD-001592,UPS,10.7,Ground,2026-02-05,2026-02-10,Delivered,6.15
ORD-001593,UPS,9.18,Standard,2026-03-27,2026-04-03,Delivered,7.67
ORD-001594,UPS,13.41,Standard,2026-05-03,2026-05-07,Delivered,16.48
ORD-001595,USPS,10.36,Standard,2026-05-23,2026-05-30,Delivered,5.43
ORD-001596,UPS,9.66,Ground,2026-07-22,2026-07-25,Delivered,8.67
ORD-001597,UPS,12.34,Standard,2026-03-09,2026-03-14,Delivered,14.25
ORD-001598,USPS,19.6,Ground,2026-04-15,2026-04-20,Delivered,29.38
ORD-001599,FedEx,14.98,Standard,2026-04-04,2026-04-08,In Transit,19.76
ORD-001600,FedEx,11.05,Ground,2026-04-25,2026-04-29,Delivered,11.56
ORD-001601,FedEx,15.64,Ground,2026-04-23,2026-04-27,Delivered,16.43
ORD-001602,UPS,14.13,Ground,2026-04-22,2026-04-28,Delivered,13.3
ORD-001603,FedEx,9.75,Ground,2026-07-17,2026-07-20,In Transit,4.17
ORD-001604,FedEx,21.16,Standard,2026-07-29,2026-08-04,Delivered,32.63
ORD-001605,USPS,39.18,2-Day,2026-07-26,2026-07-28,Delivered,29.68
ORD-001606,FedEx,12.84,Ground,2026-05-11,2026-05-15,Delivered,10.6
ORD-001607,UPS,11.54,Ground,2026-04-24,2026-04-28,Delivered,7.89
ORD-001608,USPS,14.96,2-Day,2026-07-19,2026-07-21,Delivered,4.25
ORD-001609,UPS,15.97,Ground,2026-06-28,2026-07-05,Delivered,17.12
ORD-001610,FedEx,13.75,Ground,2026-06-03,2026-06-10,Delivered,17.19
ORD-001611,UPS,8.29,Standard,2026-03-15,2026-03-21,In Transit,5.82
ORD-001612,FedEx,14.19,Ground,2026-05-28,2026-06-03,Delivered,13.41
ORD-001613,FedEx,14.79,Ground,2026-07-10,2026-07-17,Delivered,19.36
ORD-001614,FedEx,14.09,2-Day,2026-07-02,2026-07-04,Delivered,7.48
ORD-001615,FedEx,10.14,Standard,2026-02-20,2026-02-27,Delivered,9.67
ORD-001616,USPS,15.67,2-Day,2026-04-13,2026-04-16,Delivered,9.6
ORD-001617,UPS,10.69,Standard,2026-04-22,2026-04-28,Delivered,6.13
ORD-001618,USPS,10.21,Ground,2026-06-01,2026-06-05,Delivered,9.81
ORD-001619,FedEx,9.05,Ground,2026-02-09,2026-02-12,Delivered,2.7
ORD-001620,UPS,9.93,Standard,2026-04-09,2026-04-14,Delivered,9.23
ORD-001621,FedEx,9.98,Standard,2026-04-24,2026-04-30,Delivered,9.33
ORD-001623,FedEx,19.97,2-Day,2026-05-04,2026-05-05,Delivered,10.7
ORD-001624,UPS,15.24,Ground,2026-02-13,2026-02-17,Delivered,15.61
ORD-001625,UPS,7.4,Ground,2026-07-17,2026-07-23,Delivered,3.95
ORD-001626,UPS,9.98,Ground,2026-04-14,2026-04-17,Delivered,4.65
ORD-001627,UPS,8.38,Standard,2026-07-22,2026-07-28,Delivered,6.0
ORD-001628,USPS,11.19,2-Day,2026-02-10,2026-02-12,Delivered,3.58
ORD-001629,USPS,13.57,Ground,2026-05-02,2026-05-09,Delivered,16.82
ORD-001630,UPS,8.97,Standard,2026-02-10,2026-02-18,Delivered,7.22
ORD-001631,UPS,10.75,Ground,2026-04-05,2026-04-11,Delivered,10.94
ORD-001632,UPS,10.43,Ground,2026-04-02,2026-04-05,Delivered,5.59
ORD-001633,UPS,9.58,Ground,2026-05-18,2026-05-23,Delivered,8.5
ORD-001634,FedEx,12.15,Ground,2026-06-18,2026-06-24,Delivered,13.85
ORD-001635,USPS,14.62,Standard,2026-02-25,2026-03-02,In Transit,14.32
ORD-001636,UPS,7.81,Ground,2026-03-12,2026-03-15,Delivered,4.82
ORD-001637,FedEx,10.56,Ground,2026-04-08,2026-04-11,Delivered,10.55
ORD-001638,FedEx,8.22,Standard,2026-06-23,2026-07-01,Delivered,5.66
ORD-001639,FedEx,12.68,Ground,2026-02-27,2026-03-05,Delivered,10.27
ORD-001640,USPS,11.19,Ground,2026-07-25,2026-07-29,Delivered,6.76
ORD-001641,FedEx,21.79,Standard,2026-07-03,2026-07-09,Delivered,33.94
ORD-001642,UPS,14.76,Standard,2026-02-04,2026-02-12,Delivered,19.29
ORD-001643,USPS,12.58,Standard,2026-03-28,2026-04-03,Delivered,14.75
ORD-001645,FedEx,9.85,Standard,2026-03-02,2026-03-06,Delivered,9.07
ORD-001646,UPS,14.94,Ground,2026-02-07,2026-02-14,Delivered,19.66
ORD-001647,USPS,13.66,Ground,2026-07-23,2026-07-29,Delivered,10.78
ORD-001648,USPS,20.75,Standard,2026-05-30,2026-06-04,Delivered,31.78
ORD-001649,USPS,15.56,Ground,2026-03-19,2026-03-22,Delivered,20.95
ORD-001650,USPS,12.24,Ground,2026-07-04,2026-07-11,Delivered,8.46
ORD-001651,UPS,19.67,Standard,2026-02-14,2026-02-22,Delivered,29.52
ORD-001652,USPS,9.87,Standard,2026-05-02,2026-05-09,Delivered,9.1
ORD-001653,UPS,22.39,Standard,2026-05-27,2026-06-01,Delivered,35.18
ORD-001654,FedEx,20.15,Ground,2026-04-09,2026-04-15,Delivered,30.52
ORD-001655,USPS,18.79,2-Day,2026-05-02,2026-05-03,Delivered,13.8
ORD-001656,USPS,10.61,2-Day,2026-06-16,2026-06-19,Delivered,2.8
ORD-001657,UPS,21.74,2-Day,2026-03-02,2026-03-05,Delivered,13.07
ORD-001658,UPS,7.61,Ground,2026-02-10,2026-02-16,Delivered,4.4
ORD-001660,UPS,8.82,Standard,2026-08-01,2026-08-06,Delivered,6.92
ORD-001661,UPS,9.02,Ground,2026-03-22,2026-03-25,Delivered,7.34
ORD-001662,UPS,7.59,Ground,2026-05-20,2026-05-24,Delivered,4.36
ORD-001663,UPS,11.79,Standard,2026-07-16,2026-07-23,Delivered,13.11
ORD-001664,USPS,10.9,Ground,2026-07-09,2026-07-14,Delivered,6.29
ORD-001665,USPS,10.02,Ground,2026-02-05,2026-02-10,In Transit,9.41
ORD-001666,USPS,11.58,Ground,2026-06-18,2026-06-22,Delivered,7.39
ORD-001667,USPS,16.66,Standard,2026-07-13,2026-07-20,Delivered,15.65
ORD-001668,FedEx,86.95,2-Day,2026-04-24,2026-04-27,Delivered,14.89
ORD-001670,UPS,15.12,2-Day,2026-06-22,2026-06-25,In Transit,8.86
ORD-001671,FedEx,15.52,Standard,2026-07-01,2026-07-08,Delivered,16.18
ORD-001672,USPS,17.31,Ground,2026-05-05,2026-05-10,Delivered,24.6
ORD-001673,USPS,37.12,Standard,2026-07-29,2026-08-04,Delivered,1.32
ORD-001674,UPS,8.89,Standard,2026-06-11,2026-06-19,Delivered,7.06
ORD-001675,UPS,7.97,Standard,2026-02-02,2026-02-06,Delivered,5.14
ORD-001676,UPS,8.65,Standard,2026-07-19,2026-07-26,Delivered,6.57
ORD-001677,UPS,8.25,Ground,2026-06-12,2026-06-18,Delivered,1.05
ORD-001678,UPS,6.1,Ground,2026-06-27,2026-07-02,Delivered,1.26
ORD-001679,FedEx,9.14,Standard,2026-05-14,2026-05-21,In Transit,7.58
ORD-001680,UPS,9.06,Standard,2026-03-21,2026-03-27,Delivered,7.42
ORD-001681,UPS,20.65,Standard,2026-06-30,2026-07-07,Delivered,26.87
ORD-001682,FedEx,11.45,Ground,2026-06-11,2026-06-18,In Transit,12.4
ORD-001683,USPS,13.13,Ground,2026-02-19,2026-02-23,Delivered,15.9
ORD-001684,FedEx,48.1,Ground,2026-02-22,2026-02-25,Delivered,84.06
ORD-001685,UPS,6.14,Ground,2026-06-19,2026-06-22,In Transit,1.33
ORD-001686,USPS,20.92,Standard,2026-02-15,2026-02-22,Delivered,32.12
ORD-001687,FedEx,10.7,Standard,2026-03-14,2026-03-18,Delivered,10.83
ORD-001688,USPS,12.0,Standard,2026-07-21,2026-07-29,In Transit,8.07
ORD-001689,FedEx,8.93,Ground,2026-02-22,2026-02-28,Delivered,7.15
ORD-001690,USPS,14.53,Ground,2026-04-30,2026-05-05,Delivered,14.12
ORD-001691,USPS,9.4,Ground,2026-04-18,2026-04-21,Delivered,8.12
ORD-001692,FedEx,7.54,Standard,2026-06-27,2026-07-02,Delivered,4.26
ORD-001693,USPS,14.0,2-Day,2026-03-14,2026-03-17,Delivered,7.36
ORD-001694,FedEx,19.24,2-Day,2026-03-11,2026-03-13,Delivered,14.4
ORD-001695,FedEx,16.3,Ground,2026-07-10,2026-07-17,Delivered,17.81
ORD-001696,USPS,24.18,Standard,2026-05-11,2026-05-19,Delivered,34.22
ORD-001697,USPS,11.27,Ground,2026-02-08,2026-02-15,Delivered,12.02
ORD-001698,FedEx,27.53,2-Day,2026-03-07,2026-03-09,Delivered,25.54
ORD-001699,UPS,10.15,Ground,2026-06-18,2026-06-22,Delivered,9.68
ORD-001700,FedEx,10.63,Standard,2026-06-14,2026-06-19,Delivered,10.68
ORD-001701,FedEx,10.43,Ground,2026-02-19,2026-02-25,Delivered,10.27
ORD-001702,FedEx,14.01,Ground,2026-04-05,2026-04-12,Delivered,13.05
ORD-001703,UPS,15.07,Ground,2026-03-24,2026-03-28,Delivered,19.94
ORD-001704,FedEx,11.53,Ground,2026-04-08,2026-04-15,Delivered,7.87
ORD-001705,UPS,10.33,Standard,2026-07-17,2026-07-21,Delivered,5.38
ORD-001706,UPS,24.15,2-Day,2026-07-06,2026-07-09,Delivered,21.0
ORD-001707,FedEx,17.36,Standard,2026-07-19,2026-07-23,Delivered,20.03
ORD-001708,UPS,21.25,Ground,2026-07-08,2026-07-11,Delivered,28.13
ORD-001709,USPS,17.18,2-Day,2026-04-12,2026-04-14,Delivered,6.94
ORD-001711,UPS,10.02,Standard,2026-05-25,2026-05-30,In Transit,9.42
ORD-001712,USPS,18.08,Ground,2026-03-25,2026-03-30,Delivered,21.52
ORD-001713,UPS,9.24,Ground,2026-03-03,2026-03-09,Delivered,7.79
ORD-001714,USPS,21.4,2-Day,2026-05-15,2026-05-18,Delivered,17.31
ORD-001715,FedEx,10.16,Ground,2026-07-20,2026-07-23,Delivered,9.71
ORD-001716,USPS,12.25,Ground,2026-04-21,2026-04-27,Delivered,14.07
ORD-001717,FedEx,9.76,Ground,2026-06-26,2026-07-03,Delivered,4.18
ORD-001718,USPS,11.22,Standard,2026-03-12,2026-03-17,Delivered,11.91
ORD-001719,FedEx,30.08,2-Day,2026-04-18,2026-04-20,Delivered,24.28
ORD-001720,UPS,14.55,Ground,2026-03-31,2026-04-04,Delivered,18.86
ORD-001721,USPS,15.75,2-Day,2026-07-06,2026-07-08,Delivered,5.08
ORD-001722,FedEx,21.1,Standard,2026-06-08,2026-06-15,Delivered,32.5
ORD-001723,USPS,21.37,Ground,2026-06-19,2026-06-26,Delivered,23.33
ORD-001724,FedEx,15.26,2-Day,2026-05-18,2026-05-19,Delivered,4.36
ORD-001725,UPS,11.3,Ground,2026-04-26,2026-05-01,Delivered,7.4
ORD-001726,UPS,15.42,2-Day,2026-02-20,2026-02-21,Delivered,4.58
ORD-001727,UPS,12.39,Ground,2026-03-29,2026-04-03,Delivered,14.35
ORD-001728,UPS,8.93,Standard,2026-04-10,2026-04-17,Delivered,7.14
ORD-001730,FedEx,6.32,Standard,2026-06-13,2026-06-17,Delivered,1.7
ORD-001731,UPS,12.86,Ground,2026-02-23,2026-03-02,In Transit,10.65
ORD-001732,FedEx,15.32,Ground,2026-02-26,2026-03-04,Delivered,20.46
ORD-001734,USPS,14.47,Ground,2026-07-02,2026-07-09,Delivered,12.09
ORD-001735,UPS,13.31,Ground,2026-06-29,2026-07-03,Delivered,16.27
ORD-001736,FedEx,11.7,Standard,2026-03-31,2026-04-07,Delivered,12.92
ORD-001737,FedEx,22.17,2-Day,2026-05-05,2026-05-06,Delivered,18.34
ORD-001738,UPS,12.1,Ground,2026-02-28,2026-03-06,In Transit,13.74
ORD-001739,FedEx,10.41,Ground,2026-04-27,2026-05-03,Delivered,10.22
ORD-001740,FedEx,65.74,2-Day,2026-04-04,2026-04-07,Delivered,11.98
ORD-001741,UPS,19.32,Ground,2026-05-10,2026-05-13,In Transit,28.8
ORD-001742,UPS,13.61,Ground,2026-03-24,2026-03-29,In Transit,16.9
ORD-001743,FedEx,15.78,2-Day,2026-06-16,2026-06-19,Delivered,5.07
ORD-001744,FedEx,13.44,Ground,2026-04-27,2026-05-03,Delivered,11.85
ORD-001745,USPS,14.55,Ground,2026-05-31,2026-06-07,Delivered,14.17
ORD-001746,USPS,10.29,Ground,2026-04-25,2026-05-01,In Transit,9.97
ORD-001747,FedEx,13.28,2-Day,2026-07-16,2026-07-17,Delivered,1.71
ORD-001748,USPS,8.15,Standard,2026-02-16,2026-02-22,Delivered,5.52
ORD-001749,USPS,9.41,Ground,2026-02-13,2026-02-19,In Transit,8.14
ORD-001750,UPS,22.25,Ground,2026-03-14,2026-03-19,Delivered,34.9
ORD-001751,UPS,15.28,Ground,2026-05-08,2026-05-12,Delivered,15.68
ORD-001752,USPS,6.8,Ground,2026-04-12,2026-04-18,Delivered,2.7
ORD-001753,FedEx,12.77,Standard,2026-03-12,2026-03-20,Delivered,10.45
ORD-001754,UPS,17.96,Ground,2026-02-05,2026-02-08,Delivered,25.96
ORD-001755,UPS,11.14,Ground,2026-05-20,2026-05-23,Delivered,7.06
ORD-001756,UPS,28.42,2-Day,2026-06-02,2026-06-04,Delivered,22.05
ORD-001757,USPS,25.37,Ground,2026-03-01,2026-03-04,In Transit,2.79
ORD-001758,FedEx,12.38,2-Day,2026-03-13,2026-03-15,Delivered,0.5
ORD-001759,FedEx,17.12,Standard,2026-03-31,2026-04-04,Delivered,24.2
ORD-001760,USPS,11.84,Ground,2026-06-17,2026-06-21,Delivered,7.82
ORD-001761,UPS,9.49,Standard,2026-07-02,2026-07-09,Delivered,8.31
ORD-001762,FedEx,11.66,Ground,2026-03-23,2026-03-29,In Transit,12.83
ORD-001763,UPS,12.84,Ground,2026-06-07,2026-06-11,Delivered,15.3
ORD-001764,USPS,5.83,Standard,2026-03-28,2026-04-01,Delivered,0.68
ORD-001765,UPS,8.68,Ground,2026-04-29,2026-05-02,Delivered,6.62
ORD-001766,FedEx,11.11,Ground,2026-07-23,2026-07-30,Delivered,11.69
ORD-001767,USPS,15.08,Ground,2026-02-09,2026-02-14,Delivered,15.28
ORD-001768,FedEx,10.16,Standard,2026-04-20,2026-04-27,Delivered,5.02
ORD-001769,FedEx,12.35,Ground,2026-06-13,2026-06-17,Delivered,9.59
ORD-001770,UPS,8.88,Ground,2026-02-08,2026-02-15,Delivered,7.05
ORD-001771,USPS,14.06,Ground,2026-02-16,2026-02-19,Delivered,13.14
ORD-001772,USPS,16.85,Ground,2026-02-27,2026-03-04,In Transit,23.64
ORD-001773,UPS,9.66,Ground,2026-06-20,2026-06-23,In Transit,8.66
ORD-001774,USPS,9.33,Ground,2026-04-21,2026-04-24,Delivered,3.3
ORD-001775,USPS,8.54,Ground,2026-04-21,2026-04-24,Delivered,6.33
ORD-001776,UPS,21.0,Ground,2026-02-21,2026-02-25,Delivered,32.29
ORD-001777,USPS,10.41,Ground,2026-04-05,2026-04-12,Delivered,5.54
ORD-001778,USPS,7.4,Ground,2026-03-31,2026-04-04,Delivered,3.95
ORD-001779,USPS,9.46,Standard,2026-03-15,2026-03-23,Delivered,8.26
ORD-001780,FedEx,10.52,Ground,2026-06-18,2026-06-21,Delivered,10.45
ORD-001782,UPS,11.3,Ground,2026-02-12,2026-02-18,Delivered,7.4
ORD-001783,FedEx,9.1,Ground,2026-07-29,2026-08-03,Delivered,2.81
ORD-001784,FedEx,22.47,2-Day,2026-07-06,2026-07-09,In Transit,14.05
ORD-001785,USPS,18.31,2-Day,2026-02-18,2026-02-19,Delivered,13.15
ORD-001786,UPS,14.09,Ground,2026-06-15,2026-06-21,Delivered,17.89
ORD-001787,USPS,11.71,Ground,2026-06-06,2026-06-13,Delivered,12.94
ORD-001788,USPS,22.44,Ground,2026-06-07,2026-06-14,Delivered,30.61
ORD-001789,FedEx,14.54,Ground,2026-07-09,2026-07-15,Delivered,18.83
ORD-001790,FedEx,24.19,2-Day,2026-04-05,2026-04-08,Delivered,16.37
ORD-001791,USPS,17.12,Ground,2026-05-01,2026-05-08,Delivered,24.21
ORD-001792,FedEx,11.45,Ground,2026-07-14,2026-07-21,Delivered,12.39
ORD-001793,FedEx,10.18,Standard,2026-04-29,2026-05-07,In Transit,9.74
ORD-001794,FedEx,14.44,Ground,2026-07-28,2026-08-02,Delivered,13.94
ORD-001795,USPS,12.45,2-Day,2026-07-14,2026-07-15,Delivered,1.61
ORD-001796,FedEx,13.71,Ground,2026-05-16,2026-05-22,Delivered,12.42
ORD-001797,FedEx,10.51,Ground,2026-06-22,2026-06-25,Delivered,10.44
ORD-001798,UPS,12.7,Ground,2026-07-18,2026-07-22,Delivered,15.0
ORD-001799,UPS,16.1,Ground,2026-06-08,2026-06-15,Delivered,22.09
ORD-001800,FedEx,13.52,Ground,2026-03-02,2026-03-08,Delivered,16.7
ORD-001801,FedEx,8.55,Standard,2026-03-21,2026-03-26,Delivered,6.35
ORD-001802,USPS,14.99,Ground,2026-05-18,2026-05-22,Delivered,19.78
ORD-001803,USPS,20.33,Standard,2026-04-19,2026-04-25,Delivered,30.89
ORD-001804,USPS,16.29,Standard,2026-03-13,2026-03-19,Delivered,22.47
ORD-001805,FedEx,7.22,Standard,2026-04-03,2026-04-11,Delivered,3.59
ORD-001806,UPS,15.71,Standard,2026-06-06,2026-06-10,Delivered,16.58
ORD-001807,FedEx,9.73,Ground,2026-07-02,2026-07-09,Delivered,4.12
ORD-001808,USPS,9.84,Standard,2026-05-07,2026-05-13,Delivered,9.04
ORD-001809,UPS,12.56,Standard,2026-05-07,2026-05-15,Delivered,14.7
ORD-001810,USPS,28.13,2-Day,2026-06-30,2026-07-02,In Transit,13.39
ORD-001811,FedEx,18.4,Ground,2026-07-06,2026-07-11,Delivered,22.18
ORD-001812,USPS,35.07,2-Day,2026-04-13,2026-04-14,Delivered,30.99
ORD-001813,UPS,13.05,Ground,2026-03-17,2026-03-21,Delivered,15.73
ORD-001814,UPS,11.83,Ground,2026-02-18,2026-02-23,Delivered,8.51
ORD-001815,UPS,13.28,2-Day,2026-07-07,2026-07-09,Delivered,1.71
ORD-001816,USPS,22.93,Ground,2026-06-19,2026-06-26,Delivered,25.86
ORD-001817,UPS,12.78,Ground,2026-06-21,2026-06-28,In Transit,10.48
ORD-001818,UPS,12.98,Ground,2026-07-02,2026-07-07,Delivered,10.89
ORD-001820,UPS,11.04,Ground,2026-03-06,2026-03-09,Delivered,11.54
ORD-001821,UPS,12.82,Ground,2026-05-13,2026-05-20,Delivered,15.24
ORD-001822,USPS,12.96,Ground,2026-04-09,2026-04-12,Delivered,15.55
ORD-001823,UPS,9.89,Ground,2026-05-01,2026-05-04,Delivered,9.15
ORD-001825,UPS,10.5,Ground,2026-02-10,2026-02-13,Delivered,10.41
ORD-001826,FedEx,8.84,Ground,2026-06-11,2026-06-16,Delivered,6.95
ORD-001827,FedEx,8.54,Standard,2026-06-29,2026-07-06,In Transit,6.34
ORD-001828,UPS,10.78,Standard,2026-05-28,2026-06-05,Delivered,6.32
ORD-001829,FedEx,12.7,Ground,2026-04-23,2026-04-28,Delivered,10.32
ORD-001830,UPS,10.31,Ground,2026-03-26,2026-03-30,Delivered,5.34
ORD-001831,UPS,5.74,Standard,2026-05-12,2026-05-17,Delivered,0.5
ORD-001832,UPS,9.53,Ground,2026-06-09,2026-06-16,Delivered,8.4
ORD-001833,FedEx,9.58,Ground,2026-07-21,2026-07-27,Delivered,3.81
ORD-001834,UPS,17.54,2-Day,2026-06-16,2026-06-19,Delivered,12.12
ORD-001835,FedEx,11.08,Standard,2026-03-10,2026-03-14,Delivered,6.93
ORD-001836,USPS,23.45,2-Day,2026-02-08,2026-02-10,Delivered,15.37
ORD-001837,USPS,7.49,Ground,2026-04-19,2026-04-26,Delivered,4.15
ORD-001838,FedEx,6.51,Ground,2026-07-02,2026-07-06,Delivered,2.1
ORD-001839,USPS,10.51,Ground,2026-04-21,2026-04-28,Delivered,10.43
ORD-001840,FedEx,9.4,Ground,2026-06-13,2026-06-18,Delivered,8.12
ORD-001841,FedEx,7.18,Ground,2026-03-23,2026-03-26,Delivered,3.5
ORD-001842,USPS,14.54,Standard,2026-02-08,2026-02-14,Delivered,18.84
ORD-001844,USPS,12.12,2-Day,2026-05-18,2026-05-21,Delivered,4.83
ORD-001845,FedEx,10.67,Ground,2026-07-01,2026-07-07,Delivered,6.09
ORD-001846,UPS,15.7,Standard,2026-05-20,2026-05-24,Delivered,21.25
ORD-001847,USPS,13.17,Standard,2026-06-07,2026-06-11,Delivered,15.98
ORD-001848,UPS,11.78,2-Day,2026-07-29,2026-07-31,Delivered,4.37
ORD-001849,FedEx,9.68,Ground,2026-04-29,2026-05-03,Delivered,8.7
ORD-001850,FedEx,7.41,Standard,2026-04-19,2026-04-26,Delivered,3.98
ORD-001851,USPS,17.47,Ground,2026-02-24,2026-03-02,Delivered,20.24
ORD-001852,UPS,15.21,Standard,2026-04-04,2026-04-12,Delivered,20.23
ORD-001853,USPS,21.77,Ground,2026-05-07,2026-05-12,Delivered,33.89
ORD-001854,FedEx,25.78,Ground,2026-03-24,2026-03-31,Delivered,42.25
ORD-001855,UPS,8.79,Ground,2026-04-08,2026-04-12,Delivered,6.86
ORD-001856,FedEx,14.2,Standard,2026-04-20,2026-04-24,Delivered,18.12
ORD-001857,UPS,8.6,Ground,2026-05-25,2026-06-01,Delivered,1.77
ORD-001858,UPS,11.64,Standard,2026-02-19,2026-02-23,Delivered,12.79
ORD-001859,USPS,12.73,Ground,2026-04-26,2026-04-30,Delivered,15.06
ORD-001860,UPS,10.18,Ground,2026-05-15,2026-05-19,Delivered,5.07
ORD-001861,UPS,16.86,2-Day,2026-07-18,2026-07-21,Delivered,6.52
ORD-001862,FedEx,17.5,Ground,2026-04-06,2026-04-11,Delivered,20.32
ORD-001863,USPS,12.85,Ground,2026-03-14,2026-03-20,Delivered,15.32
ORD-001864,FedEx,20.47,Ground,2026-05-13,2026-05-19,Delivered,31.18
ORD-001865,USPS,21.62,Ground,2026-06-02,2026-06-05,In Transit,28.9
ORD-001866,USPS,6.64,Ground,2026-03-27,2026-03-31,Delivered,2.37
ORD-001867,UPS,11.32,Standard,2026-05-06,2026-05-12,Delivered,7.43
ORD-001868,UPS,9.96,Ground,2026-06-29,2026-07-04,Delivered,4.61
ORD-001869,FedEx,16.69,Ground,2026-05-20,2026-05-24,Delivered,18.63
ORD-001870,USPS,15.45,Ground,2026-07-14,2026-07-18,Delivered,13.69
ORD-001871,UPS,10.1,Standard,2026-05-25,2026-05-29,Delivered,4.9
ORD-001872,UPS,8.18,Ground,2026-07-29,2026-08-04,Delivered,5.59
ORD-001873,FedEx,19.69,Ground,2026-06-03,2026-06-09,Delivered,24.88
ORD-001874,UPS,9.39,Standard,2026-06-18,2026-06-26,Delivered,8.11
ORD-001875,FedEx,6.2,Ground,2026-02-16,2026-02-23,Delivered,1.45
ORD-001876,UPS,9.92,Standard,2026-04-24,2026-04-30,Delivered,4.52
ORD-001877,FedEx,22.45,Ground,2026-08-03,2026-08-06,In Transit,35.31
ORD-001878,FedEx,18.14,Standard,2026-03-07,2026-03-12,Delivered,21.65
ORD-001879,FedEx,9.55,Standard,2026-07-31,2026-08-06,Delivered,3.74
ORD-001880,UPS,18.03,2-Day,2026-02-15,2026-02-18,Delivered,12.78
ORD-001881,USPS,15.47,Ground,2026-05-07,2026-05-13,Delivered,20.78
ORD-001882,FedEx,6.62,Ground,2026-06-29,2026-07-03,Delivered,2.33
ORD-001884,USPS,16.21,Ground,2026-04-28,2026-05-02,In Transit,22.31
ORD-001885,UPS,12.81,Ground,2026-07-11,2026-07-14,Delivered,15.22
ORD-001886,UPS,8.48,Ground,2026-06-15,2026-06-22,Delivered,6.2
ORD-001887,USPS,13.62,Ground,2026-04-10,2026-04-13,Delivered,16.91
ORD-001888,FedEx,14.39,Standard,2026-02-24,2026-03-02,In Transit,13.83
ORD-001889,UPS,12.46,Ground,2026-04-23,2026-04-30,Delivered,14.49
ORD-001891,USPS,11.48,Ground,2026-05-03,2026-05-07,Delivered,12.46
ORD-001892,FedEx,8.1,Ground,2026-02-26,2026-03-02,In Transit,5.42
ORD-001893,UPS,10.78,Ground,2026-03-04,2026-03-09,Delivered,6.32
ORD-001894,UPS,9.99,Ground,2026-02-24,2026-02-27,In Transit,9.36
ORD-001895,FedEx,11.06,Ground,2026-07-13,2026-07-18,Delivered,11.58
ORD-001896,UPS,13.94,Standard,2026-02-19,2026-02-25,Delivered,17.59
ORD-001897,FedEx,22.7,Standard,2026-02-05,2026-02-12,Delivered,35.84
ORD-001899,USPS,18.04,Ground,2026-07-27,2026-07-31,Delivered,13.21
ORD-001901,FedEx,16.09,Ground,2026-03-21,2026-03-27,Delivered,17.38
ORD-001902,FedEx,15.14,Standard,2026-05-19,2026-05-26,Delivered,20.09
ORD-001903,FedEx,14.24,Standard,2026-07-22,2026-07-27,Delivered,18.21
ORD-001904,USPS,12.42,2-Day,2026-02-19,2026-02-22,Delivered,5.24
ORD-001906,UPS,18.17,Standard,2026-02-21,2026-02-26,Delivered,26.39
ORD-001908,FedEx,26.22,2-Day,2026-05-04,2026-05-06,Delivered,23.79
ORD-001909,UPS,13.67,Standard,2026-06-01,2026-06-06,Delivered,12.34
ORD-001910,UPS,12.63,2-Day,2026-04-27,2026-04-30,Delivered,5.52
ORD-001911,UPS,11.0,Standard,2026-03-21,2026-03-27,Delivered,11.45
ORD-001912,USPS,13.99,2-Day,2026-03-27,2026-03-30,Delivered,2.66
ORD-001913,USPS,19.23,Ground,2026-06-06,2026-06-12,Delivered,28.6
ORD-001914,FedEx,11.01,Ground,2026-05-05,2026-05-10,Delivered,6.8
ORD-001915,FedEx,9.82,Ground,2026-06-11,2026-06-16,Delivered,9.0
ORD-001916,UPS,20.86,Ground,2026-07-29,2026-08-05,Delivered,27.32
ORD-001918,USPS,17.63,Ground,2026-03-27,2026-03-30,Delivered,25.27
ORD-001919,FedEx,12.32,Ground,2026-06-05,2026-06-09,Delivered,14.21
ORD-001920,UPS,20.54,Ground,2026-04-26,2026-04-30,Delivered,31.33
ORD-001921,UPS,15.81,2-Day,2026-04-09,2026-04-12,Delivered,5.1
ORD-001922,FedEx,12.32,Ground,2026-07-12,2026-07-19,Delivered,14.21
ORD-001923,UPS,7.97,Standard,2026-02-21,2026-02-25,In Transit,5.14
ORD-001924,UPS,25.53,2-Day,2026-02-17,2026-02-20,Delivered,22.86
ORD-001925,UPS,16.23,Ground,2026-04-15,2026-04-20,Delivered,22.35
ORD-001926,FedEx,21.21,Ground,2026-03-24,2026-03-29,Delivered,32.73
ORD-001927,UPS,10.88,Ground,2026-06-14,2026-06-17,Delivered,11.2
ORD-001928,UPS,26.22,Ground,2026-03-12,2026-03-15,Delivered,38.48
ORD-001929,FedEx,10.04,Ground,2026-03-14,2026-03-20,Delivered,4.77
ORD-001930,USPS,10.66,Standard,2026-05-30,2026-06-05,Delivered,10.76
ORD-001931,UPS,7.86,Standard,2026-03-05,2026-03-12,Delivered,4.92
ORD-001932,FedEx,11.69,Standard,2026-02-09,2026-02-17,Delivered,12.89
ORD-001933,FedEx,10.29,Ground,2026-04-16,2026-04-23,Delivered,5.3
ORD-001934,USPS,18.74,Ground,2026-06-09,2026-06-16,Delivered,22.9
ORD-001935,UPS,20.1,2-Day,2026-05-06,2026-05-08,Delivered,15.56
ORD-001936,USPS,12.64,Ground,2026-06-17,2026-06-23,Delivered,4.42
ORD-001937,FedEx,14.87,Standard,2026-03-14,2026-03-22,Delivered,19.53
ORD-001938,FedEx,19.87,Ground,2026-02-18,2026-02-21,Delivered,29.94
ORD-001939,UPS,13.47,Ground,2026-03-12,2026-03-19,Delivered,16.6
ORD-001940,UPS,7.09,Ground,2026-06-11,2026-06-16,Delivered,3.32
ORD-001941,FedEx,12.56,Ground,2026-04-04,2026-04-10,Delivered,10.02
ORD-001942,USPS,16.41,Standard,2026-03-16,2026-03-24,Delivered,18.04
ORD-001943,FedEx,12.23,Standard,2026-05-10,2026-05-17,Delivered,9.33
ORD-001944,UPS,10.02,Ground,2026-04-10,2026-04-15,Delivered,4.72
ORD-001945,UPS,26.83,2-Day,2026-05-19,2026-05-20,Delivered,24.61
ORD-001946,UPS,9.83,Ground,2026-06-30,2026-07-06,Delivered,9.03
ORD-001947,FedEx,30.81,2-Day,2026-06-01,2026-06-03,Delivered,29.95
ORD-001948,UPS,9.08,Standard,2026-04-25,2026-04-29,In Transit,7.46
ORD-001949,USPS,11.89,Ground,2026-04-28,2026-05-02,Delivered,8.63
ORD-001950,FedEx,8.86,Ground,2026-07-25,2026-08-01,Delivered,7.0
ORD-001951,FedEx,12.5,Ground,2026-02-06,2026-02-09,Delivered,9.9
ORD-001953,UPS,12.89,Standard,2026-07-22,2026-07-28,Delivered,15.39
ORD-001954,FedEx,7.87,Ground,2026-03-27,2026-04-02,Delivered,4.94
ORD-001955,FedEx,7.5,Standard,2026-03-21,2026-03-25,Delivered,4.16
ORD-001956,UPS,10.22,2-Day,2026-04-13,2026-04-14,Delivered,2.28
ORD-001957,USPS,8.71,Ground,2026-05-12,2026-05-18,In Transit,1.99
ORD-001958,FedEx,7.11,Ground,2026-02-15,2026-02-21,In Transit,3.36
ORD-001959,USPS,9.06,Standard,2026-04-14,2026-04-20,In Transit,7.42
ORD-001960,UPS,13.86,Ground,2026-07-18,2026-07-21,In Transit,12.72
ORD-001961,UPS,12.61,Ground,2026-02-16,2026-02-22,Delivered,14.81
ORD-001962,USPS,11.41,Standard,2026-05-11,2026-05-18,Delivered,12.31
ORD-001963,USPS,29.21,2-Day,2026-05-11,2026-05-13,Delivered,27.8
ORD-001964,UPS,21.58,Ground,2026-06-22,2026-06-29,Delivered,33.51
ORD-001965,UPS,9.85,Standard,2026-07-20,2026-07-26,In Transit,9.06
ORD-001966,FedEx,7.9,Standard,2026-07-12,2026-07-17,Delivered,5.01
ORD-001967,USPS,24.69,Ground,2026-03-26,2026-03-31,In Transit,39.97
ORD-001968,FedEx,17.05,Standard,2026-06-15,2026-06-23,Delivered,24.07
ORD-001969,USPS,18.76,Standard,2026-05-01,2026-05-05,In Transit,22.93
ORD-001970,USPS,8.95,Ground,2026-05-16,2026-05-19,Delivered,7.18
ORD-001971,FedEx,15.03,Standard,2026-05-29,2026-06-02,Delivered,19.85
ORD-001972,UPS,17.74,2-Day,2026-03-04,2026-03-07,Delivered,12.38
ORD-001973,UPS,10.59,Ground,2026-03-29,2026-04-04,In Transit,10.6
ORD-001974,FedEx,19.89,2-Day,2026-03-24,2026-03-27,Delivered,10.59
ORD-001975,USPS,19.68,Ground,2026-07-22,2026-07-25,Delivered,15.88
ORD-001976,UPS,19.12,Ground,2026-07-03,2026-07-08,Delivered,28.38
ORD-001977,FedEx,27.93,Ground,2026-05-05,2026-05-12,In Transit,42.05
ORD-001979,FedEx,9.44,Ground,2026-06-07,2026-06-11,Delivered,8.2
ORD-001980,FedEx,11.68,Standard,2026-07-15,2026-07-23,Delivered,12.88
ORD-001981,UPS,12.75,Standard,2026-04-23,2026-04-30,Delivered,10.41
ORD-001982,USPS,19.24,Ground,2026-07-05,2026-07-11,Delivered,15.17
ORD-001983,UPS,10.05,Ground,2026-07-31,2026-08-05,Delivered,9.47
ORD-001984,FedEx,8.63,Standard,2026-06-14,2026-06-18,Delivered,6.53
ORD-001985,UPS,11.69,Ground,2026-03-03,2026-03-07,Delivered,8.21
ORD-001986,FedEx,13.93,2-Day,2026-07-22,2026-07-23,Delivered,7.27
ORD-001987,FedEx,15.99,2-Day,2026-06-10,2026-06-13,Delivered,10.04
ORD-001988,FedEx,11.2,2-Day,2026-07-06,2026-07-08,Delivered,3.59
ORD-001989,UPS,9.04,Standard,2026-07-31,2026-08-04,Delivered,7.38
ORD-001990,FedEx,12.73,Ground,2026-02-21,2026-02-24,Delivered,15.07
ORD-001991,USPS,12.7,Ground,2026-03-09,2026-03-12,Delivered,14.99
ORD-001993,USPS,18.49,2-Day,2026-02-12,2026-02-15,Delivered,13.4
ORD-001994,UPS,18.37,Ground,2026-02-05,2026-02-10,Delivered,26.82
ORD-001995,FedEx,15.18,Standard,2026-04-08,2026-04-15,Delivered,15.48
ORD-001996,FedEx,18.1,Standard,2026-05-14,2026-05-21,In Transit,26.26
ORD-001997,FedEx,27.94,Ground,2026-03-11,2026-03-16,Delivered,42.06
ORD-001998,UPS,15.19,Ground,2026-05-18,2026-05-23,Delivered,20.18
ORD-001999,FedEx,9.48,Standard,2026-04-27,2026-05-03,Delivered,3.61
ORD-002000,UPS,12.11,Ground,2026-03-31,2026-04-05,Delivered,13.77
ORD-002001,UPS,11.45,Ground,2026-07-17,2026-07-21,Delivered,12.4
ORD-002002,FedEx,19.86,Ground,2026-02-20,2026-02-23,Delivered,29.92
ORD-002003,USPS,10.45,Standard,2026-04-15,2026-04-19,Delivered,10.31
ORD-002004,UPS,8.29,Ground,2026-04-24,2026-04-28,Delivered,5.81
ORD-002005,USPS,14.66,Standard,2026-06-28,2026-07-05,Delivered,7.72
ORD-002006,UPS,7.3,Ground,2026-06-08,2026-06-14,Delivered,3.74
ORD-002007,FedEx,5.74,Ground,2026-04-18,2026-04-23,Delivered,0.5
ORD-002008,USPS,23.68,Ground,2026-04-21,2026-04-24,Delivered,37.87
ORD-002009,UPS,10.95,Ground,2026-03-24,2026-03-27,Delivered,11.35
ORD-002010,UPS,15.05,2-Day,2026-05-07,2026-05-08,Delivered,4.08
ORD-002011,UPS,20.69,Ground,2026-04-18,2026-04-25,In Transit,31.64
ORD-002012,UPS,24.58,Ground,2026-06-11,2026-06-15,Delivered,35.06
ORD-002014,UPS,21.46,2-Day,2026-03-22,2026-03-25,Delivered,12.7
ORD-002015,FedEx,9.4,Ground,2026-06-15,2026-06-20,Delivered,3.43
ORD-002016,FedEx,9.28,Standard,2026-06-05,2026-06-12,Delivered,7.87
ORD-002017,USPS,10.06,Ground,2026-02-14,2026-02-21,Delivered,9.5
ORD-002018,UPS,11.08,Standard,2026-07-27,2026-08-04,Delivered,11.63
ORD-002019,UPS,9.94,Ground,2026-04-15,2026-04-22,Delivered,4.56
ORD-002020,USPS,15.71,Standard,2026-05-03,2026-05-09,Delivered,21.28
ORD-002021,USPS,6.12,Standard,2026-05-14,2026-05-18,Delivered,1.29
ORD-002022,FedEx,19.06,Standard,2026-04-13,2026-04-18,Delivered,23.57
ORD-002023,FedEx,18.38,Standard,2026-03-21,2026-03-25,Delivered,26.84
ORD-002024,UPS,11.83,Ground,2026-05-14,2026-05-17,In Transit,8.49
ORD-002025,USPS,10.63,Standard,2026-05-14,2026-05-21,Delivered,10.68
ORD-002026,FedEx,33.6,2-Day,2026-05-27,2026-05-30,Delivered,29.01
ORD-002027,USPS,17.84,Standard,2026-07-10,2026-07-14,Delivered,17.58
ORD-002028,FedEx,9.69,Standard,2026-05-17,2026-05-25,Delivered,8.73
ORD-002029,FedEx,12.33,Standard,2026-07-06,2026-07-11,Delivered,9.54
ORD-002030,USPS,15.4,Ground,2026-02-09,2026-02-15,Delivered,15.94
ORD-002031,USPS,22.65,Ground,2026-02-27,2026-03-04,Delivered,35.73
ORD-002032,FedEx,10.18,Standard,2026-03-31,2026-04-04,Delivered,9.76
ORD-002033,USPS,9.59,Ground,2026-05-08,2026-05-14,Delivered,8.52
ORD-002034,UPS,11.05,Ground,2026-04-10,2026-04-13,Delivered,11.57
ORD-002035,UPS,17.17,2-Day,2026-03-24,2026-03-27,Delivered,11.62
ORD-002036,USPS,15.68,Ground,2026-07-21,2026-07-26,In Transit,14.06
ORD-002037,FedEx,10.64,Ground,2026-05-22,2026-05-29,In Transit,10.71
ORD-002038,USPS,17.25,Ground,2026-03-02,2026-03-05,Delivered,24.48
ORD-002039,UPS,8.11,Ground,2026-03-19,2026-03-22,Delivered,5.44
ORD-002040,FedEx,15.03,Ground,2026-06-15,2026-06-21,Delivered,15.16
ORD-002041,FedEx,12.97,Ground,2026-03-09,2026-03-12,Delivered,15.57
ORD-002042,FedEx,8.31,Ground,2026-03-02,2026-03-09,Delivered,5.86
ORD-002043,USPS,14.97,Ground,2026-04-16,2026-04-19,Delivered,15.05
ORD-002044,USPS,16.78,Standard,2026-06-17,2026-06-22,Delivered,15.85
ORD-002045,FedEx,8.07,Ground,2026-05-18,2026-05-25,Delivered,0.67
ORD-002046,USPS,7.9,Ground,2026-03-29,2026-04-02,In Transit,5.0
ORD-002047,USPS,31.27,2-Day,2026-04-22,2026-04-24,Delivered,30.57
ORD-002048,USPS,8.9,Ground,2026-03-11,2026-03-18,Delivered,7.08
ORD-002049,UPS,9.7,Ground,2026-03-12,2026-03-16,Delivered,4.07
ORD-002050,FedEx,8.66,Ground,2026-03-29,2026-04-05,Delivered,1.9
ORD-002051,FedEx,7.71,Ground,2026-04-18,2026-04-21,Delivered,4.6
ORD-002052,UPS,12.73,Ground,2026-04-19,2026-04-22,Delivered,10.37
ORD-002053,UPS,11.35,2-Day,2026-05-05,2026-05-06,Delivered,3.8
ORD-002054,FedEx,16.27,Ground,2026-06-25,2026-07-01,Delivered,17.74
ORD-002055,USPS,10.59,Ground,2026-07-09,2026-07-13,Delivered,5.77
ORD-002056,FedEx,12.29,Standard,2026-05-27,2026-05-31,Delivered,14.14
ORD-002057,UPS,21.09,Ground,2026-06-14,2026-06-19,Delivered,27.8
ORD-002058,FedEx,18.32,Ground,2026-07-14,2026-07-17,Delivered,26.7
ORD-002059,USPS,14.46,Ground,2026-02-12,2026-02-18,Delivered,13.97
ORD-002061,UPS,9.83,Ground,2026-02-12,2026-02-16,Delivered,4.34
ORD-002062,UPS,16.64,2-Day,2026-06-08,2026-06-09,In Transit,10.91
ORD-002063,FedEx,12.36,Standard,2026-06-04,2026-06-10,Delivered,14.29
ORD-002064,FedEx,28.05,Standard,2026-07-23,2026-07-30,Delivered,46.98
ORD-002065,USPS,11.07,Ground,2026-07-06,2026-07-11,In Transit,1.87
ORD-002066,UPS,13.0,Standard,2026-04-20,2026-04-25,Delivered,10.94
ORD-002067,UPS,13.81,Ground,2026-03-04,2026-03-08,In Transit,17.31
ORD-002068,UPS,13.63,Ground,2026-03-15,2026-03-21,Delivered,12.24
ORD-002069,USPS,14.1,Ground,2026-04-19,2026-04-24,Delivered,13.22
ORD-002070,UPS,16.53,2-Day,2026-02-19,2026-02-20,Delivered,6.07
ORD-002072,USPS,15.6,Ground,2026-05-23,2026-05-29,Delivered,21.04
ORD-002073,UPS,11.08,Ground,2026-05-12,2026-05-18,Delivered,11.63
ORD-002074,UPS,11.83,Standard,2026-02-26,2026-03-05,Delivered,13.18
ORD-002075,UPS,16.31,Ground,2026-02-12,2026-02-19,Delivered,22.52
ORD-002076,FedEx,9.79,Ground,2026-06-29,2026-07-05,Delivered,8.93
ORD-002077,FedEx,17.86,Ground,2026-02-13,2026-02-16,Delivered,25.76
ORD-002078,USPS,7.27,Standard,2026-03-02,2026-03-08,In Transit,3.68
ORD-002079,UPS,18.73,2-Day,2026-06-02,2026-06-05,Delivered,13.72
ORD-002080,UPS,23.15,Ground,2026-07-28,2026-08-01,Delivered,5.76
ORD-002081,UPS,15.39,2-Day,2026-06-12,2026-06-15,In Transit,4.54
ORD-002082,UPS,22.53,Ground,2026-04-24,2026-04-27,Delivered,35.47
ORD-002083,USPS,7.36,Ground,2026-03-05,2026-03-11,Delivered,3.87
ORD-002084,USPS,11.16,Ground,2026-04-24,2026-04-30,Delivered,11.79
ORD-002085,FedEx,7.22,Standard,2026-06-25,2026-07-03,Delivered,3.59
ORD-002086,UPS,17.38,Ground,2026-05-16,2026-05-20,Delivered,24.74
ORD-002087,UPS,9.46,Standard,2026-06-12,2026-06-17,In Transit,8.26
ORD-002088,FedEx,16.27,Ground,2026-05-24,2026-05-30,Delivered,22.44
ORD-002089,USPS,15.87,Standard,2026-03-19,2026-03-27,Delivered,16.92
ORD-002090,USPS,25.99,Ground,2026-04-04,2026-04-09,Delivered,42.69
ORD-002091,UPS,9.15,Ground,2026-02-04,2026-02-07,In Transit,2.92
ORD-002092,USPS,12.22,2-Day,2026-06-12,2026-06-14,Delivered,4.97
ORD-002093,FedEx,18.14,Standard,2026-05-14,2026-05-19,Delivered,21.65
ORD-002094,UPS,22.57,2-Day,2026-02-12,2026-02-13,Delivered,14.19
ORD-002096,UPS,10.03,Ground,2026-05-31,2026-06-05,Delivered,9.44
ORD-002097,FedEx,23.65,Ground,2026-04-20,2026-04-26,In Transit,37.81
ORD-002098,FedEx,13.13,Standard,2026-02-03,2026-02-09,Delivered,11.21
ORD-002099,UPS,10.61,Standard,2026-02-21,2026-02-25,In Transit,5.95
ORD-002100,UPS,18.61,Ground,2026-07-15,2026-07-22,Delivered,22.62
ORD-002101,FedEx,13.26,Ground,2026-06-23,2026-06-26,Delivered,11.48
ORD-002102,FedEx,11.33,Ground,2026-06-23,2026-06-30,Delivered,12.14
ORD-002103,UPS,14.09,Ground,2026-03-02,2026-03-09,Delivered,17.89
ORD-002104,USPS,16.57,Standard,2026-05-23,2026-05-29,Delivered,18.37
ORD-002105,UPS,7.86,Standard,2026-06-25,2026-07-01,Delivered,4.91
ORD-002106,USPS,12.08,Standard,2026-02-21,2026-03-01,Delivered,9.03
ORD-002107,FedEx,9.33,Ground,2026-03-05,2026-03-12,Delivered,3.29
ORD-002108,FedEx,19.19,2-Day,2026-02-25,2026-02-28,Delivered,14.34
ORD-002110,UPS,74.58,Standard,2026-05-01,2026-05-05,Delivered,35.07
ORD-002111,FedEx,7.94,Standard,2026-02-09,2026-02-17,Delivered,5.09
ORD-002112,UPS,14.04,2-Day,2026-03-29,2026-03-30,Delivered,2.72
ORD-002113,FedEx,11.0,Standard,2026-04-04,2026-04-08,In Transit,6.77
ORD-002114,USPS,10.0,Standard,2026-05-07,2026-05-15,Delivered,9.37
ORD-002115,USPS,16.62,Standard,2026-05-08,2026-05-12,In Transit,18.48
ORD-002116,FedEx,9.65,Standard,2026-02-27,2026-03-07,Delivered,8.64
ORD-002117,UPS,12.47,Ground,2026-05-03,2026-05-09,In Transit,14.52
ORD-002118,FedEx,9.15,Standard,2026-05-21,2026-05-25,Delivered,7.6
ORD-002119,USPS,10.19,Ground,2026-04-09,2026-04-16,Delivered,9.77
ORD-002120,USPS,8.27,Ground,2026-05-08,2026-05-11,Delivered,5.78
ORD-002121,USPS,7.57,Standard,2026-02-26,2026-03-05,Delivered,4.32
ORD-002122,FedEx,16.83,Ground,2026-04-10,2026-04-15,Delivered,18.92
ORD-002123,FedEx,11.6,Ground,2026-02-17,2026-02-24,Delivered,8.02
ORD-002124,USPS,16.42,Ground,2026-06-25,2026-06-29,Delivered,15.26
ORD-002125,FedEx,10.49,Ground,2026-05-16,2026-05-23,Delivered,5.7
ORD-002126,FedEx,10.9,Ground,2026-02-15,2026-02-20,Delivered,11.26
ORD-002127,UPS,8.39,Ground,2026-05-06,2026-05-10,Delivered,1.33
ORD-002128,USPS,9.58,Ground,2026-05-01,2026-05-04,Delivered,8.5
ORD-002129,FedEx,8.49,Ground,2026-03-31,2026-04-04,Delivered,6.23
ORD-002130,FedEx,17.07,Standard,2026-05-18,2026-05-26,Delivered,24.1
ORD-002131,UPS,9.54,Ground,2026-06-24,2026-06-28,Delivered,3.73
ORD-002132,USPS,10.33,Ground,2026-03-08,2026-03-14,Delivered,10.07
ORD-002133,UPS,12.32,Ground,2026-03-07,2026-03-13,Delivered,14.21
ORD-002134,UPS,18.28,Ground,2026-04-10,2026-04-14,In Transit,21.94
ORD-002135,UPS,15.09,Standard,2026-02-14,2026-02-21,Delivered,19.98
ORD-002136,USPS,10.63,Ground,2026-04-13,2026-04-19,Delivered,10.68
ORD-002137,UPS,11.17,Ground,2026-03-04,2026-03-07,Delivered,11.81
ORD-002138,FedEx,26.44,2-Day,2026-05-19,2026-05-20,Delivered,24.08
ORD-002139,FedEx,32.16,Ground,2026-05-12,2026-05-18,In Transit,10.53
ORD-002140,UPS,18.0,2-Day,2026-05-26,2026-05-29,Delivered,12.73
ORD-002141,USPS,17.31,Ground,2026-06-01,2026-06-07,Delivered,24.6
ORD-002142,USPS,30.03,Ground,2026-02-08,2026-02-12,Delivered,46.42
ORD-002143,USPS,14.23,Ground,2026-03-26,2026-04-01,Delivered,13.51
ORD-002144,UPS,13.26,Ground,2026-03-08,2026-03-12,Delivered,16.17
ORD-002145,FedEx,14.9,Ground,2026-03-11,2026-03-16,Delivered,19.59
ORD-002146,UPS,17.24,Standard,2026-04-23,2026-04-27,Delivered,24.45
ORD-002147,FedEx,18.45,Ground,2026-04-07,2026-04-14,Delivered,22.3
ORD-002148,FedEx,11.18,Ground,2026-03-20,2026-03-24,Delivered,7.14
ORD-002149,USPS,15.73,Ground,2026-06-26,2026-07-03,Delivered,14.15
ORD-002150,UPS,18.5,Ground,2026-05-22,2026-05-27,Delivered,22.4
ORD-002151,UPS,18.86,Ground,2026-06-27,2026-07-03,Delivered,27.83
ORD-002152,FedEx,12.59,Ground,2026-05-01,2026-05-04,Delivered,10.09
ORD-002153,FedEx,14.43,Ground,2026-07-31,2026-08-05,Delivered,13.92
ORD-002154,FedEx,76.86,2-Day,2026-06-20,2026-06-23,Delivered,15.05
ORD-002155,UPS,11.03,Ground,2026-03-31,2026-04-07,Delivered,11.53
ORD-002156,FedEx,12.06,Ground,2026-07-17,2026-07-24,Delivered,13.67
ORD-002157,FedEx,36.4,Ground,2026-04-07,2026-04-14,Delivered,64.37
ORD-002158,FedEx,12.44,Ground,2026-06-22,2026-06-28,Delivered,9.78
ORD-002159,UPS,10.47,Standard,2026-05-21,2026-05-26,Delivered,10.35
ORD-002160,USPS,8.53,Ground,2026-08-02,2026-08-06,Delivered,2.42
ORD-002161,FedEx,6.46,Standard,2026-07-12,2026-07-17,Delivered,2.01
ORD-002162,UPS,23.76,2-Day,2026-03-22,2026-03-23,Delivered,15.79
ORD-002163,UPS,16.28,Ground,2026-03-08,2026-03-13,Delivered,22.46
ORD-002164,FedEx,15.01,Standard,2026-07-29,2026-08-02,In Transit,19.81
ORD-002165,USPS,8.23,Ground,2026-02-11,2026-02-17,Delivered,5.69
ORD-002166,UPS,14.64,Ground,2026-03-14,2026-03-18,Delivered,19.04
ORD-002167,FedEx,19.62,2-Day,2026-07-28,2026-07-29,Delivered,10.23
ORD-002168,FedEx,18.28,2-Day,2026-05-29,2026-06-01,Delivered,8.43
ORD-002169,FedEx,9.38,Ground,2026-07-08,2026-07-14,Delivered,3.39
ORD-002170,FedEx,,2-Day,2026-02-09,2026-02-11,Delivered,6.3
ORD-002171,UPS,15.45,Ground,2026-07-31,2026-08-06,Delivered,16.04
ORD-002172,UPS,12.24,Ground,2026-05-17,2026-05-23,Delivered,14.05
ORD-002173,FedEx,11.56,Ground,2026-04-04,2026-04-11,Delivered,12.63
ORD-002174,USPS,7.75,Standard,2026-06-20,2026-06-26,Delivered,1.15
ORD-002175,FedEx,11.61,Ground,2026-03-22,2026-03-25,In Transit,12.73
ORD-002176,UPS,8.88,Ground,2026-02-27,2026-03-05,Delivered,7.05
ORD-002178,USPS,12.28,Standard,2026-02-09,2026-02-17,In Transit,14.12
ORD-002179,USPS,25.24,Standard,2026-07-15,2026-07-22,Delivered,24.93
ORD-002180,UPS,11.55,Ground,2026-06-21,2026-06-24,Delivered,7.91
ORD-002181,USPS,13.54,Ground,2026-05-04,2026-05-10,In Transit,12.07
ORD-002182,FedEx,25.83,Standard,2026-03-14,2026-03-21,Delivered,37.67
ORD-002183,USPS,14.29,Ground,2026-02-24,2026-02-27,Delivered,13.63
ORD-002184,USPS,10.79,Standard,2026-02-13,2026-02-17,Delivered,11.02
ORD-002185,FedEx,10.52,Ground,2026-05-12,2026-05-17,Delivered,5.77
ORD-002186,USPS,21.84,Ground,2026-06-29,2026-07-04,In Transit,19.4
ORD-002187,FedEx,10.13,Ground,2026-02-15,2026-02-19,In Transit,4.96
ORD-002188,FedEx,31.09,2-Day,2026-07-12,2026-07-14,Delivered,25.64
ORD-002189,UPS,13.94,Ground,2026-05-04,2026-05-11,Delivered,17.58
ORD-002190,FedEx,11.23,Ground,2026-03-21,2026-03-27,In Transit,7.25
ORD-002191,USPS,16.56,2-Day,2026-06-17,2026-06-18,Delivered,5.93
ORD-002192,FedEx,10.66,Standard,2026-07-17,2026-07-23,Delivered,6.06
ORD-002193,FedEx,10.05,2-Day,2026-03-22,2026-03-23,Delivered,2.05
ORD-002194,USPS,16.58,Standard,2026-07-13,2026-07-19,Delivered,15.53
ORD-002195,UPS,6.15,Ground,2026-04-19,2026-04-25,Delivered,1.35
ORD-002197,USPS,10.54,Ground,2026-05-14,2026-05-18,Delivered,10.51
ORD-002198,USPS,10.3,Ground,2026-02-15,2026-02-22,Delivered,10.01
ORD-002199,FedEx,9.69,Standard,2026-03-23,2026-03-29,Delivered,8.73
ORD-002200,UPS,15.17,Ground,2026-04-14,2026-04-18,Delivered,15.45
ORD-002201,FedEx,11.24,Ground,2026-03-31,2026-04-04,Delivered,7.27
ORD-002202,FedEx,11.62,Ground,2026-04-30,2026-05-07,Delivered,12.75
ORD-002203,USPS,27.6,2-Day,2026-04-17,2026-04-20,In Transit,25.64
ORD-002204,USPS,13.53,Ground,2026-05-04,2026-05-07,Delivered,16.73
ORD-002205,FedEx,11.66,Ground,2026-03-13,2026-03-20,Delivered,8.15
ORD-002206,UPS,13.15,Ground,2026-03-08,2026-03-14,Delivered,11.26
ORD-002208,UPS,11.95,Ground,2026-02-22,2026-02-28,Delivered,8.74
ORD-002209,USPS,10.26,Ground,2026-05-12,2026-05-17,In Transit,9.91
ORD-002210,UPS,14.0,Ground,2026-02-07,2026-02-13,In Transit,13.03
ORD-002211,FedEx,14.42,2-Day,2026-05-20,2026-05-23,Delivered,3.24
ORD-002212,FedEx,6.72,Ground,2026-06-05,2026-06-08,Delivered,2.54
ORD-002213,UPS,10.32,Ground,2026-05-19,2026-05-23,Delivered,5.36
ORD-002214,UPS,13.16,Ground,2026-02-17,2026-02-24,In Transit,15.96
ORD-002215,UPS,16.14,Ground,2026-03-02,2026-03-08,Delivered,17.47
ORD-002216,UPS,14.74,Ground,2026-05-20,2026-05-26,Delivered,19.25
ORD-002217,FedEx,8.16,Standard,2026-04-07,2026-04-15,Delivered,5.54
ORD-002218,FedEx,11.27,Ground,2026-04-18,2026-04-23,Delivered,12.02
ORD-002219,UPS,11.76,Ground,2026-05-01,2026-05-08,Delivered,8.35
ORD-002220,UPS,10.41,Ground,2026-03-01,2026-03-04,In Transit,10.22
ORD-002221,UPS,9.45,Standard,2026-02-19,2026-02-23,Delivered,8.23
ORD-002222,UPS,14.26,Ground,2026-02-09,2026-02-16,Delivered,13.56
ORD-002223,FedEx,10.9,Standard,2026-03-30,2026-04-05,Delivered,6.56
ORD-002224,UPS,19.18,Ground,2026-03-02,2026-03-09,Delivered,23.81
ORD-002226,FedEx,26.34,2-Day,2026-06-17,2026-06-20,Delivered,23.95
ORD-002227,FedEx,15.25,Ground,2026-06-20,2026-06-25,Delivered,15.62
ORD-002228,FedEx,24.91,2-Day,2026-07-23,2026-07-25,Delivered,22.02
ORD-002229,USPS,8.96,Standard,2026-07-03,2026-07-10,Delivered,3.12
ORD-002230,UPS,17.37,Standard,2026-04-11,2026-04-18,Delivered,24.72
ORD-002231,FedEx,12.51,Ground,2026-07-14,2026-07-17,In Transit,14.61
ORD-002232,USPS,11.27,Ground,2026-07-05,2026-07-09,Delivered,6.88
ORD-002233,USPS,10.79,Ground,2026-03-14,2026-03-19,Delivered,6.33
ORD-002234,FedEx,22.27,Standard,2026-03-02,2026-03-09,Delivered,30.24
ORD-002235,UPS,14.84,Ground,2026-03-20,2026-03-24,In Transit,19.45
ORD-002236,UPS,12.56,Ground,2026-05-26,2026-06-01,Delivered,10.02
ORD-002238,FedEx,6.98,Standard,2026-03-19,2026-03-24,Delivered,3.08
ORD-002239,USPS,22.73,Ground,2026-07-23,2026-07-26,Delivered,25.54
ORD-002241,UPS,9.84,Ground,2026-07-24,2026-07-29,Delivered,4.35
ORD-002242,FedEx,9.56,Ground,2026-03-14,2026-03-21,Delivered,8.46
ORD-002243,FedEx,10.3,Standard,2026-06-23,2026-06-28,Delivered,10.0
ORD-002244,UPS,8.5,Ground,2026-06-05,2026-06-10,In Transit,6.25
ORD-002245,FedEx,15.72,2-Day,2026-04-24,2026-04-26,Delivered,9.67
ORD-002246,USPS,21.52,2-Day,2026-06-21,2026-06-23,Delivered,11.14
ORD-002247,UPS,10.07,Ground,2026-02-10,2026-02-15,Delivered,9.52
ORD-002248,UPS,12.23,Ground,2026-07-07,2026-07-12,Delivered,14.03
ORD-002249,UPS,22.61,Ground,2026-06-11,2026-06-18,Delivered,30.96
ORD-002250,FedEx,9.3,Ground,2026-02-09,2026-02-12,Delivered,3.23
ORD-002251,FedEx,13.77,Standard,2026-07-10,2026-07-15,Delivered,12.54
ORD-002252,UPS,9.86,Ground,2026-03-26,2026-04-01,Delivered,4.4
ORD-002253,USPS,11.72,Ground,2026-07-15,2026-07-19,Delivered,2.93
ORD-002254,FedEx,27.58,2-Day,2026-05-30,2026-06-01,Delivered,20.93
ORD-002255,FedEx,11.89,Standard,2026-02-07,2026-02-11,In Transit,13.31
ORD-002256,FedEx,6.82,Standard,2026-02-15,2026-02-21,Delivered,2.75
ORD-002258,UPS,15.72,2-Day,2026-03-10,2026-03-13,Delivered,9.67
ORD-002259,FedEx,8.08,Ground,2026-03-01,2026-03-05,Delivered,5.37
ORD-002260,FedEx,10.26,Ground,2026-07-25,2026-07-29,Delivered,9.92
ORD-002261,FedEx,16.34,Ground,2026-06-13,2026-06-20,Delivered,17.89
ORD-002262,FedEx,13.51,Ground,2026-03-23,2026-03-28,Delivered,16.69
ORD-002263,UPS,11.72,Ground,2026-03-19,2026-03-22,Delivered,8.28
ORD-002264,UPS,28.07,2-Day,2026-03-01,2026-03-02,Delivered,21.58
ORD-002265,USPS,20.69,Standard,2026-05-17,2026-05-24,Delivered,26.95
ORD-002266,UPS,14.18,Ground,2026-03-17,2026-03-22,In Transit,18.09
ORD-002267,UPS,8.97,Standard,2026-07-04,2026-07-12,Delivered,7.23
ORD-002268,UPS,16.09,2-Day,2026-06-28,2026-06-29,Delivered,10.17
ORD-002269,UPS,20.06,Standard,2026-05-25,2026-05-30,In Transit,30.34
ORD-002270,USPS,19.25,2-Day,2026-06-21,2026-06-22,Delivered,8.76
ORD-002271,USPS,13.53,Ground,2026-02-08,2026-02-15,Delivered,16.72
ORD-002272,USPS,16.61,2-Day,2026-03-06,2026-03-09,Delivered,6.18
ORD-002273,USPS,18.16,Ground,2026-03-14,2026-03-19,Delivered,21.68
ORD-002274,FedEx,12.69,2-Day,2026-03-18,2026-03-19,Delivered,5.6
ORD-002275,UPS,12.79,Ground,2026-07-22,2026-07-25,Delivered,10.5
ORD-002276,USPS,19.95,Ground,2026-06-28,2026-07-05,Delivered,16.32
ORD-002277,UPS,24.23,Standard,2026-04-27,2026-05-05,Delivered,34.34
ORD-002278,FedEx,11.81,Ground,2026-07-29,2026-08-03,Delivered,13.14
ORD-002279,FedEx,9.91,Ground,2026-03-14,2026-03-20,In Transit,9.18
ORD-002281,UPS,9.66,Ground,2026-04-20,2026-04-26,Delivered,8.66
ORD-002282,FedEx,17.86,Standard,2026-02-21,2026-02-28,Delivered,21.06
ORD-002283,UPS,12.91,Ground,2026-02-11,2026-02-15,Delivered,15.44
ORD-002285,USPS,16.23,Standard,2026-05-10,2026-05-18,Delivered,17.66
ORD-002286,USPS,27.73,Standard,2026-06-19,2026-06-26,In Transit,28.98
ORD-002287,USPS,11.12,Ground,2026-03-16,2026-03-20,Delivered,11.7
ORD-002288,UPS,12.55,Standard,2026-07-18,2026-07-25,Delivered,14.69
ORD-002289,UPS,9.61,Ground,2026-05-07,2026-05-10,Delivered,8.57
ORD-002290,UPS,8.38,Ground,2026-05-11,2026-05-18,Delivered,5.99
ORD-002291,FedEx,13.72,2-Day,2026-06-21,2026-06-22,In Transit,6.98
ORD-002292,FedEx,5.89,Ground,2026-05-30,2026-06-05,Delivered,0.81
ORD-002293,UPS,13.28,Ground,2026-07-16,2026-07-20,Delivered,16.21
ORD-002295,UPS,19.75,2-Day,2026-03-17,2026-03-20,Delivered,15.09
ORD-002296,FedEx,23.9,2-Day,2026-06-06,2026-06-07,Delivered,15.98
ORD-002297,FedEx,8.22,Ground,2026-04-02,2026-04-07,Delivered,5.66
ORD-002298,FedEx,8.9,Ground,2026-06-11,2026-06-18,Delivered,7.08
ORD-002299,UPS,8.81,Standard,2026-05-12,2026-05-19,Delivered,6.9
ORD-002300,UPS,16.58,Standard,2026-04-12,2026-04-19,Delivered,23.08
ORD-002301,FedEx,13.89,Standard,2026-06-29,2026-07-04,Delivered,12.8
ORD-002302,FedEx,11.07,Ground,2026-08-02,2026-08-05,In Transit,11.61
ORD-002303,UPS,14.5,Ground,2026-02-24,2026-03-03,Delivered,18.76
ORD-002304,USPS,8.82,Standard,2026-05-06,2026-05-10,Delivered,6.92
ORD-002305,USPS,14.69,Standard,2026-05-24,2026-05-31,Delivered,14.45
ORD-002306,FedEx,23.34,Ground,2026-07-18,2026-07-24,Delivered,37.17
ORD-002307,USPS,19.97,Ground,2026-05-14,2026-05-19,Delivered,25.46
ORD-002308,USPS,12.36,Standard,2026-03-07,2026-03-15,Delivered,14.3
ORD-002309,FedEx,20.89,2-Day,2026-05-05,2026-05-07,Delivered,11.93
ORD-002310,FedEx,15.37,Ground,2026-05-19,2026-05-26,Delivered,15.88
ORD-002311,UPS,18.82,Ground,2026-05-27,2026-05-30,Delivered,27.75
ORD-002312,UPS,20.47,Standard,2026-07-23,2026-07-28,Delivered,26.49
ORD-002314,USPS,25.93,Ground,2026-07-31,2026-08-06,Delivered,30.75
ORD-002315,USPS,11.89,Ground,2026-04-23,2026-04-26,Delivered,13.31
ORD-002316,UPS,6.14,Ground,2026-03-04,2026-03-08,Delivered,1.33
ORD-002317,UPS,22.55,Ground,2026-03-29,2026-04-02,Delivered,35.52
ORD-002318,USPS,10.62,Ground,2026-06-15,2026-06-20,Delivered,5.97
ORD-002319,FedEx,22.33,2-Day,2026-07-28,2026-07-29,Delivered,18.55
ORD-002320,UPS,9.54,2-Day,2026-07-17,2026-07-19,Delivered,1.37
ORD-002321,USPS,10.99,Standard,2026-05-08,2026-05-13,Delivered,11.43
ORD-002322,FedEx,9.71,Ground,2026-03-01,2026-03-08,Delivered,8.77
ORD-002323,USPS,20.28,Standard,2026-02-06,2026-02-12,Delivered,30.79
ORD-002324,UPS,14.67,Standard,2026-05-22,2026-05-29,Delivered,14.42
ORD-002325,UPS,10.95,Standard,2026-06-05,2026-06-13,Delivered,11.35
ORD-002326,UPS,15.21,Standard,2026-06-02,2026-06-09,Delivered,15.54
ORD-002327,UPS,,2-Day,2026-06-30,2026-07-03,Delivered,0.5
ORD-002328,FedEx,8.76,Ground,2026-05-30,2026-06-04,Delivered,6.79
ORD-002329,USPS,11.43,Ground,2026-05-28,2026-06-03,Delivered,7.66
ORD-002331,FedEx,13.78,Standard,2026-03-18,2026-03-23,Delivered,17.24
ORD-002332,FedEx,15.67,2-Day,2026-02-27,2026-03-01,Delivered,4.91
ORD-002333,UPS,18.13,2-Day,2026-06-22,2026-06-25,Delivered,12.91
ORD-002334,USPS,16.41,Ground,2026-06-23,2026-06-27,Delivered,10.56
ORD-002335,UPS,11.15,Standard,2026-06-09,2026-06-17,Delivered,7.09
ORD-002336,FedEx,9.09,Ground,2026-04-09,2026-04-13,Delivered,7.47
ORD-002337,UPS,10.54,Ground,2026-07-06,2026-07-12,Delivered,10.49
ORD-002338,FedEx,6.39,Ground,2026-02-19,2026-02-25,Delivered,1.85
ORD-002339,USPS,16.84,Ground,2026-03-30,2026-04-02,Delivered,18.93
ORD-002340,USPS,10.6,Ground,2026-04-06,2026-04-12,Delivered,5.94
ORD-002341,UPS,9.92,Standard,2026-02-18,2026-02-23,Delivered,9.2
ORD-002342,UPS,22.19,Standard,2026-07-29,2026-08-05,Delivered,30.08
ORD-002343,UPS,14.69,Standard,2026-08-04,2026-08-08,Delivered,19.15
ORD-002344,UPS,9.75,Ground,2026-02-13,2026-02-17,Delivered,4.17
ORD-002345,UPS,5.74,Ground,2026-06-29,2026-07-06,Delivered,0.5
ORD-002346,UPS,20.42,2-Day,2026-06-28,2026-06-30,Delivered,15.99
ORD-002347,USPS,12.86,Ground,2026-07-05,2026-07-11,Delivered,9.48
ORD-002348,USPS,11.72,Ground,2026-06-12,2026-06-16,Delivered,12.96
ORD-002349,FedEx,14.49,Ground,2026-03-29,2026-04-01,Delivered,18.72
ORD-002350,USPS,17.69,Standard,2026-03-14,2026-03-20,In Transit,20.71
ORD-002351,USPS,12.04,Ground,2026-07-24,2026-07-31,Delivered,8.13
ORD-002352,USPS,10.48,Ground,2026-03-01,2026-03-04,Delivered,10.37
ORD-002353,UPS,12.58,Ground,2026-07-22,2026-07-29,Delivered,14.74
ORD-002354,FedEx,19.99,2-Day,2026-03-30,2026-04-02,Delivered,15.41
ORD-002355,USPS,13.93,Ground,2026-05-31,2026-06-07,Delivered,12.87
ORD-002356,UPS,18.93,Ground,2026-03-21,2026-03-24,In Transit,27.97
ORD-002357,UPS,12.84,Ground,2026-04-29,2026-05-05,Delivered,15.29
ORD-002358,FedEx,14.4,Ground,2026-02-07,2026-02-12,Delivered,18.54
ORD-002359,USPS,14.3,Standard,2026-02-18,2026-02-23,Delivered,13.65
ORD-002360,USPS,7.84,Ground,2026-05-04,2026-05-10,Delivered,4.88
ORD-002361,UPS,11.0,Ground,2026-03-04,2026-03-11,Delivered,6.77
ORD-002362,UPS,11.51,2-Day,2026-03-10,2026-03-13,Delivered,4.01
ORD-002363,USPS,16.18,Ground,2026-06-06,2026-06-11,Delivered,22.25
ORD-002364,USPS,10.56,2-Day,2026-02-17,2026-02-19,Delivered,2.73
ORD-002365,USPS,13.21,Standard,2026-07-03,2026-07-11,Delivered,10.05
ORD-002366,UPS,9.57,Standard,2026-04-30,2026-05-07,Delivered,8.48
ORD-002367,FedEx,9.49,Standard,2026-08-02,2026-08-06,Delivered,8.31
ORD-002368,UPS,12.01,Standard,2026-05-17,2026-05-21,Delivered,8.88
ORD-002369,UPS,22.81,Ground,2026-07-14,2026-07-19,Delivered,31.37
ORD-002370,FedEx,6.32,Ground,2026-03-21,2026-03-26,In Transit,1.7
ORD-002371,FedEx,17.86,Ground,2026-02-03,2026-02-10,Delivered,25.75
ORD-002372,USPS,10.04,Ground,2026-02-09,2026-02-15,Delivered,9.46
ORD-002373,UPS,49.84,Ground,2026-02-25,2026-03-04,Delivered,19.83
ORD-002374,UPS,11.2,Ground,2026-05-07,2026-05-13,Delivered,11.87
ORD-002375,FedEx,7.61,Ground,2026-06-03,2026-06-07,Delivered,4.39
ORD-002376,USPS,18.63,Ground,2026-05-01,2026-05-04,In Transit,27.35
ORD-002377,USPS,17.35,Ground,2026-04-20,2026-04-24,Delivered,24.68
ORD-002378,USPS,10.0,Ground,2026-05-02,2026-05-07,Delivered,4.69
ORD-002379,USPS,15.83,Ground,2026-02-09,2026-02-15,Delivered,16.83
ORD-002380,UPS,17.24,2-Day,2026-07-09,2026-07-12,Delivered,7.03
ORD-002381,UPS,6.87,Standard,2026-05-14,2026-05-19,Delivered,2.85
ORD-002382,FedEx,10.61,Ground,2026-06-06,2026-06-11,Delivered,5.95
ORD-002383,UPS,28.11,2-Day,2026-07-13,2026-07-15,In Transit,26.33
ORD-002384,FedEx,15.17,Ground,2026-03-06,2026-03-13,Delivered,20.15
ORD-002385,FedEx,15.19,2-Day,2026-06-23,2026-06-24,Delivered,8.96
ORD-002386,UPS,18.18,Standard,2026-02-05,2026-02-09,Delivered,26.41
ORD-002387,UPS,16.77,Ground,2026-07-09,2026-07-16,Delivered,23.47
ORD-002388,USPS,8.36,Standard,2026-05-16,2026-05-23,Delivered,5.96
ORD-002389,FedEx,22.42,Ground,2026-05-25,2026-05-29,Delivered,30.57
ORD-002390,FedEx,18.27,2-Day,2026-05-10,2026-05-12,Delivered,8.41
ORD-002391,UPS,9.98,Ground,2026-04-06,2026-04-12,Delivered,9.33
ORD-002392,UPS,6.34,Ground,2026-07-26,2026-07-31,Delivered,1.75
ORD-002393,UPS,11.07,Standard,2026-02-22,2026-03-02,Delivered,6.92
ORD-002394,UPS,10.35,Ground,2026-02-08,2026-02-14,Delivered,10.11
ORD-002395,USPS,12.18,Ground,2026-05-18,2026-05-23,Delivered,13.92
ORD-002396,USPS,9.87,Ground,2026-02-27,2026-03-04,Delivered,4.41
ORD-002397,FedEx,13.13,2-Day,2026-08-02,2026-08-05,Delivered,6.19
ORD-002398,FedEx,55.91,Ground,2026-03-13,2026-03-19,Delivered,31.0
ORD-002399,FedEx,16.29,Ground,2026-07-03,2026-07-09,Delivered,22.47
ORD-002400,UPS,102.47,2-Day,2026-05-17,2026-05-20,Delivered,25.2
ORD-002401,UPS,12.91,Ground,2026-05-04,2026-05-10,Delivered,10.75
ORD-002402,UPS,14.57,Ground,2026-02-07,2026-02-10,Delivered,14.21
ORD-002403,FedEx,15.95,Ground,2026-07-23,2026-07-28,In Transit,17.08
ORD-002404,FedEx,22.49,Ground,2026-02-25,2026-03-04,Delivered,30.71
ORD-002405,FedEx,10.6,2-Day,2026-04-12,2026-04-13,Delivered,2.79
ORD-002406,FedEx,11.35,Ground,2026-05-13,2026-05-20,Delivered,7.49
ORD-002407,UPS,18.44,2-Day,2026-07-03,2026-07-04,Delivered,13.32
ORD-002408,FedEx,11.22,Standard,2026-05-06,2026-05-13,Delivered,11.92
ORD-002409,USPS,10.81,Standard,2026-07-31,2026-08-07,Delivered,6.13
ORD-002410,UPS,13.22,Ground,2026-07-23,2026-07-30,Delivered,16.09
ORD-002411,UPS,9.21,Standard,2026-07-18,2026-07-26,Delivered,7.72
ORD-002412,UPS,13.18,Ground,2026-02-11,2026-02-14,Delivered,11.31
ORD-002413,UPS,12.99,Ground,2026-05-14,2026-05-19,Delivered,15.61
ORD-002415,FedEx,9.34,Ground,2026-05-16,2026-05-23,Delivered,8.01
ORD-002416,FedEx,16.89,Ground,2026-06-04,2026-06-09,Delivered,19.05
ORD-002418,USPS,15.77,Ground,2026-04-07,2026-04-13,Delivered,21.39
ORD-002419,UPS,8.53,Ground,2026-05-17,2026-05-24,Delivered,6.32
ORD-002420,UPS,11.44,Ground,2026-02-16,2026-02-21,Delivered,7.68
ORD-002421,FedEx,10.15,Ground,2026-03-16,2026-03-20,Delivered,5.0
ORD-002422,FedEx,39.86,2-Day,2026-05-25,2026-05-26,Delivered,11.12
ORD-002423,FedEx,12.18,Ground,2026-05-18,2026-05-23,Delivered,13.91
ORD-002424,UPS,14.94,2-Day,2026-06-14,2026-06-17,Delivered,8.62
ORD-002425,FedEx,12.05,Standard,2026-02-03,2026-02-09,Delivered,13.64
ORD-002426,USPS,9.11,Ground,2026-06-16,2026-06-22,Delivered,7.52
ORD-002427,UPS,11.46,Ground,2026-05-09,2026-05-15,Delivered,7.72
ORD-002428,FedEx,14.67,Ground,2026-07-03,2026-07-09,Delivered,14.41
ORD-002430,UPS,9.4,Ground,2026-03-08,2026-03-15,Delivered,8.12
ORD-002431,UPS,16.48,2-Day,2026-07-30,2026-08-01,Delivered,10.69
ORD-002432,UPS,14.84,Ground,2026-02-19,2026-02-24,Delivered,14.77
ORD-002433,UPS,22.06,2-Day,2026-04-08,2026-04-11,Delivered,13.5
ORD-002434,USPS,9.15,Ground,2026-02-18,2026-02-23,Delivered,7.61
ORD-002435,FedEx,16.45,Ground,2026-04-19,2026-04-25,Delivered,22.82
ORD-002436,UPS,7.99,Standard,2026-04-14,2026-04-20,Delivered,0.5
ORD-002437,USPS,13.45,Standard,2026-05-26,2026-05-31,In Transit,16.57
ORD-002438,USPS,18.44,2-Day,2026-05-26,2026-05-28,Delivered,13.32
ORD-002439,FedEx,9.88,Standard,2026-04-02,2026-04-09,Delivered,4.43
ORD-002440,UPS,11.32,Ground,2026-04-11,2026-04-18,In Transit,12.13
ORD-002441,UPS,11.02,Ground,2026-07-31,2026-08-04,Delivered,6.81
ORD-002442,FedEx,13.06,Standard,2026-02-05,2026-02-09,Delivered,15.76
ORD-002443,FedEx,7.99,Standard,2026-05-31,2026-06-06,Delivered,0.5
ORD-002444,UPS,15.39,2-Day,2026-07-08,2026-07-11,Delivered,9.23
ORD-002445,UPS,9.02,Standard,2026-06-13,2026-06-20,In Transit,7.34
ORD-002446,FedEx,16.92,Ground,2026-06-22,2026-06-25,Delivered,19.1
ORD-002447,UPS,6.38,Standard,2026-03-06,2026-03-11,Delivered,1.83
ORD-002448,USPS,11.06,Ground,2026-02-06,2026-02-10,Delivered,11.58
ORD-002449,UPS,13.39,Ground,2026-07-17,2026-07-24,Delivered,16.43
ORD-002450,FedEx,24.24,Standard,2026-04-02,2026-04-09,Delivered,34.36
ORD-002452,UPS,9.2,Ground,2026-06-15,2026-06-20,Delivered,7.7
ORD-002453,USPS,12.26,Standard,2026-04-08,2026-04-12,Delivered,14.08
ORD-002454,FedEx,6.45,Standard,2026-04-22,2026-04-27,Delivered,1.97
ORD-002455,UPS,10.85,Ground,2026-02-23,2026-03-01,Delivered,11.15
ORD-002456,UPS,19.22,Ground,2026-07-10,2026-07-17,Delivered,23.9
ORD-002457,FedEx,22.09,Ground,2026-05-30,2026-06-03,Delivered,34.57
ORD-002458,UPS,14.95,Standard,2026-03-16,2026-03-22,In Transit,15.0
ORD-002459,USPS,9.01,Standard,2026-02-21,2026-02-28,Delivered,2.63
ORD-002460,USPS,47.29,Ground,2026-05-15,2026-05-18,Delivered,26.39
ORD-002461,USPS,6.77,Ground,2026-04-01,2026-04-07,In Transit,2.65
ORD-002462,FedEx,7.44,Ground,2026-04-03,2026-04-10,In Transit,4.05
ORD-002463,USPS,32.73,2-Day,2026-06-15,2026-06-17,Delivered,27.84
ORD-002464,USPS,16.39,2-Day,2026-05-22,2026-05-23,Delivered,10.57
ORD-002465,UPS,8.87,Ground,2026-05-22,2026-05-28,In Transit,7.03
ORD-002466,USPS,18.07,Standard,2026-07-13,2026-07-18,Delivered,17.96
ORD-002467,UPS,21.39,2-Day,2026-07-23,2026-07-26,Delivered,12.6
ORD-002468,USPS,18.56,Ground,2026-04-11,2026-04-14,In Transit,22.53
ORD-002469,FedEx,21.7,2-Day,2026-06-13,2026-06-14,Delivered,13.02
ORD-002470,USPS,11.85,Ground,2026-06-06,2026-06-11,Delivered,13.23
ORD-002471,UPS,18.31,Ground,2026-05-10,2026-05-14,In Transit,22.01
ORD-002472,UPS,12.77,Ground,2026-04-08,2026-04-15,Delivered,10.46
ORD-002473,UPS,10.33,Ground,2026-06-18,2026-06-25,Delivered,5.38
ORD-002474,USPS,22.4,2-Day,2026-06-12,2026-06-15,Delivered,18.65
ORD-002475,UPS,9.81,Ground,2026-06-15,2026-06-21,Delivered,8.97
ORD-002476,UPS,12.1,Standard,2026-03-06,2026-03-12,Delivered,13.76
ORD-002477,UPS,6.22,Ground,2026-05-25,2026-05-28,Delivered,1.51
ORD-002478,UPS,10.37,Ground,2026-07-26,2026-08-01,Delivered,10.15
ORD-002479,UPS,11.32,Ground,2026-02-27,2026-03-05,Delivered,7.43
ORD-002480,FedEx,6.2,Standard,2026-07-17,2026-07-25,Delivered,1.46
ORD-002481,UPS,16.26,2-Day,2026-06-25,2026-06-27,Delivered,10.39
ORD-002482,USPS,16.45,2-Day,2026-02-28,2026-03-01,Delivered,10.65
ORD-002483,UPS,12.44,Ground,2026-03-21,2026-03-25,Delivered,14.46
ORD-002484,USPS,19.1,Ground,2026-02-23,2026-02-27,Delivered,23.65
ORD-002485,FedEx,15.69,Ground,2026-04-12,2026-04-18,Delivered,21.22
ORD-002487,USPS,11.52,Ground,2026-04-25,2026-04-28,Delivered,7.85
ORD-002488,UPS,11.64,Standard,2026-06-16,2026-06-22,Delivered,12.79
ORD-002489,FedEx,23.85,2-Day,2026-06-24,2026-06-27,Delivered,15.91
ORD-002490,FedEx,11.6,Ground,2026-02-07,2026-02-13,Delivered,8.03
ORD-002491,UPS,9.15,Standard,2026-06-19,2026-06-24,Delivered,2.91
ORD-002492,FedEx,12.35,Standard,2026-07-04,2026-07-12,In Transit,9.58
ORD-002493,FedEx,30.08,2-Day,2026-07-04,2026-07-05,Delivered,24.29
ORD-002494,UPS,10.59,2-Day,2026-05-31,2026-06-03,Delivered,2.77
ORD-002495,UPS,7.86,Ground,2026-02-23,2026-02-28,Delivered,4.91
ORD-002496,USPS,16.39,2-Day,2026-02-20,2026-02-22,Delivered,5.88
ORD-002497,USPS,7.88,Ground,2026-04-20,2026-04-27,Delivered,4.96
ORD-002498,FedEx,14.14,Ground,2026-03-01,2026-03-06,Delivered,18.01
ORD-002499,FedEx,8.76,Standard,2026-05-19,2026-05-27,Delivered,6.79
ORD-002500,FedEx,16.55,Ground,2026-07-03,2026-07-09,Delivered,18.34
ORD-002501,UPS,11.05,Ground,2026-05-08,2026-05-13,In Transit,11.57
ORD-002502,USPS,6.52,Ground,2026-02-15,2026-02-20,Delivered,2.12
ORD-002503,UPS,11.67,Ground,2026-05-09,2026-05-15,Delivered,8.17
ORD-002504,FedEx,18.14,Standard,2026-04-01,2026-04-07,Delivered,21.64
ORD-002506,UPS,13.75,Ground,2026-04-15,2026-04-21,Delivered,12.51
ORD-002507,USPS,15.24,Ground,2026-07-29,2026-08-02,Delivered,8.66
ORD-002508,USPS,24.96,Standard,2026-06-21,2026-06-25,Delivered,24.48
ORD-002509,UPS,7.66,Standard,2026-06-26,2026-07-02,Delivered,4.49
ORD-002510,USPS,8.86,Ground,2026-03-19,2026-03-22,Delivered,6.99
ORD-002511,USPS,17.5,Ground,2026-02-23,2026-02-26,Delivered,20.32
ORD-002512,USPS,17.96,Ground,2026-06-28,2026-07-02,Delivered,17.77
ORD-002513,USPS,9.74,Ground,2026-02-06,2026-02-11,Delivered,4.15
ORD-002514,FedEx,20.09,2-Day,2026-04-25,2026-04-27,Delivered,15.54
ORD-002515,FedEx,8.72,Standard,2026-06-01,2026-06-05,Delivered,6.7
ORD-002516,UPS,6.16,Ground,2026-04-14,2026-04-17,Delivered,1.37
ORD-002517,USPS,9.72,Ground,2026-06-13,2026-06-18,Delivered,8.79
ORD-002518,USPS,22.77,Ground,2026-02-23,2026-02-28,Delivered,35.97
ORD-002519,UPS,18.25,Ground,2026-07-27,2026-07-30,Delivered,21.88
ORD-002520,FedEx,16.58,2-Day,2026-05-27,2026-05-28,In Transit,10.82
ORD-002521,FedEx,6.74,Ground,2026-02-20,2026-02-25,Delivered,2.59
ORD-002522,UPS,6.19,Ground,2026-06-24,2026-06-28,Delivered,1.43
ORD-002523,UPS,13.31,Ground,2026-04-20,2026-04-25,Delivered,11.59
ORD-002524,FedEx,12.63,Ground,2026-04-22,2026-04-25,Delivered,14.85
ORD-002525,UPS,14.21,Ground,2026-04-13,2026-04-18,Delivered,18.15
ORD-002526,UPS,15.8,Ground,2026-03-16,2026-03-19,In Transit,16.78
ORD-002527,FedEx,21.73,2-Day,2026-04-26,2026-04-27,Delivered,17.75
ORD-002528,UPS,12.04,Ground,2026-04-02,2026-04-05,Delivered,13.62
ORD-002529,USPS,24.75,Standard,2026-07-29,2026-08-06,Delivered,24.14
ORD-002530,UPS,11.31,Ground,2026-08-03,2026-08-08,Delivered,7.42
ORD-002531,USPS,11.01,Ground,2026-04-13,2026-04-18,Delivered,11.47
ORD-002532,UPS,6.52,Ground,2026-05-25,2026-05-29,Delivered,2.13
ORD-002533,UPS,9.0,Ground,2026-05-21,2026-05-26,Delivered,7.29
ORD-002534,UPS,15.82,Ground,2026-03-20,2026-03-27,In Transit,21.49
ORD-002535,USPS,17.71,Ground,2026-07-11,2026-07-17,Delivered,17.37
ORD-002536,USPS,12.64,2-Day,2026-03-23,2026-03-26,Delivered,0.84
ORD-002537,FedEx,23.58,Ground,2026-05-06,2026-05-09,Delivered,37.67
ORD-002539,UPS,11.52,Standard,2026-07-03,2026-07-08,Delivered,12.54
ORD-002540,USPS,27.48,2-Day,2026-07-11,2026-07-14,Delivered,12.71
ORD-002541,FedEx,8.82,Standard,2026-03-31,2026-04-05,Delivered,6.92
ORD-002542,UPS,9.44,Ground,2026-04-08,2026-04-14,Delivered,8.2
ORD-002543,FedEx,17.78,2-Day,2026-05-20,2026-05-22,Delivered,12.44
ORD-002544,UPS,15.78,Ground,2026-06-23,2026-06-30,Delivered,16.72
ORD-002545,FedEx,12.25,Standard,2026-04-05,2026-04-12,Delivered,14.07
ORD-002546,FedEx,11.29,Ground,2026-03-26,2026-04-01,Delivered,7.38
ORD-002547,FedEx,8.05,Ground,2026-02-03,2026-02-08,Delivered,5.32
ORD-002548,UPS,7.9,Ground,2026-03-16,2026-03-20,Delivered,5.01
ORD-002549,FedEx,16.34,Ground,2026-05-14,2026-05-18,Delivered,22.59
ORD-002550,FedEx,24.03,2-Day,2026-06-28,2026-06-30,In Transit,20.84
ORD-002551,USPS,13.03,Standard,2026-02-11,2026-02-18,Delivered,15.69
ORD-002552,FedEx,18.55,Standard,2026-07-18,2026-07-22,Delivered,22.49
ORD-002553,USPS,10.4,Ground,2026-03-05,2026-03-08,Delivered,10.2
ORD-002555,USPS,19.13,Ground,2026-06-24,2026-06-30,In Transit,19.68
ORD-002556,UPS,13.3,Ground,2026-05-22,2026-05-26,Delivered,16.25
ORD-002557,USPS,17.36,Ground,2026-03-22,2026-03-28,Delivered,20.03
ORD-002558,USPS,7.69,Ground,2026-05-31,2026-06-07,Delivered,4.57
ORD-002559,UPS,5.82,Standard,2026-05-01,2026-05-05,Delivered,0.67
ORD-002560,FedEx,11.98,Ground,2026-03-17,2026-03-22,Delivered,13.49
ORD-002561,UPS,9.61,Ground,2026-03-07,2026-03-10,Delivered,8.56
ORD-002562,UPS,8.27,Ground,2026-03-02,2026-03-06,Delivered,1.08
ORD-002565,UPS,19.74,Ground,2026-07-31,2026-08-07,Delivered,24.97
ORD-002566,FedEx,15.52,Ground,2026-07-02,2026-07-09,Delivered,20.88
ORD-002567,USPS,15.84,Ground,2026-07-22,2026-07-29,Delivered,14.32
ORD-002568,USPS,13.37,Ground,2026-06-25,2026-06-30,Delivered,5.61
ORD-002569,USPS,8.72,Ground,2026-03-14,2026-03-17,Delivered,2.02
ORD-002571,USPS,7.69,Standard,2026-08-01,2026-08-05,Delivered,1.06
ORD-002572,UPS,8.98,Ground,2026-02-14,2026-02-18,Delivered,7.25
ORD-002573,FedEx,14.11,Ground,2026-05-07,2026-05-12,In Transit,17.93
ORD-002574,USPS,11.89,Standard,2026-03-09,2026-03-14,Delivered,8.63
ORD-002575,FedEx,13.09,Standard,2026-02-18,2026-02-23,Delivered,15.82
ORD-002576,FedEx,13.35,Ground,2026-07-04,2026-07-11,Delivered,16.36
ORD-002577,FedEx,16.27,Standard,2026-07-05,2026-07-10,In Transit,17.75
ORD-002578,UPS,28.14,Ground,2026-07-08,2026-07-13,Delivered,1.64
ORD-002579,UPS,8.4,Ground,2026-02-12,2026-02-19,Delivered,6.05
ORD-002580,FedEx,15.25,Ground,2026-03-15,2026-03-21,In Transit,15.62
ORD-002581,USPS,19.18,Ground,2026-02-17,2026-02-24,Delivered,28.49
ORD-002582,FedEx,26.02,2-Day,2026-05-31,2026-06-02,Delivered,23.52
ORD-002583,UPS,12.13,Ground,2026-06-28,2026-07-02,Delivered,13.81
ORD-002585,USPS,17.57,Ground,2026-03-24,2026-03-30,Delivered,25.14
ORD-002586,USPS,18.75,2-Day,2026-03-24,2026-03-27,Delivered,13.74
ORD-002587,USPS,6.79,Standard,2026-03-12,2026-03-20,Delivered,2.69
ORD-002588,UPS,13.92,Ground,2026-06-24,2026-07-01,Delivered,17.55
ORD-002590,UPS,17.04,Ground,2026-05-17,2026-05-22,Delivered,24.04
ORD-002591,FedEx,21.93,Ground,2026-07-29,2026-08-02,Delivered,34.23
ORD-002592,USPS,8.9,Ground,2026-04-18,2026-04-23,Delivered,7.09
ORD-002593,FedEx,7.49,Standard,2026-03-31,2026-04-05,Delivered,4.14
ORD-002594,UPS,17.21,Ground,2026-08-01,2026-08-05,Delivered,19.71
ORD-002595,FedEx,12.69,Standard,2026-05-09,2026-05-15,Delivered,14.98
ORD-002596,USPS,14.5,Ground,2026-05-29,2026-06-02,Delivered,14.06
ORD-002598,USPS,19.92,Standard,2026-04-15,2026-04-19,Delivered,25.36
ORD-002599,USPS,14.94,Standard,2026-03-30,2026-04-04,Delivered,19.66
ORD-002600,UPS,13.16,Ground,2026-02-07,2026-02-12,Delivered,15.96
ORD-002601,UPS,9.26,Standard,2026-05-02,2026-05-08,Delivered,7.83
ORD-002602,FedEx,14.44,Ground,2026-04-21,2026-04-28,In Transit,18.62
ORD-002603,USPS,7.41,Ground,2026-03-10,2026-03-16,Delivered,3.98
ORD-002604,FedEx,14.33,Standard,2026-04-18,2026-04-25,Delivered,13.71
ORD-002605,UPS,16.65,2-Day,2026-03-16,2026-03-17,Delivered,10.92
ORD-002606,UPS,8.97,Ground,2026-02-17,2026-02-20,Delivered,2.55
ORD-002607,FedEx,14.95,Standard,2026-02-06,2026-02-14,Delivered,15.01
ORD-002608,FedEx,11.16,Standard,2026-03-16,2026-03-24,Delivered,7.1
ORD-002609,FedEx,12.58,Ground,2026-04-15,2026-04-20,In Transit,14.76
ORD-002610,FedEx,12.27,2-Day,2026-06-13,2026-06-15,In Transit,5.04
ORD-002611,UPS,17.25,Ground,2026-06-09,2026-06-14,In Transit,19.79
ORD-002612,FedEx,20.55,Ground,2026-05-20,2026-05-23,In Transit,31.35
ORD-002613,USPS,9.49,Ground,2026-06-30,2026-07-07,Delivered,3.99
ORD-002614,USPS,7.92,Ground,2026-02-20,2026-02-26,Delivered,5.04
ORD-002615,UPS,7.12,Ground,2026-06-21,2026-06-27,Delivered,3.37
ORD-002616,FedEx,10.08,Ground,2026-02-11,2026-02-15,Delivered,9.54
ORD-002617,UPS,12.51,Ground,2026-06-02,2026-06-05,Delivered,14.61
ORD-002618,USPS,20.9,Ground,2026-07-31,2026-08-06,Delivered,17.87
ORD-002619,FedEx,11.99,Standard,2026-06-09,2026-06-14,Delivered,13.52
ORD-002620,FedEx,13.9,Ground,2026-03-14,2026-03-20,Delivered,17.5
ORD-002621,FedEx,10.61,Ground,2026-07-16,2026-07-19,Delivered,10.64
ORD-002622,FedEx,8.87,Ground,2026-07-20,2026-07-27,Delivered,7.03
ORD-002623,USPS,10.22,Ground,2026-04-02,2026-04-07,Delivered,5.15
ORD-002624,USPS,15.82,2-Day,2026-06-06,2026-06-08,In Transit,9.8
ORD-002626,USPS,8.02,Ground,2026-06-02,2026-06-08,Delivered,5.26
ORD-002627,UPS,12.37,Ground,2026-03-17,2026-03-20,Delivered,14.31
ORD-002630,UPS,8.06,Ground,2026-04-10,2026-04-14,Delivered,5.33
ORD-002631,UPS,9.18,Standard,2026-03-14,2026-03-22,Delivered,7.66
ORD-002632,FedEx,16.31,Ground,2026-06-15,2026-06-19,Delivered,22.52
ORD-002633,UPS,16.99,Standard,2026-07-23,2026-07-31,Delivered,23.93
ORD-002634,FedEx,16.75,Standard,2026-03-20,2026-03-26,Delivered,23.44
ORD-002635,UPS,10.67,Ground,2026-05-01,2026-05-05,Delivered,10.77
ORD-002636,UPS,8.98,Ground,2026-06-06,2026-06-11,In Transit,7.26
ORD-002637,USPS,20.3,2-Day,2026-06-07,2026-06-10,Delivered,15.83
ORD-002638,FedEx,12.56,2-Day,2026-04-24,2026-04-26,Delivered,5.43
ORD-002639,UPS,14.36,Standard,2026-05-14,2026-05-22,Delivered,18.46
ORD-002640,FedEx,13.54,2-Day,2026-06-05,2026-06-06,Delivered,6.74
ORD-002641,FedEx,15.59,2-Day,2026-04-08,2026-04-10,Delivered,9.5
ORD-002642,USPS,14.49,Standard,2026-04-11,2026-04-17,Delivered,18.73
ORD-002643,FedEx,6.42,Ground,2026-07-26,2026-08-02,Delivered,1.92
ORD-002644,USPS,13.72,2-Day,2026-05-04,2026-05-07,In Transit,6.98
ORD-002645,USPS,14.72,Standard,2026-03-15,2026-03-21,In Transit,14.52
ORD-002646,FedEx,13.52,Ground,2026-03-15,2026-03-22,Delivered,16.71
ORD-002647,USPS,12.66,Ground,2026-05-19,2026-05-22,Delivered,14.91
ORD-002648,FedEx,10.02,Ground,2026-02-23,2026-02-26,Delivered,9.41
ORD-002649,UPS,17.35,Ground,2026-03-08,2026-03-11,Delivered,19.99
ORD-002650,FedEx,7.9,Standard,2026-06-17,2026-06-23,Delivered,5.0
ORD-002651,FedEx,12.1,2-Day,2026-07-16,2026-07-18,Delivered,4.81
ORD-002652,UPS,12.42,Ground,2026-05-12,2026-05-18,Delivered,14.42
ORD-002653,FedEx,15.38,2-Day,2026-03-23,2026-03-24,Delivered,4.52
ORD-002655,USPS,23.12,Ground,2026-06-06,2026-06-13,Delivered,32.03
ORD-002656,FedEx,11.18,Ground,2026-06-23,2026-06-27,Delivered,7.14
ORD-002657,FedEx,17.23,Ground,2026-02-24,2026-03-03,Delivered,19.74
ORD-002658,UPS,7.34,Ground,2026-04-29,2026-05-04,Delivered,3.84
ORD-002659,FedEx,21.1,Standard,2026-05-11,2026-05-17,Delivered,27.82
ORD-002660,UPS,13.18,Ground,2026-07-14,2026-07-21,Delivered,11.32
ORD-002661,FedEx,8.86,Standard,2026-05-07,2026-05-14,Delivered,6.99
ORD-002662,FedEx,9.78,Standard,2026-05-19,2026-05-23,Delivered,8.92
ORD-002663,FedEx,8.43,Standard,2026-06-18,2026-06-23,Delivered,6.11
ORD-002665,USPS,10.05,Ground,2026-04-19,2026-04-22,Delivered,9.48
ORD-002666,FedEx,9.7,Standard,2026-05-15,2026-05-19,Delivered,4.06
ORD-002667,USPS,13.86,2-Day,2026-04-12,2026-04-15,Delivered,7.17
ORD-002668,FedEx,23.03,2-Day,2026-06-19,2026-06-20,Delivered,19.49
ORD-002669,USPS,13.99,Ground,2026-06-13,2026-06-20,Delivered,13.01
ORD-002670,UPS,10.11,Ground,2026-06-20,2026-06-24,Delivered,4.91
ORD-002671,USPS,10.17,Standard,2026-02-07,2026-02-15,Delivered,9.73
ORD-002672,USPS,17.07,Standard,2026-02-16,2026-02-21,In Transit,24.1
ORD-002673,USPS,9.26,Ground,2026-05-20,2026-05-25,Delivered,7.84
ORD-002674,UPS,9.9,Ground,2026-02-13,2026-02-17,In Transit,4.48
ORD-002675,FedEx,20.65,2-Day,2026-04-03,2026-04-05,Delivered,16.3
ORD-002676,FedEx,8.31,Ground,2026-03-04,2026-03-07,Delivered,1.16
ORD-002677,UPS,9.86,Ground,2026-05-14,2026-05-19,Delivered,9.08
ORD-002678,FedEx,17.73,Standard,2026-05-23,2026-05-28,Delivered,25.47
ORD-002679,UPS,12.32,Ground,2026-06-24,2026-06-27,Delivered,9.52
ORD-002680,FedEx,15.47,Ground,2026-06-20,2026-06-23,Delivered,20.78
ORD-002681,USPS,15.12,2-Day,2026-07-25,2026-07-27,Delivered,4.42
ORD-002682,FedEx,12.19,Ground,2026-03-27,2026-04-02,Delivered,9.25
ORD-002683,UPS,11.88,Standard,2026-07-29,2026-08-04,In Transit,8.6
ORD-002684,FedEx,13.04,Ground,2026-07-19,2026-07-22,Delivered,15.71
ORD-002685,FedEx,11.15,Standard,2026-02-17,2026-02-22,Delivered,11.77
ORD-002686,USPS,18.78,Ground,2026-02-20,2026-02-25,Delivered,27.67
ORD-002687,USPS,18.05,2-Day,2026-06-20,2026-06-21,Delivered,7.5
ORD-002688,USPS,17.2,2-Day,2026-04-14,2026-04-15,Delivered,11.66
ORD-002690,UPS,15.11,2-Day,2026-03-10,2026-03-11,Delivered,8.85
ORD-002691,USPS,10.81,Standard,2026-03-26,2026-03-31,Delivered,11.06
ORD-002692,UPS,43.37,Ground,2026-05-29,2026-06-01,Delivered,10.35
ORD-002693,UPS,8.09,Standard,2026-05-02,2026-05-10,Delivered,5.39
ORD-002694,UPS,14.52,Ground,2026-02-17,2026-02-22,Delivered,18.79
ORD-002695,UPS,8.65,Standard,2026-06-09,2026-06-15,Delivered,6.57
ORD-002697,UPS,13.14,2-Day,2026-02-06,2026-02-07,Delivered,6.2
ORD-002698,UPS,6.8,Ground,2026-05-09,2026-05-14,Delivered,2.71
ORD-002699,USPS,17.47,2-Day,2026-05-31,2026-06-03,In Transit,7.34
ORD-002700,FedEx,10.87,Ground,2026-04-11,2026-04-16,In Transit,6.5
ORD-002701,FedEx,8.46,Ground,2026-05-13,2026-05-16,Delivered,1.47
ORD-002702,FedEx,10.04,Standard,2026-07-13,2026-07-21,Delivered,9.45
ORD-002703,UPS,20.65,Ground,2026-07-01,2026-07-05,Delivered,26.88
ORD-002704,FedEx,9.3,Standard,2026-03-14,2026-03-18,Delivered,3.22
ORD-002706,FedEx,10.74,Ground,2026-04-03,2026-04-10,Delivered,10.92
ORD-002707,UPS,9.95,Standard,2026-02-20,2026-02-25,In Transit,9.28
ORD-002708,UPS,15.99,Ground,2026-04-01,2026-04-06,Delivered,17.16
ORD-002709,USPS,32.53,2-Day,2026-07-05,2026-07-07,Delivered,18.01
ORD-002710,FedEx,26.84,Standard,2026-06-09,2026-06-17,Delivered,39.78
ORD-002711,FedEx,18.45,2-Day,2026-04-19,2026-04-21,Delivered,13.34
ORD-002712,FedEx,8.3,Ground,2026-07-17,2026-07-21,Delivered,5.83
ORD-002713,UPS,13.86,2-Day,2026-03-26,2026-03-28,Delivered,7.17
ORD-002714,FedEx,34.59,Ground,2026-06-17,2026-06-20,Delivered,7.76
ORD-002715,FedEx,10.98,Ground,2026-02-04,2026-02-08,Delivered,6.72
ORD-002716,FedEx,22.7,Ground,2026-04-25,2026-04-30,Delivered,31.15
ORD-002717,UPS,13.87,Ground,2026-07-15,2026-07-20,In Transit,17.44
ORD-002718,UPS,13.0,Standard,2026-05-31,2026-06-04,In Transit,15.62
ORD-002719,FedEx,7.7,Ground,2026-05-21,2026-05-28,Delivered,4.59
ORD-002720,FedEx,14.09,Ground,2026-05-09,2026-05-16,Delivered,17.89
ORD-002721,FedEx,25.58,2-Day,2026-05-20,2026-05-23,Delivered,22.93
ORD-002722,UPS,10.02,Ground,2026-05-27,2026-06-03,In Transit,9.41
ORD-002723,FedEx,17.3,2-Day,2026-04-18,2026-04-19,Delivered,7.11
ORD-002724,UPS,29.43,2-Day,2026-06-13,2026-06-15,Delivered,28.1
ORD-002725,UPS,10.82,Ground,2026-06-22,2026-06-28,Delivered,6.39
ORD-002726,USPS,8.31,Standard,2026-03-15,2026-03-21,Delivered,5.86
ORD-002727,UPS,7.94,Ground,2026-02-22,2026-02-26,Delivered,5.08
ORD-002729,UPS,19.85,2-Day,2026-03-02,2026-03-03,Delivered,10.54
ORD-002730,USPS,18.1,Ground,2026-07-24,2026-07-29,Delivered,13.31
ORD-002731,FedEx,15.56,Standard,2026-07-17,2026-07-21,Delivered,20.95
ORD-002732,UPS,13.23,Ground,2026-05-18,2026-05-24,Delivered,16.1
ORD-002733,FedEx,13.14,Ground,2026-03-09,2026-03-12,Delivered,15.92
ORD-002734,USPS,17.6,Standard,2026-03-22,2026-03-26,Delivered,25.21
ORD-002735,UPS,10.09,Ground,2026-06-20,2026-06-25,Delivered,4.87
ORD-002736,UPS,9.21,Ground,2026-08-01,2026-08-04,In Transit,3.04
ORD-002737,UPS,15.73,Ground,2026-07-11,2026-07-15,Delivered,16.63
ORD-002738,UPS,10.39,Standard,2026-03-24,2026-03-31,Delivered,10.18
ORD-002739,UPS,24.15,2-Day,2026-07-30,2026-07-31,Delivered,21.0
ORD-002740,USPS,10.73,Ground,2026-04-29,2026-05-03,In Transit,10.89
ORD-002741,USPS,11.07,Ground,2026-03-21,2026-03-25,Delivered,6.92
ORD-002742,UPS,13.56,Standard,2026-07-29,2026-08-02,In Transit,16.79
ORD-002743,UPS,11.2,Ground,2026-02-19,2026-02-23,Delivered,11.88
ORD-002744,FedEx,10.73,Ground,2026-04-05,2026-04-10,Delivered,10.89
ORD-002745,UPS,26.81,Ground,2026-05-14,2026-05-17,Delivered,44.4
ORD-002746,USPS,19.26,Ground,2026-06-14,2026-06-21,Delivered,23.98
ORD-002747,USPS,16.5,Ground,2026-05-19,2026-05-23,Delivered,18.23
ORD-002748,FedEx,11.33,Standard,2026-02-21,2026-02-27,In Transit,12.14
ORD-002749,FedEx,10.98,Ground,2026-03-01,2026-03-08,Delivered,11.42
ORD-002750,FedEx,15.14,2-Day,2026-07-06,2026-07-09,Delivered,8.89
ORD-002751,USPS,11.75,Ground,2026-02-07,2026-02-14,Delivered,13.02
ORD-002752,FedEx,11.42,Standard,2026-05-08,2026-05-12,Delivered,7.65
ORD-002753,USPS,9.67,Standard,2026-04-14,2026-04-20,Delivered,4.01
ORD-002754,USPS,12.93,Ground,2026-06-11,2026-06-15,Delivered,10.8
ORD-002755,FedEx,12.1,Standard,2026-07-30,2026-08-06,Delivered,13.76
ORD-002756,USPS,15.59,Ground,2026-03-15,2026-03-22,Delivered,21.03
ORD-002757,UPS,8.33,Standard,2026-07-11,2026-07-15,Delivered,5.89
ORD-002758,USPS,14.09,Standard,2026-07-05,2026-07-09,Delivered,11.48
ORD-002759,FedEx,13.18,Ground,2026-07-15,2026-07-22,Delivered,16.01
ORD-002760,UPS,15.32,Ground,2026-04-14,2026-04-17,Delivered,15.78
ORD-002761,UPS,19.98,Standard,2026-05-27,2026-06-04,Delivered,30.17
ORD-002762,UPS,12.08,Ground,2026-07-28,2026-08-03,Delivered,9.02
ORD-002763,FedEx,10.38,Ground,2026-02-21,2026-02-28,Delivered,5.48
ORD-002764,FedEx,17.47,2-Day,2026-04-05,2026-04-08,Delivered,12.02
ORD-002765,UPS,12.25,Ground,2026-06-21,2026-06-26,Delivered,9.38
ORD-002766,UPS,9.43,Standard,2026-07-09,2026-07-16,In Transit,8.18
ORD-002767,USPS,11.28,Ground,2026-02-13,2026-02-19,Delivered,7.36
ORD-002768,UPS,12.12,Ground,2026-02-18,2026-02-24,Delivered,13.8
ORD-002769,UPS,8.66,Ground,2026-04-01,2026-04-08,Delivered,6.58
ORD-002770,USPS,16.5,Ground,2026-06-06,2026-06-12,Delivered,18.22
ORD-002771,FedEx,21.66,2-Day,2026-03-01,2026-03-03,In Transit,17.66
ORD-002772,UPS,12.53,Standard,2026-05-09,2026-05-15,Delivered,14.65
ORD-002773,FedEx,7.84,Ground,2026-05-16,2026-05-22,Delivered,4.87
ORD-002774,FedEx,14.17,Ground,2026-05-06,2026-05-11,Delivered,13.37
ORD-002775,UPS,18.28,Ground,2026-07-22,2026-07-27,Delivered,21.94
ORD-002776,USPS,22.72,2-Day,2026-02-06,2026-02-09,Delivered,19.08
ORD-002777,FedEx,13.84,Ground,2026-07-13,2026-07-18,Delivered,17.37
ORD-002778,USPS,13.2,Ground,2026-04-20,2026-04-26,Delivered,11.36
ORD-002779,UPS,10.78,Ground,2026-05-03,2026-05-08,Delivered,11.0
ORD-002780,UPS,17.13,Ground,2026-02-12,2026-02-16,Delivered,24.23
ORD-002781,UPS,12.05,Ground,2026-06-06,2026-06-13,Delivered,13.65
ORD-002782,UPS,12.1,Ground,2026-02-04,2026-02-07,Delivered,13.76
ORD-002783,FedEx,47.49,2-Day,2026-06-12,2026-06-14,Delivered,52.37
ORD-002784,UPS,9.76,Ground,2026-04-01,2026-04-04,Delivered,8.88
ORD-002785,USPS,6.13,Standard,2026-02-04,2026-02-10,Delivered,1.32
ORD-002786,FedEx,10.23,Ground,2026-08-03,2026-08-10,Delivered,9.86
ORD-002787,USPS,12.69,Ground,2026-02-27,2026-03-04,Delivered,10.29
ORD-002788,FedEx,18.58,2-Day,2026-07-16,2026-07-17,Delivered,13.51
ORD-002789,USPS,30.31,2-Day,2026-07-10,2026-07-13,Delivered,15.68
ORD-002790,USPS,6.28,Ground,2026-04-24,2026-04-28,Delivered,1.62
ORD-002791,UPS,20.35,2-Day,2026-06-13,2026-06-14,Delivered,15.89
ORD-002792,FedEx,12.91,Ground,2026-07-18,2026-07-21,Delivered,10.74
ORD-002793,UPS,12.16,Standard,2026-05-07,2026-05-12,Delivered,9.18
ORD-002794,USPS,6.72,Standard,2026-04-19,2026-04-23,Delivered,2.55
ORD-002795,FedEx,20.93,Ground,2026-07-01,2026-07-06,In Transit,27.45
ORD-002796,USPS,9.39,Ground,2026-06-15,2026-06-21,Delivered,8.1
ORD-002797,FedEx,16.16,Ground,2026-07-31,2026-08-06,Delivered,17.52
ORD-002798,UPS,8.29,Ground,2026-06-13,2026-06-16,Delivered,5.82
ORD-002799,UPS,14.43,Ground,2026-06-05,2026-06-09,Delivered,13.91
ORD-002800,USPS,9.96,Ground,2026-04-26,2026-05-02,Delivered,9.29
ORD-002801,USPS,13.74,Standard,2026-04-03,2026-04-08,Delivered,17.17
ORD-002802,FedEx,18.75,2-Day,2026-05-23,2026-05-24,Delivered,9.06
ORD-002803,USPS,16.18,2-Day,2026-05-12,2026-05-14,Delivered,5.6
ORD-002804,UPS,13.07,Ground,2026-05-15,2026-05-19,Delivered,11.08
ORD-002805,UPS,10.63,Ground,2026-05-02,2026-05-08,Delivered,10.69
ORD-002806,USPS,18.09,Ground,2026-07-07,2026-07-13,Delivered,13.3
ORD-002807,FedEx,17.64,Ground,2026-05-02,2026-05-07,Delivered,20.6
ORD-002808,UPS,9.96,Standard,2026-03-18,2026-03-22,Delivered,4.61
ORD-002809,FedEx,15.07,Ground,2026-07-23,2026-07-28,Delivered,19.94
ORD-002810,USPS,9.68,Standard,2026-06-08,2026-06-14,Delivered,4.02
ORD-002811,UPS,15.79,Ground,2026-07-06,2026-07-09,Delivered,16.74
ORD-002812,USPS,17.54,Standard,2026-07-21,2026-07-25,In Transit,17.09
ORD-002813,UPS,9.23,Ground,2026-05-29,2026-06-02,Delivered,7.78
ORD-002814,UPS,8.41,Ground,2026-04-13,2026-04-20,In Transit,6.06
ORD-002815,FedEx,8.28,Ground,2026-03-17,2026-03-21,Delivered,5.8
ORD-002816,UPS,13.43,Ground,2026-03-28,2026-04-01,Delivered,11.83
ORD-002817,UPS,14.05,Ground,2026-07-11,2026-07-16,Delivered,17.81
ORD-002818,FedEx,19.51,2-Day,2026-02-08,2026-02-11,Delivered,10.08
ORD-002819,USPS,8.3,Standard,2026-03-17,2026-03-21,Delivered,1.15
ORD-002820,FedEx,9.05,Ground,2026-05-23,2026-05-26,In Transit,7.4
ORD-002821,USPS,11.21,Ground,2026-06-12,2026-06-18,Delivered,7.2
ORD-002822,FedEx,12.99,Ground,2026-04-27,2026-05-03,Delivered,15.61
ORD-002823,FedEx,13.25,Ground,2026-07-01,2026-07-07,In Transit,16.14
ORD-002824,UPS,28.98,Ground,2026-03-09,2026-03-13,Delivered,12.47
ORD-002825,FedEx,17.33,Standard,2026-06-19,2026-06-27,Delivered,19.96
ORD-002826,UPS,15.54,Standard,2026-02-20,2026-02-25,Delivered,20.92
ORD-002827,UPS,9.21,Ground,2026-08-02,2026-08-06,Delivered,7.73
ORD-002828,UPS,10.49,Ground,2026-04-01,2026-04-08,Delivered,5.7
ORD-002829,UPS,10.58,Ground,2026-07-13,2026-07-17,Delivered,10.59
ORD-002830,USPS,11.48,Standard,2026-05-24,2026-05-28,Delivered,12.45
ORD-002831,UPS,9.07,Standard,2026-05-11,2026-05-19,Delivered,7.44
ORD-002832,FedEx,56.72,2-Day,2026-02-27,2026-02-28,Delivered,60.09
ORD-002833,USPS,18.2,Ground,2026-04-04,2026-04-09,Delivered,26.46
ORD-002834,FedEx,8.82,Ground,2026-07-19,2026-07-24,Delivered,6.92
ORD-002835,UPS,7.79,Ground,2026-04-10,2026-04-14,Delivered,4.77
ORD-002836,UPS,13.35,2-Day,2026-08-02,2026-08-03,Delivered,6.49
ORD-002838,UPS,15.65,Ground,2026-06-22,2026-06-27,Delivered,21.15
ORD-002839,USPS,15.81,Ground,2026-03-09,2026-03-16,Delivered,21.48
ORD-002840,UPS,28.36,2-Day,2026-06-19,2026-06-21,Delivered,26.66
ORD-002841,UPS,8.17,Standard,2026-02-15,2026-02-20,Delivered,5.56
ORD-002842,FedEx,15.22,Standard,2026-07-31,2026-08-05,Delivered,15.57
ORD-002843,FedEx,10.63,Standard,2026-06-15,2026-06-19,Delivered,5.99
ORD-002844,UPS,22.27,Standard,2026-04-27,2026-05-02,Delivered,30.25
ORD-002845,UPS,16.27,2-Day,2026-02-09,2026-02-11,Delivered,5.72
ORD-002846,USPS,7.36,Standard,2026-05-14,2026-05-22,Delivered,3.88
ORD-002847,USPS,9.93,Ground,2026-03-30,2026-04-05,Delivered,4.55
ORD-002848,UPS,16.8,2-Day,2026-07-18,2026-07-20,Delivered,11.12
ORD-002849,FedEx,13.97,Standard,2026-05-29,2026-06-04,Delivered,17.65
ORD-002850,FedEx,15.87,Ground,2026-05-04,2026-05-07,In Transit,16.91
ORD-002852,UPS,7.76,Ground,2026-04-04,2026-04-08,Delivered,4.71
ORD-002853,FedEx,9.54,Ground,2026-04-14,2026-04-20,Delivered,8.41
ORD-002855,FedEx,9.15,Ground,2026-07-12,2026-07-16,Delivered,7.6
ORD-002856,UPS,15.11,2-Day,2026-06-24,2026-06-27,Delivered,4.16
ORD-002857,USPS,14.08,2-Day,2026-04-08,2026-04-10,Delivered,7.47
ORD-002858,FedEx,17.96,Ground,2026-04-20,2026-04-27,Delivered,25.96
ORD-002859,FedEx,7.26,Ground,2026-03-19,2026-03-23,In Transit,3.67
ORD-002860,UPS,11.75,Ground,2026-05-25,2026-05-28,Delivered,13.02
ORD-002862,USPS,18.14,Standard,2026-04-05,2026-04-12,Delivered,26.33
ORD-002863,FedEx,19.99,Standard,2026-06-21,2026-06-26,Delivered,25.49
ORD-002864,UPS,31.68,2-Day,2026-04-07,2026-04-08,Delivered,31.12
ORD-002865,FedEx,14.42,Standard,2026-06-01,2026-06-05,Delivered,13.89
ORD-002866,FedEx,15.08,Ground,2026-06-21,2026-06-25,Delivered,15.28
ORD-002867,UPS,9.13,Standard,2026-03-12,2026-03-16,In Transit,7.57
ORD-002868,FedEx,7.23,Ground,2026-05-20,2026-05-23,Delivered,3.6
ORD-002869,USPS,12.58,Standard,2026-06-03,2026-06-08,Delivered,10.07
ORD-002870,UPS,25.5,2-Day,2026-03-31,2026-04-02,In Transit,22.81
ORD-002871,UPS,6.04,Ground,2026-07-20,2026-07-23,Delivered,1.13
ORD-002872,UPS,9.26,Ground,2026-07-25,2026-07-28,Delivered,7.84
ORD-002873,UPS,15.56,Ground,2026-03-20,2026-03-26,Delivered,16.27
ORD-002874,UPS,13.14,Ground,2026-04-02,2026-04-08,Delivered,11.23
ORD-002875,USPS,17.31,Ground,2026-02-09,2026-02-12,Delivered,24.61
ORD-002876,FedEx,17.99,Standard,2026-05-04,2026-05-11,Delivered,21.34
ORD-002877,FedEx,9.29,Standard,2026-06-22,2026-06-26,Delivered,3.2
ORD-002878,FedEx,13.46,Ground,2026-08-01,2026-08-04,Delivered,11.89
ORD-002879,USPS,10.74,Ground,2026-06-16,2026-06-21,Delivered,6.23
ORD-002880,UPS,8.46,Standard,2026-04-11,2026-04-16,Delivered,6.16
ORD-002881,UPS,7.15,Standard,2026-02-27,2026-03-03,Delivered,3.44
ORD-002882,USPS,11.88,Ground,2026-05-26,2026-05-30,Delivered,13.29
ORD-002883,FedEx,17.47,Ground,2026-03-28,2026-04-03,Delivered,24.93
ORD-002884,FedEx,22.5,2-Day,2026-04-14,2026-04-16,Delivered,14.1
ORD-002885,UPS,14.42,2-Day,2026-03-31,2026-04-02,Delivered,3.24
ORD-002886,FedEx,12.92,Ground,2026-03-19,2026-03-24,Delivered,10.78
ORD-002887,UPS,13.11,Ground,2026-02-06,2026-02-10,In Transit,15.85
ORD-002888,FedEx,10.41,Ground,2026-06-24,2026-06-28,Delivered,10.22
ORD-002889,FedEx,18.89,2-Day,2026-03-02,2026-03-04,Delivered,13.93
ORD-002890,FedEx,10.94,Ground,2026-04-10,2026-04-17,Delivered,6.64
ORD-002891,FedEx,10.0,Standard,2026-07-13,2026-07-20,Delivered,9.38
ORD-002892,FedEx,9.8,Ground,2026-07-24,2026-07-27,Delivered,8.96
ORD-002893,FedEx,18.86,Standard,2026-06-22,2026-06-28,Delivered,27.83
ORD-002894,FedEx,7.8,Standard,2026-06-22,2026-06-30,Delivered,4.8
ORD-002895,UPS,6.14,Standard,2026-07-03,2026-07-11,Delivered,1.33
ORD-002896,USPS,18.33,Ground,2026-05-30,2026-06-03,Delivered,26.73
ORD-002897,FedEx,13.6,Ground,2026-05-08,2026-05-15,Delivered,12.18
ORD-002898,USPS,11.48,2-Day,2026-02-08,2026-02-09,In Transit,3.97
ORD-002899,USPS,17.43,Standard,2026-04-04,2026-04-11,Delivered,20.16
ORD-002900,UPS,15.67,Standard,2026-04-17,2026-04-21,In Transit,16.5
ORD-002901,USPS,20.22,Ground,2026-02-19,2026-02-25,Delivered,30.67
ORD-002902,USPS,11.67,Ground,2026-02-26,2026-03-01,Delivered,12.85
ORD-002903,FedEx,26.85,Ground,2026-04-16,2026-04-23,Delivered,44.48
ORD-002904,UPS,12.69,Standard,2026-02-19,2026-02-23,Delivered,10.29
ORD-002905,USPS,13.43,Standard,2026-03-25,2026-03-31,Delivered,16.52
ORD-002906,UPS,25.48,2-Day,2026-02-24,2026-02-25,Delivered,18.1
ORD-002907,UPS,34.78,Ground,2026-06-23,2026-06-28,Delivered,61.0
ORD-002908,UPS,14.53,2-Day,2026-06-28,2026-06-29,Delivered,8.07
ORD-002909,UPS,14.39,2-Day,2026-03-21,2026-03-24,Delivered,7.88
ORD-002910,UPS,14.31,Ground,2026-03-11,2026-03-15,Delivered,18.35
ORD-002911,FedEx,7.26,Ground,2026-03-09,2026-03-14,Delivered,3.67
ORD-002912,USPS,8.47,Ground,2026-04-11,2026-04-17,Delivered,6.19
ORD-002914,USPS,12.59,Standard,2026-05-27,2026-05-31,Delivered,10.08
ORD-002915,UPS,30.9,2-Day,2026-02-25,2026-02-28,Delivered,30.08
ORD-002916,UPS,16.56,Ground,2026-04-22,2026-04-28,Delivered,18.35
ORD-002917,USPS,11.18,Standard,2026-05-17,2026-05-25,Delivered,11.84
ORD-002919,USPS,11.35,Standard,2026-05-12,2026-05-19,In Transit,7.51
ORD-002920,FedEx,25.83,Ground,2026-02-23,2026-02-27,Delivered,37.67
ORD-002921,FedEx,10.65,Standard,2026-04-15,2026-04-20,Delivered,10.73
ORD-002923,UPS,8.47,Standard,2026-06-06,2026-06-10,Delivered,6.19
ORD-002924,FedEx,27.99,Ground,2026-02-16,2026-02-19,Delivered,42.16
ORD-002925,FedEx,9.58,Ground,2026-02-24,2026-02-27,In Transit,3.82
ORD-002927,USPS,19.95,Standard,2026-02-25,2026-03-04,Delivered,25.42
ORD-002928,USPS,16.88,Ground,2026-06-19,2026-06-25,In Transit,11.32
ORD-002929,UPS,14.29,Ground,2026-07-02,2026-07-05,In Transit,18.32
ORD-002930,USPS,15.54,Ground,2026-04-14,2026-04-21,Delivered,16.22
ORD-002932,FedEx,14.21,Ground,2026-04-24,2026-04-27,Delivered,18.15
ORD-002933,FedEx,29.12,Standard,2026-05-16,2026-05-20,Delivered,44.53
ORD-002934,UPS,27.12,Ground,2026-03-12,2026-03-15,In Transit,40.36
ORD-002935,UPS,10.85,Ground,2026-02-19,2026-02-25,Delivered,6.46
ORD-002936,FedEx,20.29,2-Day,2026-02-15,2026-02-18,Delivered,15.81
ORD-002937,USPS,6.59,Ground,2026-03-04,2026-03-08,Delivered,2.27
ORD-002938,USPS,18.99,Ground,2026-06-25,2026-06-30,Delivered,19.45
ORD-002939,FedEx,16.29,Ground,2026-05-06,2026-05-13,Delivered,22.47
ORD-002940,UPS,8.4,Ground,2026-07-19,2026-07-24,Delivered,1.35
ORD-002941,UPS,10.79,Standard,2026-07-14,2026-07-20,Delivered,11.02
ORD-002942,UPS,22.14,2-Day,2026-02-07,2026-02-09,Delivered,18.3
ORD-002943,USPS,12.38,Standard,2026-06-05,2026-06-10,Delivered,14.33
ORD-002944,USPS,7.37,Ground,2026-03-03,2026-03-10,Delivered,3.89
ORD-002945,USPS,9.81,Standard,2026-03-08,2026-03-12,In Transit,4.29
ORD-002946,UPS,10.35,Ground,2026-06-09,2026-06-12,Delivered,10.1
ORD-002947,FedEx,9.37,Ground,2026-06-25,2026-06-28,Delivered,8.07
ORD-002949,FedEx,9.66,Standard,2026-07-26,2026-07-30,Delivered,8.67
ORD-002951,UPS,7.14,Ground,2026-05-29,2026-06-04,Delivered,3.41
ORD-002952,USPS,13.25,Standard,2026-05-25,2026-05-30,Delivered,11.46
ORD-002953,FedEx,22.26,Ground,2026-03-11,2026-03-14,Delivered,30.22
ORD-002954,UPS,7.44,Standard,2026-02-21,2026-03-01,Delivered,4.05
ORD-002955,UPS,10.06,Ground,2026-07-20,2026-07-26,In Transit,9.49
ORD-002956,FedEx,13.65,Ground,2026-03-04,2026-03-11,Delivered,16.98
ORD-002957,FedEx,9.04,Standard,2026-03-30,2026-04-05,Delivered,2.68
ORD-002958,USPS,11.04,Ground,2026-02-06,2026-02-12,Delivered,11.54
ORD-002960,FedEx,16.08,Ground,2026-04-04,2026-04-11,In Transit,22.04
ORD-002961,FedEx,12.15,2-Day,2026-04-28,2026-04-30,Delivered,4.87
ORD-002962,FedEx,13.68,Standard,2026-03-13,2026-03-21,Delivered,12.35
ORD-002963,FedEx,15.58,Standard,2026-04-08,2026-04-14,Delivered,21.01
ORD-002964,UPS,146.0,2-Day,2026-05-29,2026-06-01,Delivered,43.11
ORD-002965,FedEx,11.22,Ground,2026-06-14,2026-06-21,Delivered,11.91
ORD-002966,FedEx,8.53,Standard,2026-07-07,2026-07-11,Delivered,6.31
ORD-002967,FedEx,6.42,Ground,2026-05-08,2026-05-15,Delivered,1.92
ORD-002968,UPS,8.55,Ground,2026-02-11,2026-02-16,Delivered,6.35
ORD-002969,FedEx,9.3,Ground,2026-07-19,2026-07-22,Delivered,3.23
ORD-002970,UPS,20.75,Standard,2026-06-08,2026-06-15,Delivered,31.78
ORD-002971,USPS,17.44,Ground,2026-02-23,2026-03-01,Delivered,20.18
ORD-002972,UPS,7.56,Standard,2026-06-29,2026-07-06,Delivered,4.29
ORD-002973,UPS,8.39,Ground,2026-05-30,2026-06-04,Delivered,6.02
ORD-002974,USPS,11.15,Ground,2026-02-05,2026-02-09,Delivered,11.77
ORD-002975,UPS,28.33,2-Day,2026-08-01,2026-08-04,Delivered,21.93
ORD-002976,UPS,15.35,Standard,2026-03-11,2026-03-19,Delivered,15.84
ORD-002977,FedEx,12.61,Ground,2026-02-16,2026-02-19,Delivered,14.81
ORD-002978,UPS,18.15,2-Day,2026-05-16,2026-05-17,Delivered,12.94
ORD-002979,USPS,7.66,Ground,2026-02-04,2026-02-10,Delivered,4.5
ORD-002980,FedEx,13.45,Standard,2026-06-29,2026-07-03,Delivered,11.88
ORD-002981,USPS,12.97,Ground,2026-02-07,2026-02-10,Delivered,10.88
ORD-002982,USPS,8.99,Ground,2026-07-06,2026-07-13,Delivered,3.18
ORD-002983,UPS,20.51,Standard,2026-08-03,2026-08-09,In Transit,31.28
ORD-002984,UPS,8.87,Ground,2026-05-16,2026-05-23,Delivered,7.03
ORD-002985,UPS,10.96,2-Day,2026-07-19,2026-07-21,Delivered,3.27
ORD-002986,FedEx,11.59,Ground,2026-06-09,2026-06-14,Delivered,7.99
ORD-002987,UPS,9.93,Standard,2026-07-09,2026-07-16,Delivered,9.22
ORD-002988,FedEx,12.86,Ground,2026-02-10,2026-02-16,In Transit,10.64
ORD-002989,UPS,12.12,Standard,2026-03-22,2026-03-29,Delivered,9.1
ORD-002990,UPS,10.82,Standard,2026-02-05,2026-02-11,Delivered,11.08
ORD-002991,FedEx,13.74,Ground,2026-02-19,2026-02-24,Delivered,12.47
ORD-002992,UPS,13.52,Ground,2026-03-29,2026-04-04,Delivered,12.02
ORD-002993,USPS,16.1,Ground,2026-07-27,2026-08-01,Delivered,14.74
ORD-002994,USPS,19.94,2-Day,2026-04-10,2026-04-13,Delivered,15.34
ORD-002995,UPS,15.24,Ground,2026-04-15,2026-04-20,Delivered,15.61
ORD-002996,FedEx,14.28,Standard,2026-02-12,2026-02-19,Delivered,18.3
ORD-002997,UPS,10.84,Standard,2026-07-09,2026-07-15,Delivered,6.43
ORD-002998,FedEx,10.93,Standard,2026-06-03,2026-06-10,Delivered,6.62
ORD-002999,USPS,24.89,2-Day,2026-03-06,2026-03-09,Delivered,21.99
ORD-003000,FedEx,11.68,Ground,2026-02-20,2026-02-23,Delivered,8.18
ORD-003002,FedEx,16.12,2-Day,2026-07-02,2026-07-05,Delivered,10.21
ORD-003003,FedEx,10.08,Ground,2026-05-21,2026-05-25,Delivered,9.55
ORD-003004,UPS,25.72,Ground,2026-02-07,2026-02-10,Delivered,42.13
ORD-003005,USPS,10.42,Ground,2026-03-24,2026-03-31,Delivered,5.57
ORD-003006,FedEx,10.38,Standard,2026-02-10,2026-02-14,Delivered,5.48
ORD-003007,USPS,10.83,Ground,2026-03-23,2026-03-30,Delivered,11.11
ORD-003008,UPS,12.43,Ground,2026-05-09,2026-05-14,Delivered,9.76
ORD-003009,USPS,7.54,Standard,2026-03-31,2026-04-08,In Transit,4.26
ORD-003010,UPS,10.52,Standard,2026-07-02,2026-07-08,Delivered,10.46
ORD-003011,FedEx,13.19,Ground,2026-04-06,2026-04-13,In Transit,11.33
ORD-003012,USPS,9.13,Ground,2026-02-03,2026-02-10,Delivered,7.56
ORD-003013,USPS,10.3,Ground,2026-03-09,2026-03-14,Delivered,10.01
ORD-003014,USPS,10.64,Standard,2026-04-30,2026-05-05,Delivered,6.02
ORD-003015,USPS,7.54,Ground,2026-03-05,2026-03-09,Delivered,4.26
ORD-003016,UPS,11.65,Ground,2026-04-15,2026-04-18,Delivered,8.13
ORD-003017,FedEx,7.83,Standard,2026-06-29,2026-07-07,Delivered,4.86
ORD-003018,UPS,7.21,Ground,2026-05-27,2026-06-02,Delivered,3.56
ORD-003019,FedEx,30.59,Ground,2026-04-14,2026-04-17,In Transit,1.84
ORD-003020,FedEx,14.03,Ground,2026-03-12,2026-03-16,Delivered,13.09
ORD-003021,UPS,9.31,Standard,2026-06-29,2026-07-03,In Transit,7.93
ORD-003022,UPS,16.1,Standard,2026-02-20,2026-02-28,Delivered,22.08
ORD-003023,FedEx,9.55,Standard,2026-04-24,2026-05-02,Delivered,8.44
ORD-003024,USPS,15.06,Ground,2026-07-24,2026-07-31,Delivered,13.05
ORD-003025,UPS,8.74,Ground,2026-06-02,2026-06-05,Delivered,6.76
ORD-003026,USPS,10.71,Standard,2026-06-10,2026-06-17,Delivered,10.86
ORD-003028,UPS,8.64,Ground,2026-05-25,2026-05-31,Delivered,1.86
ORD-003029,UPS,9.36,Ground,2026-07-04,2026-07-10,Delivered,8.04
ORD-003030,UPS,10.44,Ground,2026-05-02,2026-05-06,Delivered,5.6
ORD-003031,FedEx,17.65,Standard,2026-07-16,2026-07-20,Delivered,20.63
ORD-003032,FedEx,13.74,Standard,2026-04-27,2026-05-04,Delivered,12.47
ORD-003033,UPS,14.51,Ground,2026-04-11,2026-04-15,Delivered,18.78
ORD-003034,FedEx,19.1,Ground,2026-07-16,2026-07-23,Delivered,23.65
ORD-003035,USPS,9.12,Ground,2026-03-23,2026-03-26,Delivered,7.54
ORD-003037,UPS,13.56,Ground,2026-04-09,2026-04-12,Delivered,12.1
ORD-003038,FedEx,7.65,Ground,2026-04-13,2026-04-17,Delivered,4.48
ORD-003039,UPS,12.42,Standard,2026-05-22,2026-05-29,Delivered,14.42
ORD-003040,UPS,15.36,Ground,2026-05-01,2026-05-07,Delivered,15.86
ORD-003041,UPS,12.1,Ground,2026-04-18,2026-04-24,Delivered,13.76
ORD-003042,UPS,9.12,Standard,2026-04-01,2026-04-08,Delivered,7.54
ORD-003043,FedEx,21.4,Ground,2026-02-26,2026-03-04,Delivered,33.13
ORD-003044,FedEx,13.18,Ground,2026-06-19,2026-06-22,Delivered,11.31
ORD-003046,UPS,7.66,Ground,2026-06-16,2026-06-23,Delivered,4.5
ORD-003047,FedEx,13.6,Ground,2026-05-21,2026-05-27,Delivered,16.88
ORD-003048,UPS,24.17,2-Day,2026-03-27,2026-03-28,Delivered,21.03
ORD-003049,FedEx,15.42,2-Day,2026-05-26,2026-05-27,Delivered,4.58
ORD-003050,UPS,18.87,2-Day,2026-03-03,2026-03-05,Delivered,9.22
ORD-003051,UPS,9.29,Standard,2026-06-05,2026-06-10,Delivered,3.2
ORD-003052,UPS,26.55,2-Day,2026-07-06,2026-07-09,Delivered,24.23
ORD-003053,USPS,10.48,Ground,2026-04-26,2026-05-02,Delivered,10.38
ORD-003054,FedEx,8.2,Ground,2026-07-13,2026-07-17,Delivered,5.62
ORD-003055,UPS,15.68,Ground,2026-03-30,2026-04-05,Delivered,21.21
ORD-003056,USPS,13.07,Ground,2026-05-25,2026-06-01,Delivered,11.09
ORD-003057,USPS,14.79,Ground,2026-02-05,2026-02-11,Delivered,19.35
ORD-003058,FedEx,14.97,Ground,2026-03-09,2026-03-15,Delivered,15.05
ORD-003060,USPS,7.9,Ground,2026-04-30,2026-05-03,Delivered,5.0
ORD-003061,FedEx,9.02,Ground,2026-04-06,2026-04-12,Delivered,7.34
ORD-003062,USPS,13.45,Ground,2026-06-20,2026-06-25,Delivered,5.75
ORD-003063,FedEx,9.79,Ground,2026-02-26,2026-03-02,Delivered,4.24
ORD-003064,UPS,6.68,Ground,2026-05-14,2026-05-17,Delivered,2.46
ORD-003065,USPS,23.41,Standard,2026-05-21,2026-05-26,Delivered,37.31
ORD-003066,USPS,15.38,Ground,2026-06-24,2026-07-01,In Transit,13.58
ORD-003067,USPS,12.69,Ground,2026-06-16,2026-06-21,Delivered,14.98
ORD-003068,UPS,18.67,Ground,2026-07-31,2026-08-03,Delivered,22.75
ORD-003069,FedEx,11.24,Ground,2026-07-19,2026-07-25,Delivered,7.28
ORD-003070,UPS,11.08,2-Day,2026-05-22,2026-05-25,Delivered,3.43
ORD-003071,FedEx,16.51,Ground,2026-06-12,2026-06-17,Delivered,18.25
ORD-003072,FedEx,9.65,Ground,2026-06-03,2026-06-08,Delivered,3.96
ORD-003073,UPS,14.12,Standard,2026-05-21,2026-05-27,Delivered,17.96
ORD-003074,UPS,6.92,Ground,2026-06-13,2026-06-18,Delivered,2.95
ORD-003075,USPS,7.28,Ground,2026-02-16,2026-02-21,Delivered,3.71
ORD-003076,USPS,10.98,Standard,2026-06-14,2026-06-19,Delivered,6.72
ORD-003077,UPS,13.91,Ground,2026-04-26,2026-04-30,In Transit,17.52
ORD-003078,FedEx,20.09,Ground,2026-03-11,2026-03-17,Delivered,30.4
ORD-003079,UPS,12.69,Standard,2026-02-22,2026-02-27,Delivered,14.97
ORD-003080,UPS,11.08,Standard,2026-02-19,2026-02-25,Delivered,6.94
ORD-003081,FedEx,15.31,Ground,2026-06-04,2026-06-10,Delivered,20.44
ORD-003083,USPS,6.88,Standard,2026-04-25,2026-05-03,Delivered,2.87
ORD-003084,USPS,8.01,Ground,2026-02-03,2026-02-09,Delivered,5.23
ORD-003085,USPS,13.45,Ground,2026-02-11,2026-02-15,Delivered,11.87
ORD-003086,FedEx,46.01,Standard,2026-07-26,2026-08-01,Delivered,18.64
ORD-003088,FedEx,10.1,Ground,2026-02-21,2026-02-28,Delivered,9.58
ORD-003089,FedEx,11.99,Ground,2026-03-16,2026-03-21,Delivered,8.83
ORD-003090,USPS,15.38,2-Day,2026-04-06,2026-04-08,In Transit,9.22
ORD-003091,FedEx,16.36,Ground,2026-06-22,2026-06-29,In Transit,22.62
ORD-003092,UPS,8.41,Ground,2026-04-13,2026-04-20,Delivered,6.06
ORD-003093,USPS,7.87,Ground,2026-02-16,2026-02-22,Delivered,4.94
ORD-003094,FedEx,12.12,Ground,2026-07-21,2026-07-24,Delivered,9.11
ORD-003095,FedEx,19.59,Ground,2026-07-08,2026-07-12,Delivered,24.66
ORD-003096,FedEx,10.93,Ground,2026-07-13,2026-07-20,Delivered,6.63
ORD-003097,USPS,9.92,Standard,2026-03-14,2026-03-18,Delivered,9.2
ORD-003098,USPS,6.85,Standard,2026-04-20,2026-04-27,Delivered,2.82
ORD-003099,FedEx,10.06,Ground,2026-06-12,2026-06-18,Delivered,9.49
ORD-003100,USPS,14.05,Ground,2026-02-24,2026-02-28,Delivered,13.13
ORD-003101,UPS,14.97,2-Day,2026-05-14,2026-05-16,Delivered,3.97
ORD-003102,FedEx,16.37,Ground,2026-03-11,2026-03-14,Delivered,22.65
ORD-003103,UPS,18.2,2-Day,2026-05-23,2026-05-24,Delivered,13.01
ORD-003104,UPS,11.34,Ground,2026-07-13,2026-07-20,Delivered,7.47
ORD-003105,USPS,18.26,2-Day,2026-02-03,2026-02-04,Delivered,13.08
ORD-003106,FedEx,12.97,Ground,2026-03-16,2026-03-20,Delivered,15.57
ORD-003107,UPS,6.52,Ground,2026-03-31,2026-04-06,Delivered,2.12
ORD-003108,USPS,18.17,Standard,2026-08-04,2026-08-11,Delivered,13.43
ORD-003109,UPS,17.07,Standard,2026-04-05,2026-04-12,Delivered,24.11
ORD-003110,UPS,8.38,Ground,2026-07-30,2026-08-05,Delivered,5.99
ORD-003111,FedEx,9.14,Ground,2026-04-17,2026-04-20,In Transit,7.59
ORD-003112,FedEx,60.78,2-Day,2026-06-15,2026-06-17,In Transit,8.59
ORD-003113,UPS,16.76,Ground,2026-05-08,2026-05-13,Delivered,18.78
ORD-003114,USPS,9.95,Ground,2026-02-14,2026-02-17,Delivered,4.59
ORD-003115,USPS,14.99,Standard,2026-02-20,2026-02-24,Delivered,15.09
ORD-003116,UPS,11.93,Standard,2026-03-19,2026-03-23,Delivered,8.71
ORD-003117,FedEx,22.77,Standard,2026-05-18,2026-05-22,Delivered,31.3
ORD-003118,USPS,15.5,Ground,2026-06-27,2026-07-03,Delivered,9.09
ORD-003119,USPS,10.6,Ground,2026-07-08,2026-07-14,Delivered,1.11
ORD-003121,FedEx,15.92,Ground,2026-06-08,2026-06-13,Delivered,17.02
ORD-003122,USPS,15.99,Standard,2026-06-19,2026-06-27,In Transit,14.57
ORD-003124,UPS,11.56,Ground,2026-05-19,2026-05-24,Delivered,12.63
ORD-003125,FedEx,16.87,Ground,2026-06-04,2026-06-10,Delivered,23.68
ORD-003126,USPS,8.54,Ground,2026-07-19,2026-07-24,In Transit,2.44
ORD-003127,FedEx,8.04,Ground,2026-03-04,2026-03-08,Delivered,5.3
ORD-003128,UPS,16.58,2-Day,2026-06-03,2026-06-05,Delivered,10.83
ORD-003129,FedEx,11.34,Standard,2026-03-16,2026-03-22,Delivered,12.16
ORD-003130,UPS,10.16,Standard,2026-07-21,2026-07-27,Delivered,9.71
ORD-003131,UPS,9.12,Ground,2026-05-24,2026-05-29,Delivered,2.86
ORD-003133,UPS,14.22,2-Day,2026-02-11,2026-02-12,Delivered,7.65
ORD-003134,UPS,22.12,Ground,2026-05-07,2026-05-10,Delivered,29.93
ORD-003135,FedEx,7.61,Ground,2026-07-01,2026-07-06,Delivered,4.4
ORD-003136,UPS,12.86,Standard,2026-04-17,2026-04-25,Delivered,10.65
ORD-003137,USPS,15.01,Standard,2026-03-18,2026-03-26,Delivered,15.12
ORD-003138,FedEx,14.34,Standard,2026-03-01,2026-03-08,Delivered,18.42
ORD-003139,UPS,13.65,Standard,2026-05-05,2026-05-13,Delivered,16.97
ORD-003140,USPS,14.36,Ground,2026-08-01,2026-08-04,In Transit,7.23
ORD-003141,FedEx,8.03,Standard,2026-06-07,2026-06-13,Delivered,5.28
ORD-003142,UPS,20.6,Ground,2026-04-22,2026-04-26,Delivered,31.46
ORD-003143,UPS,14.92,Ground,2026-05-27,2026-05-31,In Transit,19.62
ORD-003144,UPS,10.97,Standard,2026-02-04,2026-02-11,Delivered,11.39
ORD-003145,UPS,18.14,Standard,2026-07-15,2026-07-21,Delivered,26.33
ORD-003146,USPS,7.16,Ground,2026-04-07,2026-04-12,Delivered,3.45
ORD-003147,UPS,6.05,Standard,2026-04-08,2026-04-12,Delivered,1.15
ORD-003148,UPS,11.29,Ground,2026-02-24,2026-03-01,Delivered,12.06
ORD-003149,UPS,11.49,Standard,2026-07-11,2026-07-17,Delivered,12.47
ORD-003150,UPS,7.02,Ground,2026-06-04,2026-06-08,Delivered,3.16
ORD-003151,USPS,14.7,Standard,2026-04-27,2026-05-05,Delivered,19.16
ORD-003152,UPS,6.34,Ground,2026-06-22,2026-06-29,Delivered,1.75
ORD-003153,UPS,22.39,2-Day,2026-03-18,2026-03-21,Delivered,13.95
ORD-003155,FedEx,13.27,Ground,2026-02-05,2026-02-08,Delivered,16.18
ORD-003156,UPS,11.24,Standard,2026-07-29,2026-08-03,In Transit,11.96
ORD-003158,UPS,9.07,Ground,2026-06-11,2026-06-14,In Transit,2.75
ORD-003159,USPS,21.49,Ground,2026-06-24,2026-07-01,Delivered,23.52
ORD-003160,FedEx,9.06,Standard,2026-08-02,2026-08-09,Delivered,7.41
ORD-003161,FedEx,9.07,Standard,2026-03-31,2026-04-04,In Transit,7.43
ORD-003162,USPS,8.54,Ground,2026-04-28,2026-05-01,Delivered,6.33
ORD-003163,UPS,13.83,Ground,2026-07-21,2026-07-27,Delivered,17.36
ORD-003164,UPS,11.18,Ground,2026-03-17,2026-03-24,Delivered,7.15
ORD-003165,FedEx,7.44,Ground,2026-04-12,2026-04-19,Delivered,4.05
ORD-003167,USPS,15.4,Standard,2026-04-20,2026-04-25,Delivered,20.63
ORD-003168,UPS,12.78,Ground,2026-06-06,2026-06-09,Delivered,10.47
ORD-003169,FedEx,15.63,Standard,2026-07-02,2026-07-06,Delivered,21.11
ORD-003170,USPS,16.7,Ground,2026-06-20,2026-06-24,Delivered,11.04
ORD-003171,UPS,8.38,Standard,2026-05-14,2026-05-20,Delivered,5.99
ORD-003172,FedEx,6.48,Ground,2026-04-04,2026-04-10,Delivered,2.04
ORD-003173,UPS,13.56,Ground,2026-07-16,2026-07-21,Delivered,12.1
ORD-003174,FedEx,9.63,Ground,2026-02-15,2026-02-21,Delivered,8.6
ORD-003175,USPS,14.06,Ground,2026-03-09,2026-03-14,Delivered,17.84
ORD-003176,FedEx,8.81,Standard,2026-06-28,2026-07-04,Delivered,6.89
ORD-003177,UPS,33.06,Standard,2026-05-15,2026-05-19,Delivered,14.24
ORD-003178,FedEx,10.65,Ground,2026-06-08,2026-06-14,Delivered,10.72
ORD-003180,UPS,8.17,Ground,2026-06-13,2026-06-18,Delivered,5.57
ORD-003181,FedEx,9.01,Ground,2026-07-16,2026-07-23,Delivered,7.32
ORD-003182,UPS,9.37,Ground,2026-05-16,2026-05-19,In Transit,3.38
ORD-003183,USPS,23.52,Standard,2026-02-17,2026-02-23,Delivered,32.85
ORD-003184,UPS,12.23,Standard,2026-03-12,2026-03-17,Delivered,14.03
ORD-003185,UPS,7.02,Ground,2026-05-23,2026-05-26,Delivered,3.17
ORD-003186,USPS,20.76,Ground,2026-05-09,2026-05-14,Delivered,31.79
ORD-003187,UPS,7.59,Ground,2026-07-17,2026-07-21,In Transit,4.35
ORD-003188,UPS,8.76,Ground,2026-07-01,2026-07-08,Delivered,6.8
ORD-003189,FedEx,9.86,Ground,2026-05-26,2026-06-01,Delivered,9.08
ORD-003191,FedEx,20.12,2-Day,2026-03-07,2026-03-10,Delivered,10.9
ORD-003192,UPS,16.16,Ground,2026-05-26,2026-06-02,In Transit,17.52
ORD-003193,USPS,8.51,Ground,2026-03-08,2026-03-13,Delivered,1.58
ORD-003194,FedEx,13.04,Standard,2026-05-30,2026-06-04,Delivered,11.03
ORD-003195,FedEx,11.94,Ground,2026-08-01,2026-08-08,Delivered,8.73
ORD-003196,FedEx,11.38,Ground,2026-07-18,2026-07-22,Delivered,12.25
ORD-003197,UPS,14.78,2-Day,2026-03-12,2026-03-14,Delivered,8.41
ORD-003198,UPS,11.39,Standard,2026-05-17,2026-05-24,In Transit,7.58
ORD-003199,FedEx,12.48,Ground,2026-05-14,2026-05-20,Delivered,9.86
ORD-003200,UPS,20.23,Standard,2026-03-16,2026-03-24,Delivered,30.69
ORD-003201,USPS,9.19,Ground,2026-04-30,2026-05-03,Delivered,7.69
ORD-003202,FedEx,16.46,Standard,2026-02-03,2026-02-08,Delivered,22.84
ORD-003203,UPS,13.46,Ground,2026-03-30,2026-04-03,Delivered,11.89
ORD-003204,FedEx,11.02,Ground,2026-07-24,2026-07-28,In Transit,11.5
ORD-003205,USPS,13.67,Ground,2026-05-15,2026-05-18,Delivered,12.34
ORD-003206,FedEx,12.74,Standard,2026-06-25,2026-06-29,Delivered,15.09
ORD-003207,UPS,11.67,Ground,2026-03-31,2026-04-06,Delivered,8.16
ORD-003208,USPS,18.23,Standard,2026-03-08,2026-03-13,Delivered,21.84
ORD-003209,UPS,12.76,Standard,2026-08-02,2026-08-09,Delivered,15.12
ORD-003210,UPS,9.51,Standard,2026-05-29,2026-06-05,Delivered,3.66
ORD-003211,FedEx,6.04,Ground,2026-03-19,2026-03-22,Delivered,1.12
ORD-003212,UPS,19.94,Ground,2026-06-05,2026-06-08,Delivered,30.09
ORD-003213,FedEx,13.8,Standard,2026-05-27,2026-06-03,Delivered,12.61
ORD-003214,USPS,7.06,Standard,2026-02-03,2026-02-10,Delivered,3.26
ORD-003215,UPS,48.47,2-Day,2026-06-12,2026-06-15,In Transit,7.68
ORD-003216,UPS,17.16,Ground,2026-04-12,2026-04-19,Delivered,19.61
ORD-003217,USPS,47.5,Ground,2026-07-02,2026-07-05,Delivered,9.44
ORD-003218,UPS,19.51,2-Day,2026-06-29,2026-06-30,In Transit,10.08
ORD-003219,UPS,13.79,Ground,2026-08-01,2026-08-08,Delivered,17.28
ORD-003220,FedEx,11.96,Standard,2026-04-18,2026-04-22,Delivered,13.46
ORD-003222,UPS,15.37,Standard,2026-03-14,2026-03-20,Delivered,15.87
ORD-003223,USPS,13.74,Ground,2026-02-28,2026-03-07,Delivered,17.16
ORD-003224,UPS,8.44,Ground,2026-03-23,2026-03-27,Delivered,6.13
ORD-003225,UPS,16.93,2-Day,2026-07-04,2026-07-07,Delivered,6.61
ORD-003226,USPS,13.32,Ground,2026-07-18,2026-07-23,Delivered,5.54
ORD-003227,FedEx,11.06,Ground,2026-06-10,2026-06-17,Delivered,6.9
ORD-003228,UPS,10.2,Ground,2026-02-19,2026-02-25,In Transit,9.79
ORD-003229,UPS,12.7,Ground,2026-02-23,2026-02-26,Delivered,10.32
ORD-003231,UPS,17.89,Standard,2026-05-25,2026-06-01,Delivered,25.82
ORD-003232,UPS,14.0,Ground,2026-04-04,2026-04-09,In Transit,13.02
ORD-003233,FedEx,12.52,Ground,2026-02-15,2026-02-20,Delivered,9.94
ORD-003234,UPS,9.95,Ground,2026-03-02,2026-03-05,Delivered,4.58
ORD-003235,FedEx,9.6,Standard,2026-04-30,2026-05-06,Delivered,8.54
ORD-003236,UPS,35.48,2-Day,2026-06-10,2026-06-13,Delivered,31.54
ORD-003237,USPS,22.74,Standard,2026-05-14,2026-05-22,In Transit,31.22
ORD-003238,UPS,9.56,Ground,2026-07-28,2026-08-02,Delivered,8.46
ORD-003239,USPS,8.87,Ground,2026-04-08,2026-04-13,Delivered,2.33
ORD-003240,UPS,11.41,Ground,2026-03-13,2026-03-18,Delivered,7.63
ORD-003241,FedEx,27.87,2-Day,2026-06-16,2026-06-19,In Transit,26.0
ORD-003242,UPS,10.22,Standard,2026-04-05,2026-04-09,Delivered,9.84
ORD-003243,USPS,21.39,2-Day,2026-06-14,2026-06-15,Delivered,17.29
ORD-003244,USPS,13.61,Standard,2026-06-19,2026-06-27,Delivered,10.69
ORD-003245,FedEx,6.95,Ground,2026-07-03,2026-07-07,Delivered,3.02
ORD-003246,USPS,25.81,2-Day,2026-06-30,2026-07-01,Delivered,10.96
ORD-003247,FedEx,22.53,2-Day,2026-05-08,2026-05-10,Delivered,18.83
ORD-003249,USPS,11.23,Standard,2026-07-17,2026-07-24,Delivered,6.82
ORD-003250,USPS,18.41,Standard,2026-06-23,2026-06-28,Delivered,18.51
ORD-003251,USPS,16.96,Ground,2026-07-19,2026-07-24,In Transit,11.46
ORD-003252,USPS,14.07,Ground,2026-03-12,2026-03-16,In Transit,17.86
ORD-003253,USPS,14.27,Ground,2026-02-12,2026-02-18,Delivered,13.59
ORD-003254,FedEx,7.83,Ground,2026-05-07,2026-05-13,Delivered,4.85
ORD-003255,USPS,14.93,2-Day,2026-04-13,2026-04-16,Delivered,8.61
ORD-003256,USPS,9.53,Ground,2026-03-10,2026-03-13,Delivered,8.4
ORD-003257,UPS,8.65,Standard,2026-04-15,2026-04-23,Delivered,6.57
ORD-003258,UPS,18.09,2-Day,2026-02-10,2026-02-13,Delivered,12.86
ORD-003259,UPS,22.36,Ground,2026-05-21,2026-05-25,Delivered,35.12
ORD-003260,FedEx,15.99,Standard,2026-02-04,2026-02-08,Delivered,21.85
ORD-003261,USPS,16.9,Standard,2026-05-10,2026-05-15,Delivered,23.76
ORD-003262,USPS,8.5,Standard,2026-03-14,2026-03-20,Delivered,6.25
ORD-003263,UPS,19.27,Ground,2026-07-14,2026-07-19,Delivered,24.01
ORD-003264,UPS,21.75,Ground,2026-03-12,2026-03-18,Delivered,29.17
ORD-003265,USPS,8.42,Standard,2026-03-20,2026-03-28,Delivered,6.09
ORD-003266,USPS,22.9,2-Day,2026-05-23,2026-05-25,In Transit,14.64
ORD-003267,UPS,12.65,Ground,2026-06-26,2026-07-03,Delivered,14.9
ORD-003268,FedEx,12.11,Ground,2026-05-29,2026-06-04,Delivered,9.08
ORD-003269,FedEx,11.34,Standard,2026-06-23,2026-06-29,In Transit,12.16
ORD-003270,UPS,15.14,Ground,2026-07-02,2026-07-05,Delivered,15.4
ORD-003271,USPS,24.46,2-Day,2026-07-14,2026-07-17,Delivered,9.54
ORD-003272,FedEx,15.67,Ground,2026-03-26,2026-03-30,Delivered,21.19
ORD-003273,UPS,7.27,Standard,2026-07-05,2026-07-10,Delivered,3.68
ORD-003274,USPS,9.52,Ground,2026-04-29,2026-05-05,In Transit,8.37
ORD-003275,UPS,13.91,Ground,2026-06-21,2026-06-25,Delivered,17.52
ORD-003276,FedEx,23.5,Ground,2026-02-10,2026-02-16,Delivered,32.82
ORD-003277,FedEx,16.08,Standard,2026-02-12,2026-02-19,Delivered,22.05
ORD-003278,USPS,11.25,Standard,2026-03-12,2026-03-20,Delivered,11.98
ORD-003279,UPS,10.24,Ground,2026-05-25,2026-05-31,Delivered,9.88
ORD-003280,UPS,11.94,Ground,2026-06-07,2026-06-13,Delivered,8.73
ORD-003281,FedEx,11.96,Ground,2026-03-23,2026-03-26,Delivered,8.77
ORD-003282,UPS,6.47,Standard,2026-03-19,2026-03-23,In Transit,2.03
ORD-003283,FedEx,32.32,2-Day,2026-07-28,2026-07-31,Delivered,31.98
ORD-003285,FedEx,10.5,Ground,2026-02-16,2026-02-19,Delivered,10.42
ORD-003286,FedEx,12.83,2-Day,2026-06-08,2026-06-09,Delivered,5.78
ORD-003287,FedEx,14.7,Ground,2026-04-25,2026-05-01,Delivered,14.48
ORD-003288,FedEx,38.33,Standard,2026-06-18,2026-06-25,Delivered,6.16
ORD-003289,USPS,34.32,2-Day,2026-06-19,2026-06-20,Delivered,19.89
ORD-003290,FedEx,10.6,Ground,2026-05-06,2026-05-11,Delivered,5.93
ORD-003291,USPS,16.41,Ground,2026-04-03,2026-04-06,In Transit,18.05
ORD-003292,FedEx,9.65,Ground,2026-03-29,2026-04-04,Delivered,8.64
ORD-003293,UPS,11.84,Ground,2026-03-04,2026-03-11,Delivered,13.21
ORD-003294,USPS,21.57,Ground,2026-07-26,2026-07-31,Delivered,18.96
ORD-003295,UPS,8.96,Standard,2026-02-12,2026-02-20,Delivered,7.21
ORD-003296,FedEx,14.46,Ground,2026-03-16,2026-03-22,Delivered,18.66
ORD-003297,USPS,6.52,Ground,2026-02-21,2026-02-26,Delivered,2.13
ORD-003298,USPS,18.82,Standard,2026-06-02,2026-06-07,In Transit,27.75
ORD-003299,USPS,15.48,Ground,2026-03-05,2026-03-12,Delivered,20.79
ORD-003300,UPS,12.63,Standard,2026-04-13,2026-04-17,Delivered,10.16
ORD-003301,FedEx,18.9,Ground,2026-03-16,2026-03-21,Delivered,23.23
ORD-003302,USPS,15.91,Ground,2026-04-19,2026-04-23,In Transit,21.69
ORD-003303,UPS,12.95,Standard,2026-08-02,2026-08-08,Delivered,10.84
ORD-003304,FedEx,10.66,Ground,2026-04-17,2026-04-24,Delivered,10.76
ORD-003305,UPS,10.25,Ground,2026-07-24,2026-07-31,Delivered,5.21
ORD-003306,FedEx,10.9,Ground,2026-07-17,2026-07-24,Delivered,11.26
ORD-003307,FedEx,9.16,Ground,2026-03-22,2026-03-26,Delivered,2.93
ORD-003308,UPS,16.35,Ground,2026-05-22,2026-05-28,Delivered,17.91
ORD-003309,FedEx,14.22,Ground,2026-04-15,2026-04-20,Delivered,18.16
ORD-003310,UPS,6.54,Standard,2026-08-02,2026-08-09,Delivered,2.16
ORD-003311,USPS,20.27,Ground,2026-05-25,2026-05-31,Delivered,26.08
ORD-003312,FedEx,8.73,Ground,2026-06-06,2026-06-10,Delivered,6.72
ORD-003313,FedEx,31.41,Ground,2026-04-16,2026-04-23,Delivered,53.97
ORD-003314,FedEx,11.62,Standard,2026-05-16,2026-05-24,Delivered,12.74
ORD-003315,UPS,18.1,Ground,2026-06-23,2026-06-27,Delivered,26.24
ORD-003316,UPS,7.93,Ground,2026-05-07,2026-05-13,Delivered,5.07
ORD-003317,FedEx,9.64,Ground,2026-07-18,2026-07-22,Delivered,8.63
ORD-003319,FedEx,8.95,Ground,2026-03-19,2026-03-24,Delivered,7.18
ORD-003320,USPS,9.13,Ground,2026-04-13,2026-04-17,Delivered,2.87
ORD-003321,FedEx,7.27,Ground,2026-06-22,2026-06-26,Delivered,3.69
ORD-003322,UPS,12.49,Ground,2026-05-06,2026-05-11,Delivered,9.88
ORD-003323,FedEx,12.29,Ground,2026-03-26,2026-04-02,Delivered,14.14
ORD-003324,FedEx,7.72,Ground,2026-07-03,2026-07-07,Delivered,4.62
ORD-003325,UPS,9.45,Ground,2026-04-19,2026-04-23,Delivered,8.23
ORD-003326,UPS,10.69,Ground,2026-05-11,2026-05-15,Delivered,6.13
ORD-003327,UPS,10.47,Ground,2026-03-28,2026-04-01,Delivered,10.36
ORD-003328,USPS,13.66,Ground,2026-03-20,2026-03-26,Delivered,17.01
ORD-003329,FedEx,13.36,Ground,2026-02-15,2026-02-18,Delivered,11.69
ORD-003330,FedEx,8.83,Ground,2026-02-18,2026-02-22,In Transit,6.94
ORD-003331,UPS,17.94,Standard,2026-03-26,2026-04-01,Delivered,21.23
ORD-003332,FedEx,18.81,2-Day,2026-02-08,2026-02-11,Delivered,13.83
ORD-003333,FedEx,11.23,Ground,2026-07-18,2026-07-22,Delivered,11.93
ORD-003334,USPS,7.74,Standard,2026-04-16,2026-04-21,In Transit,4.67
ORD-003335,UPS,15.0,Ground,2026-04-24,2026-04-30,Delivered,19.79
ORD-003336,FedEx,12.6,Ground,2026-05-24,2026-05-30,Delivered,14.79
ORD-003337,FedEx,15.1,Ground,2026-02-13,2026-02-16,In Transit,15.31
ORD-003338,FedEx,15.36,2-Day,2026-05-08,2026-05-10,Delivered,9.19
ORD-003339,UPS,9.34,Standard,2026-02-21,2026-02-25,Delivered,8.01
ORD-003340,FedEx,23.15,Standard,2026-07-16,2026-07-24,Delivered,32.08
ORD-003341,UPS,9.3,Ground,2026-07-06,2026-07-10,Delivered,7.91
ORD-003342,USPS,9.62,Ground,2026-06-11,2026-06-15,Delivered,3.9
ORD-003343,USPS,14.63,Standard,2026-07-03,2026-07-08,Delivered,12.35
ORD-003344,USPS,12.92,Ground,2026-05-04,2026-05-10,Delivered,10.78
ORD-003345,UPS,15.99,Ground,2026-04-13,2026-04-18,Delivered,21.85
ORD-003346,USPS,12.41,Ground,2026-05-18,2026-05-24,Delivered,9.71
ORD-003347,UPS,13.49,Ground,2026-04-29,2026-05-05,Delivered,16.65
ORD-003348,FedEx,20.82,Ground,2026-04-06,2026-04-13,Delivered,27.22
ORD-003349,USPS,14.57,Standard,2026-05-10,2026-05-15,Delivered,14.21
ORD-003350,UPS,7.84,Ground,2026-04-13,2026-04-20,Delivered,4.87
ORD-003351,USPS,15.94,Standard,2026-08-02,2026-08-10,Delivered,14.48
ORD-003352,UPS,9.5,Standard,2026-04-30,2026-05-04,Delivered,8.34
ORD-003353,UPS,11.71,Ground,2026-07-05,2026-07-11,Delivered,12.94
ORD-003354,USPS,10.7,Ground,2026-05-21,2026-05-27,Delivered,10.83
ORD-003355,FedEx,7.34,Standard,2026-04-19,2026-04-27,Delivered,3.83
ORD-003356,UPS,12.39,Standard,2026-03-01,2026-03-06,Delivered,9.67
ORD-003357,USPS,9.89,Ground,2026-06-23,2026-06-29,Delivered,4.64
ORD-003358,USPS,14.08,2-Day,2026-02-27,2026-03-01,Delivered,7.46
ORD-003359,FedEx,17.23,Ground,2026-06-12,2026-06-18,Delivered,19.75
ORD-003360,USPS,10.99,Standard,2026-02-05,2026-02-13,Delivered,11.44
ORD-003361,UPS,23.91,2-Day,2026-02-06,2026-02-07,Delivered,15.99
ORD-003362,USPS,11.31,Standard,2026-04-17,2026-04-24,Delivered,12.1
ORD-003363,UPS,9.71,Ground,2026-07-16,2026-07-21,Delivered,8.78
ORD-003364,USPS,11.73,Standard,2026-04-20,2026-04-26,Delivered,12.97
ORD-003365,USPS,8.56,Ground,2026-07-04,2026-07-11,Delivered,2.47
ORD-003366,USPS,14.12,Ground,2026-06-13,2026-06-17,Delivered,17.95
ORD-003367,USPS,10.46,Ground,2026-04-18,2026-04-23,Delivered,5.65
ORD-003368,USPS,16.46,Ground,2026-06-25,2026-06-28,Delivered,15.33
ORD-003369,FedEx,9.59,Standard,2026-05-04,2026-05-10,Delivered,8.53
ORD-003370,FedEx,7.34,Ground,2026-07-01,2026-07-04,Delivered,3.83
ORD-003371,FedEx,10.86,Ground,2026-07-23,2026-07-27,In Transit,6.47
ORD-003372,FedEx,12.88,Ground,2026-04-16,2026-04-20,In Transit,15.38
ORD-003373,FedEx,24.08,Ground,2026-05-26,2026-05-31,Delivered,38.71
ORD-003374,USPS,10.47,Standard,2026-02-05,2026-02-10,Delivered,10.35
ORD-003375,USPS,22.71,Ground,2026-04-25,2026-04-30,Delivered,35.86
ORD-003376,FedEx,8.93,Ground,2026-05-22,2026-05-28,Delivered,2.46
ORD-003377,USPS,15.46,Standard,2026-07-10,2026-07-16,Delivered,9.02
ORD-003378,FedEx,10.47,Ground,2026-04-28,2026-05-05,Delivered,10.35
ORD-003379,UPS,15.39,Standard,2026-02-17,2026-02-22,Delivered,15.92
ORD-003380,USPS,8.71,Standard,2026-03-28,2026-04-01,Delivered,6.68
ORD-003381,UPS,12.12,Ground,2026-02-26,2026-03-05,In Transit,13.8
ORD-003382,USPS,9.99,Standard,2026-02-06,2026-02-10,Delivered,9.36
ORD-003383,UPS,16.97,Ground,2026-06-26,2026-07-01,Delivered,23.89
ORD-003384,UPS,11.43,Standard,2026-04-21,2026-04-28,Delivered,12.36
ORD-003385,FedEx,30.07,Ground,2026-05-26,2026-05-31,Delivered,51.18
ORD-003386,USPS,10.02,Ground,2026-04-07,2026-04-12,Delivered,9.41
ORD-003387,FedEx,16.49,Ground,2026-07-21,2026-07-26,Delivered,22.9
ORD-003388,USPS,18.78,Ground,2026-05-05,2026-05-09,Delivered,27.67
ORD-003389,UPS,8.11,Standard,2026-05-18,2026-05-25,Delivered,0.75
ORD-003390,FedEx,14.04,Ground,2026-05-02,2026-05-08,Delivered,17.8
ORD-003391,UPS,9.9,Ground,2026-02-03,2026-02-07,Delivered,9.16
ORD-003392,UPS,11.74,2-Day,2026-06-21,2026-06-23,Delivered,4.32
ORD-003393,USPS,19.35,Standard,2026-04-16,2026-04-22,Delivered,24.16
ORD-003394,UPS,11.1,Ground,2026-07-13,2026-07-19,Delivered,6.98
ORD-003395,FedEx,8.86,Standard,2026-05-06,2026-05-10,Delivered,2.32
ORD-003396,USPS,11.53,Ground,2026-05-30,2026-06-03,Delivered,12.57
ORD-003397,FedEx,18.22,Ground,2026-02-06,2026-02-10,Delivered,26.49
ORD-003398,USPS,15.26,2-Day,2026-04-02,2026-04-03,Delivered,4.37
ORD-003399,FedEx,14.79,Ground,2026-02-15,2026-02-19,Delivered,19.36
ORD-003400,FedEx,8.58,Ground,2026-05-21,2026-05-26,Delivered,1.72
ORD-003401,FedEx,18.8,Standard,2026-03-08,2026-03-16,Delivered,27.7
ORD-003402,USPS,15.89,Ground,2026-07-22,2026-07-25,Delivered,14.4
ORD-003403,UPS,7.41,Ground,2026-06-19,2026-06-26,Delivered,3.98
ORD-003404,UPS,14.24,Ground,2026-04-22,2026-04-26,Delivered,18.21
ORD-003405,UPS,9.0,Ground,2026-03-03,2026-03-09,Delivered,7.3
ORD-003406,USPS,10.26,Ground,2026-04-25,2026-04-29,Delivered,5.22
ORD-003407,UPS,11.2,Ground,2026-07-03,2026-07-08,In Transit,7.18
ORD-003409,FedEx,21.18,2-Day,2026-03-09,2026-03-10,Delivered,17.01
ORD-003410,UPS,7.87,Ground,2026-04-29,2026-05-02,Delivered,4.94
ORD-003411,UPS,12.81,2-Day,2026-02-26,2026-03-01,Delivered,1.07
ORD-003412,FedEx,11.34,Ground,2026-07-12,2026-07-17,Delivered,7.47
ORD-003413,UPS,17.4,Ground,2026-02-09,2026-02-14,Delivered,24.8
ORD-003414,USPS,22.14,Ground,2026-07-24,2026-07-30,Delivered,24.58
ORD-003415,USPS,14.33,Standard,2026-07-21,2026-07-26,Delivered,7.17
ORD-003416,FedEx,11.1,Ground,2026-05-18,2026-05-25,In Transit,6.97
ORD-003417,USPS,16.95,2-Day,2026-05-08,2026-05-11,Delivered,6.63
ORD-003418,UPS,19.16,Ground,2026-02-05,2026-02-10,Delivered,6.4
ORD-003419,UPS,17.04,2-Day,2026-03-15,2026-03-18,Delivered,6.76
ORD-003420,FedEx,13.99,Ground,2026-05-23,2026-05-27,Delivered,13.0
ORD-003421,FedEx,19.84,Standard,2026-04-25,2026-04-30,Delivered,25.18
ORD-003422,USPS,12.95,Ground,2026-06-26,2026-07-03,Delivered,4.93
ORD-003423,UPS,8.26,Standard,2026-07-12,2026-07-20,In Transit,5.75
ORD-003424,FedEx,12.24,Ground,2026-06-11,2026-06-15,In Transit,14.05
ORD-003425,FedEx,13.98,Ground,2026-04-05,2026-04-08,Delivered,17.66
ORD-003426,FedEx,6.91,Standard,2026-02-24,2026-03-01,Delivered,2.93
ORD-003427,UPS,31.78,2-Day,2026-07-08,2026-07-09,Delivered,31.26
ORD-003428,UPS,9.61,Ground,2026-05-11,2026-05-18,In Transit,8.56
ORD-003429,UPS,7.04,Ground,2026-02-17,2026-02-22,Delivered,3.2
ORD-003430,UPS,6.84,Standard,2026-04-20,2026-04-24,In Transit,2.79
ORD-003431,USPS,13.42,2-Day,2026-06-19,2026-06-21,Delivered,2.63
ORD-003432,USPS,23.81,Standard,2026-07-29,2026-08-03,Delivered,22.61
ORD-003433,UPS,13.27,Ground,2026-03-08,2026-03-12,Delivered,11.51
ORD-003434,UPS,18.67,Ground,2026-07-28,2026-08-04,Delivered,22.75
ORD-003435,FedEx,10.3,Ground,2026-02-04,2026-02-08,In Transit,10.0
ORD-003436,UPS,16.22,Ground,2026-04-03,2026-04-10,Delivered,22.33
ORD-003437,UPS,10.21,Ground,2026-03-12,2026-03-16,Delivered,9.82
ORD-003438,FedEx,15.37,Ground,2026-05-11,2026-05-15,Delivered,15.88
ORD-003439,FedEx,12.79,Ground,2026-03-24,2026-03-27,Delivered,10.5
ORD-003440,UPS,10.0,Ground,2026-07-25,2026-07-29,Delivered,9.38
ORD-003441,USPS,12.51,2-Day,2026-05-30,2026-05-31,Delivered,5.36
ORD-003443,FedEx,16.09,Standard,2026-06-20,2026-06-26,Delivered,17.37
ORD-003444,FedEx,7.61,Ground,2026-02-06,2026-02-13,Delivered,4.39
ORD-003446,FedEx,13.83,Ground,2026-02-17,2026-02-22,Delivered,17.35
ORD-003447,USPS,14.35,Standard,2026-06-30,2026-07-04,Delivered,11.89
ORD-003448,FedEx,21.67,2-Day,2026-02-22,2026-02-24,Delivered,17.67
ORD-003449,FedEx,13.81,Ground,2026-07-13,2026-07-18,Delivered,12.62
ORD-003450,FedEx,16.99,Ground,2026-04-28,2026-05-01,Delivered,23.94
ORD-003451,UPS,12.62,Standard,2026-03-09,2026-03-13,Delivered,14.84
ORD-003452,UPS,11.29,Ground,2026-06-11,2026-06-14,Delivered,12.07
ORD-003453,FedEx,8.19,Ground,2026-04-06,2026-04-10,Delivered,0.92
ORD-003454,UPS,17.29,Ground,2026-03-13,2026-03-17,Delivered,24.57
ORD-003455,FedEx,6.75,Standard,2026-07-13,2026-07-19,Delivered,2.6
ORD-003456,USPS,7.18,Ground,2026-04-09,2026-04-14,Delivered,3.49
ORD-003457,FedEx,14.52,Ground,2026-05-03,2026-05-09,Delivered,18.79
ORD-003458,USPS,13.13,Standard,2026-02-09,2026-02-13,Delivered,11.21
ORD-003459,FedEx,9.05,Ground,2026-03-31,2026-04-04,In Transit,2.71
ORD-003460,UPS,11.09,Ground,2026-05-01,2026-05-05,Delivered,6.96
ORD-003461,FedEx,19.14,Ground,2026-05-11,2026-05-16,Delivered,23.73
ORD-003462,UPS,11.43,Ground,2026-03-16,2026-03-21,Delivered,12.36
ORD-003463,FedEx,10.98,Standard,2026-07-15,2026-07-20,Delivered,11.41
ORD-003464,UPS,8.52,Ground,2026-06-19,2026-06-24,Delivered,6.29
ORD-003465,FedEx,16.98,Ground,2026-05-30,2026-06-06,Delivered,19.23
ORD-003466,UPS,10.41,Ground,2026-07-12,2026-07-18,Delivered,10.22
ORD-003467,FedEx,15.86,Ground,2026-06-29,2026-07-06,In Transit,16.9
ORD-003468,FedEx,8.27,Ground,2026-03-27,2026-04-01,Delivered,5.77
ORD-003470,USPS,24.14,Ground,2026-05-08,2026-05-11,Delivered,38.84
ORD-003471,UPS,18.25,Ground,2026-07-10,2026-07-17,Delivered,26.57
ORD-003472,USPS,11.38,Ground,2026-03-11,2026-03-15,Delivered,12.26
ORD-003473,FedEx,14.57,Standard,2026-08-02,2026-08-10,Delivered,14.21
ORD-003474,USPS,8.86,Ground,2026-02-07,2026-02-11,Delivered,7.01
ORD-003475,USPS,17.99,Ground,2026-06-18,2026-06-23,Delivered,17.82
ORD-003476,UPS,8.33,Ground,2026-02-17,2026-02-22,Delivered,1.2
ORD-003477,UPS,22.61,Ground,2026-04-10,2026-04-16,Delivered,30.96
ORD-003478,FedEx,13.72,Standard,2026-07-25,2026-08-02,In Transit,17.12
ORD-003479,FedEx,12.13,2-Day,2026-05-18,2026-05-20,Delivered,4.85
ORD-003481,UPS,20.13,Ground,2026-05-09,2026-05-13,Delivered,30.47
ORD-003482,UPS,25.39,Ground,2026-07-13,2026-07-17,Delivered,36.74
ORD-003483,FedEx,12.58,Standard,2026-02-05,2026-02-10,Delivered,14.74
ORD-003484,USPS,10.63,Standard,2026-07-28,2026-08-03,Delivered,5.85
ORD-003485,FedEx,11.04,Standard,2026-06-29,2026-07-05,Delivered,11.54
ORD-003486,UPS,15.53,Ground,2026-04-12,2026-04-19,Delivered,16.21
ORD-003487,FedEx,22.35,2-Day,2026-04-30,2026-05-03,Delivered,13.9
ORD-003488,FedEx,7.83,Standard,2026-04-27,2026-05-02,Delivered,4.85
ORD-003489,FedEx,13.18,Ground,2026-04-26,2026-05-01,Delivered,16.01
ORD-003490,USPS,57.29,Ground,2026-07-09,2026-07-13,In Transit,23.56
ORD-003491,UPS,7.37,Ground,2026-07-29,2026-08-04,Delivered,3.89
ORD-003493,FedEx,7.57,Standard,2026-05-14,2026-05-20,Delivered,4.32
ORD-003494,UPS,8.75,Standard,2026-06-06,2026-06-10,In Transit,6.78
ORD-003495,FedEx,10.07,Ground,2026-03-23,2026-03-27,Delivered,9.53
ORD-003496,USPS,19.06,Standard,2026-06-21,2026-06-25,Delivered,19.56
ORD-003497,FedEx,16.73,Standard,2026-06-12,2026-06-17,Delivered,23.39
ORD-003498,USPS,10.46,Standard,2026-06-07,2026-06-11,Delivered,5.64
ORD-003499,FedEx,11.7,Ground,2026-06-25,2026-06-28,Delivered,12.92
ORD-003500,UPS,25.47,2-Day,2026-06-13,2026-06-15,In Transit,22.78
ORD-003501,FedEx,24.81,Ground,2026-06-28,2026-07-03,Delivered,40.23
ORD-003502,UPS,11.68,Ground,2026-03-19,2026-03-23,Delivered,12.87
ORD-003503,UPS,14.17,Ground,2026-06-22,2026-06-26,Delivered,13.37
ORD-003504,USPS,12.6,Ground,2026-02-06,2026-02-09,Delivered,14.8
ORD-003505,UPS,9.72,Ground,2026-06-06,2026-06-13,Delivered,8.79
ORD-003506,FedEx,13.6,Standard,2026-03-11,2026-03-18,Delivered,12.18
ORD-003507,UPS,6.26,Ground,2026-07-07,2026-07-10,Delivered,1.58
ORD-003508,UPS,8.88,Standard,2026-04-16,2026-04-21,Delivered,7.04
ORD-003509,USPS,30.46,2-Day,2026-07-21,2026-07-23,Delivered,15.84
ORD-003510,FedEx,10.33,Ground,2026-05-23,2026-05-28,Delivered,5.37
ORD-003511,UPS,17.28,Standard,2026-05-25,2026-05-31,Delivered,19.86
ORD-003512,USPS,8.43,Ground,2026-07-28,2026-08-01,Delivered,2.26
ORD-003513,FedEx,17.04,Ground,2026-05-08,2026-05-15,In Transit,19.36
ORD-003514,FedEx,14.77,Ground,2026-05-07,2026-05-12,Delivered,19.32
ORD-003515,FedEx,25.03,Standard,2026-02-24,2026-03-03,Delivered,40.69
ORD-003516,UPS,9.59,Standard,2026-06-04,2026-06-08,Delivered,8.53
ORD-003517,UPS,30.91,Ground,2026-02-24,2026-02-27,Delivered,11.22
ORD-003518,UPS,33.63,2-Day,2026-03-13,2026-03-16,Delivered,29.05
ORD-003519,USPS,40.81,2-Day,2026-07-24,2026-07-27,Delivered,26.71
ORD-003520,USPS,15.97,Standard,2026-03-31,2026-04-04,Delivered,21.82
ORD-003521,USPS,12.34,Standard,2026-03-03,2026-03-08,Delivered,14.24
ORD-003522,FedEx,29.77,2-Day,2026-06-14,2026-06-16,Delivered,28.55
ORD-003524,FedEx,49.08,2-Day,2026-05-22,2026-05-25,Delivered,49.82
ORD-003525,UPS,13.59,Standard,2026-07-03,2026-07-08,Delivered,16.85
ORD-003526,FedEx,13.32,Ground,2026-07-29,2026-08-01,Delivered,11.61
ORD-003527,USPS,32.74,2-Day,2026-07-25,2026-07-28,Delivered,18.23
ORD-003528,UPS,21.49,2-Day,2026-03-27,2026-03-29,Delivered,12.74
ORD-003529,FedEx,9.87,Ground,2026-07-17,2026-07-23,Delivered,9.11
ORD-003530,FedEx,23.35,2-Day,2026-05-12,2026-05-14,Delivered,19.92
ORD-003531,FedEx,9.15,Ground,2026-02-12,2026-02-19,Delivered,7.6
ORD-003532,FedEx,15.73,Ground,2026-02-02,2026-02-05,In Transit,16.62
ORD-003533,FedEx,9.11,Ground,2026-04-03,2026-04-10,Delivered,2.83
ORD-003534,USPS,29.48,Ground,2026-07-11,2026-07-18,Delivered,31.84
ORD-003535,UPS,8.38,Ground,2026-05-20,2026-05-23,Delivered,5.99
ORD-003536,USPS,9.4,Ground,2026-02-23,2026-02-26,Delivered,3.43
ORD-003537,UPS,18.04,Standard,2026-06-29,2026-07-05,Delivered,26.12
ORD-003539,USPS,38.81,2-Day,2026-07-26,2026-07-29,Delivered,29.3
ORD-003540,UPS,12.24,Ground,2026-03-26,2026-03-29,Delivered,14.04
ORD-003541,FedEx,12.76,Ground,2026-04-23,2026-04-26,Delivered,10.44
ORD-003542,FedEx,11.92,Standard,2026-02-12,2026-02-20,In Transit,8.69
ORD-003543,FedEx,14.23,Ground,2026-06-11,2026-06-17,Delivered,13.51
ORD-003544,UPS,10.72,Ground,2026-04-05,2026-04-09,Delivered,10.87
ORD-003545,USPS,13.13,Standard,2026-07-18,2026-07-24,Delivered,9.92
ORD-003546,UPS,8.13,Ground,2026-06-15,2026-06-21,Delivered,5.47
ORD-003547,FedEx,7.52,Standard,2026-05-17,2026-05-23,Delivered,4.2
ORD-003548,USPS,17.25,Ground,2026-06-21,2026-06-28,Delivered,11.93
ORD-003549,FedEx,14.1,Ground,2026-03-02,2026-03-09,Delivered,13.22
ORD-003550,UPS,8.51,Ground,2026-06-10,2026-06-14,In Transit,6.28
ORD-003551,USPS,11.13,Standard,2026-02-08,2026-02-15,Delivered,7.04
ORD-003552,UPS,14.09,Ground,2026-03-03,2026-03-06,Delivered,13.2
ORD-003553,UPS,10.32,Standard,2026-03-11,2026-03-18,Delivered,5.35
ORD-003555,USPS,16.24,Ground,2026-05-05,2026-05-09,Delivered,22.37
ORD-003556,USPS,13.26,Ground,2026-06-15,2026-06-21,Delivered,16.17
ORD-003557,USPS,8.5,Standard,2026-04-03,2026-04-11,Delivered,6.24
ORD-003558,USPS,13.0,Standard,2026-04-30,2026-05-05,Delivered,15.62
ORD-003559,UPS,10.37,Ground,2026-06-30,2026-07-06,Delivered,5.46
ORD-003561,UPS,14.8,Ground,2026-02-13,2026-02-17,Delivered,19.38
ORD-003562,UPS,8.21,Ground,2026-03-20,2026-03-27,Delivered,5.64
ORD-003563,USPS,12.69,Ground,2026-04-07,2026-04-14,Delivered,10.29
ORD-003564,USPS,17.58,Ground,2026-07-31,2026-08-06,Delivered,12.46
ORD-003565,UPS,19.42,Ground,2026-05-17,2026-05-20,Delivered,29.01
ORD-003566,FedEx,8.36,Standard,2026-03-29,2026-04-06,Delivered,5.96
ORD-003568,UPS,8.26,Ground,2026-06-13,2026-06-16,Delivered,5.75
ORD-003569,UPS,9.19,Standard,2026-04-02,2026-04-10,Delivered,3.01
ORD-003570,FedEx,24.34,Ground,2026-06-08,2026-06-11,In Transit,34.56
ORD-003571,USPS,21.85,2-Day,2026-07-23,2026-07-24,Delivered,11.49
ORD-003572,USPS,16.41,Ground,2026-04-06,2026-04-12,Delivered,22.72
ORD-003574,UPS,8.93,Ground,2026-06-21,2026-06-27,Delivered,7.14
ORD-003575,FedEx,9.19,Standard,2026-02-11,2026-02-17,Delivered,7.68
ORD-003576,USPS,10.7,Standard,2026-03-26,2026-04-01,Delivered,10.83
ORD-003577,USPS,10.81,Standard,2026-05-27,2026-06-01,Delivered,11.06
ORD-003578,UPS,25.25,2-Day,2026-05-03,2026-05-04,Delivered,17.79
ORD-003579,USPS,11.13,Standard,2026-04-30,2026-05-06,Delivered,11.73
ORD-003580,UPS,11.79,Ground,2026-04-21,2026-04-25,Delivered,8.42
ORD-003581,UPS,22.29,Standard,2026-02-18,2026-02-26,Delivered,34.97
ORD-003582,FedEx,21.16,Standard,2026-04-01,2026-04-07,In Transit,5.41
ORD-003583,FedEx,8.37,Ground,2026-02-27,2026-03-03,Delivered,5.98
ORD-003584,FedEx,10.38,Ground,2026-05-07,2026-05-10,Delivered,5.47
ORD-003585,USPS,16.51,Ground,2026-03-23,2026-03-30,Delivered,18.25
ORD-003586,UPS,23.39,2-Day,2026-06-24,2026-06-27,Delivered,15.29
ORD-003587,FedEx,12.53,Standard,2026-02-12,2026-02-20,Delivered,9.95
ORD-003588,FedEx,8.01,Ground,2026-07-24,2026-07-29,In Transit,5.23
ORD-003589,FedEx,11.46,Standard,2026-08-01,2026-08-06,Delivered,12.42
ORD-003590,UPS,15.09,Ground,2026-03-26,2026-04-01,Delivered,19.97
ORD-003591,FedEx,19.79,Ground,2026-06-05,2026-06-12,Delivered,29.78
ORD-003592,FedEx,17.15,2-Day,2026-02-28,2026-03-03,Delivered,6.9
ORD-003593,UPS,10.26,Standard,2026-05-29,2026-06-03,Delivered,9.92
ORD-003594,UPS,23.31,2-Day,2026-05-25,2026-05-28,Delivered,15.19
ORD-003595,FedEx,9.51,Ground,2026-06-08,2026-06-13,Delivered,8.35
ORD-003596,USPS,11.12,2-Day,2026-03-10,2026-03-12,Delivered,3.49
ORD-003597,UPS,10.28,Standard,2026-03-01,2026-03-08,Delivered,9.96
ORD-003598,FedEx,7.38,Ground,2026-06-26,2026-07-02,Delivered,3.92
ORD-003599,UPS,17.88,Standard,2026-03-12,2026-03-16,In Transit,21.11
ORD-003600,FedEx,9.76,Standard,2026-03-12,2026-03-19,Delivered,8.88
ORD-003601,FedEx,10.64,Ground,2026-05-10,2026-05-14,Delivered,10.71
ORD-003602,FedEx,8.43,Ground,2026-02-08,2026-02-12,Delivered,6.11
ORD-003603,FedEx,16.72,2-Day,2026-04-21,2026-04-22,Delivered,11.01
ORD-003604,FedEx,30.83,2-Day,2026-07-20,2026-07-22,Delivered,25.29
ORD-003605,UPS,25.36,2-Day,2026-02-09,2026-02-11,Delivered,22.63
ORD-003606,USPS,11.87,2-Day,2026-04-29,2026-05-02,Delivered,4.49
ORD-003607,FedEx,7.99,Ground,2026-07-28,2026-07-31,Delivered,0.5
ORD-003608,UPS,10.31,Ground,2026-03-02,2026-03-07,Delivered,10.02
ORD-003609,USPS,15.16,2-Day,2026-05-30,2026-06-01,Delivered,8.92
ORD-003610,FedEx,11.83,Standard,2026-06-07,2026-06-15,Delivered,8.51
ORD-003611,FedEx,8.98,Standard,2026-05-08,2026-05-16,Delivered,7.26
ORD-003612,FedEx,7.61,Ground,2026-03-07,2026-03-12,In Transit,4.4
ORD-003613,USPS,25.88,Standard,2026-03-28,2026-04-05,Delivered,42.45
ORD-003614,UPS,22.08,Standard,2026-05-29,2026-06-05,Delivered,34.54
ORD-003615,USPS,9.45,Ground,2026-03-27,2026-04-02,Delivered,8.23
ORD-003616,FedEx,17.67,2-Day,2026-03-13,2026-03-16,Delivered,12.29
ORD-003617,FedEx,24.42,2-Day,2026-07-23,2026-07-26,Delivered,21.36
ORD-003618,UPS,11.38,Ground,2026-05-12,2026-05-19,Delivered,12.26
ORD-003619,UPS,17.76,2-Day,2026-03-19,2026-03-20,Delivered,7.73
ORD-003620,FedEx,9.45,Ground,2026-07-27,2026-08-01,Delivered,3.55
ORD-003621,UPS,13.17,Ground,2026-06-19,2026-06-26,Delivered,11.3
ORD-003622,USPS,7.41,Ground,2026-05-12,2026-05-15,Delivered,3.98
ORD-003623,UPS,17.11,Ground,2026-03-24,2026-03-27,Delivered,24.19
ORD-003624,UPS,10.75,Standard,2026-06-03,2026-06-09,Delivered,10.94
ORD-003625,USPS,16.89,Standard,2026-07-21,2026-07-26,Delivered,16.03
ORD-003626,USPS,9.69,Ground,2026-02-24,2026-02-27,Delivered,8.72
ORD-003628,FedEx,14.85,Ground,2026-03-04,2026-03-09,Delivered,19.47
ORD-003629,FedEx,8.75,Ground,2026-03-04,2026-03-08,Delivered,6.78
ORD-003630,UPS,12.1,Ground,2026-05-05,2026-05-10,Delivered,13.76
ORD-003631,USPS,11.82,Standard,2026-03-31,2026-04-04,Delivered,8.48
ORD-003633,FedEx,10.05,Ground,2026-04-19,2026-04-26,Delivered,9.48
ORD-003634,USPS,24.28,2-Day,2026-05-21,2026-05-24,Delivered,21.17
ORD-003635,UPS,10.67,Standard,2026-02-28,2026-03-07,Delivered,6.08
ORD-003636,UPS,12.42,Ground,2026-07-05,2026-07-08,Delivered,14.42
ORD-003638,UPS,18.01,Standard,2026-02-08,2026-02-15,Delivered,26.06
ORD-003639,UPS,15.42,Standard,2026-06-06,2026-06-10,Delivered,20.67
ORD-003641,USPS,11.08,Standard,2026-03-05,2026-03-09,Delivered,6.94
ORD-003642,USPS,13.08,Ground,2026-02-13,2026-02-18,Delivered,15.8
ORD-003643,UPS,6.58,Standard,2026-05-31,2026-06-06,Delivered,2.26
ORD-003645,USPS,15.89,Standard,2026-04-29,2026-05-03,Delivered,21.64
ORD-003646,FedEx,31.62,Ground,2026-06-30,2026-07-07,Delivered,49.73
ORD-003647,FedEx,12.15,Ground,2026-03-09,2026-03-15,Delivered,13.86
ORD-003648,UPS,18.41,Standard,2026-05-07,2026-05-12,Delivered,26.89
ORD-003649,USPS,7.13,Ground,2026-02-05,2026-02-09,Delivered,3.4
ORD-003650,FedEx,7.81,Ground,2026-05-20,2026-05-26,Delivered,4.82
ORD-003651,FedEx,9.68,Ground,2026-05-07,2026-05-11,Delivered,8.7
ORD-003652,UPS,12.53,Ground,2026-04-24,2026-05-01,Delivered,9.96
ORD-003653,USPS,14.43,Standard,2026-03-31,2026-04-06,Delivered,13.92
ORD-003654,UPS,8.84,Ground,2026-03-19,2026-03-26,Delivered,6.96
ORD-003655,UPS,11.44,Standard,2026-06-09,2026-06-16,Delivered,12.38
ORD-003656,UPS,15.65,Ground,2026-03-24,2026-03-31,In Transit,21.15
ORD-003657,UPS,13.06,Ground,2026-04-12,2026-04-19,Delivered,15.76
ORD-003658,UPS,11.82,Ground,2026-07-27,2026-07-31,Delivered,8.48
ORD-003659,FedEx,14.36,Ground,2026-08-01,2026-08-07,In Transit,18.45
ORD-003661,USPS,14.63,2-Day,2026-04-25,2026-04-26,Delivered,8.21
ORD-003662,FedEx,11.22,Standard,2026-03-22,2026-03-30,Delivered,11.91
ORD-003663,USPS,15.31,Standard,2026-04-11,2026-04-17,Delivered,20.44
ORD-003664,UPS,10.18,Ground,2026-03-20,2026-03-25,Delivered,9.76
ORD-003665,FedEx,7.38,Ground,2026-04-09,2026-04-15,Delivered,3.92
ORD-003666,UPS,11.1,Ground,2026-04-26,2026-05-01,Delivered,11.67
ORD-003667,UPS,17.62,Ground,2026-05-15,2026-05-19,Delivered,20.56
ORD-003668,FedEx,28.23,2-Day,2026-07-24,2026-07-25,Delivered,21.8
ORD-003669,USPS,11.98,2-Day,2026-02-13,2026-02-14,Delivered,4.65
ORD-003670,FedEx,16.37,Ground,2026-03-22,2026-03-28,Delivered,17.96
ORD-003671,FedEx,12.23,Ground,2026-03-26,2026-03-31,Delivered,9.34
ORD-003672,UPS,18.96,Standard,2026-03-06,2026-03-12,Delivered,28.04
ORD-003673,FedEx,7.42,Standard,2026-07-20,2026-07-27,In Transit,4.0
ORD-003674,USPS,14.02,Ground,2026-04-03,2026-04-06,Delivered,17.74
ORD-003675,UPS,9.62,Standard,2026-04-22,2026-04-26,Delivered,8.59
ORD-003676,FedEx,8.88,Ground,2026-04-18,2026-04-22,In Transit,7.05
ORD-003677,UPS,24.18,2-Day,2026-07-31,2026-08-03,Delivered,21.04
ORD-003678,UPS,16.65,Ground,2026-05-05,2026-05-09,Delivered,23.22
ORD-003679,UPS,8.53,Standard,2026-04-29,2026-05-03,Delivered,1.62
ORD-003680,USPS,15.72,Ground,2026-03-26,2026-04-02,Delivered,21.29
ORD-003682,UPS,16.45,2-Day,2026-03-19,2026-03-21,Delivered,10.65
ORD-003683,USPS,13.24,Ground,2026-05-12,2026-05-19,Delivered,11.44
ORD-003684,USPS,9.57,Ground,2026-03-21,2026-03-24,Delivered,3.8
ORD-003685,FedEx,15.89,Ground,2026-03-20,2026-03-26,Delivered,16.96
ORD-003686,FedEx,28.44,Standard,2026-02-18,2026-02-25,Delivered,43.11
ORD-003688,USPS,11.3,Ground,2026-05-24,2026-05-31,Delivered,7.4
ORD-003689,UPS,17.34,Standard,2026-06-16,2026-06-22,Delivered,24.66
ORD-003690,FedEx,10.85,Ground,2026-06-19,2026-06-23,Delivered,11.14
ORD-003691,FedEx,11.41,Standard,2026-04-17,2026-04-25,Delivered,7.63
ORD-003692,USPS,10.87,2-Day,2026-04-27,2026-04-28,Delivered,3.15
ORD-003693,UPS,20.68,Ground,2026-03-15,2026-03-22,Delivered,26.93
ORD-003694,UPS,11.33,Ground,2026-07-07,2026-07-12,Delivered,12.14
ORD-003695,FedEx,9.32,Ground,2026-07-06,2026-07-10,Delivered,7.95
ORD-003696,UPS,12.07,Standard,2026-05-19,2026-05-24,Delivered,9.0
ORD-003697,UPS,16.33,Ground,2026-07-06,2026-07-12,Delivered,17.87
ORD-003698,UPS,11.56,Ground,2026-04-16,2026-04-20,Delivered,7.94
ORD-003699,UPS,10.25,Standard,2026-07-05,2026-07-11,Delivered,5.2
ORD-003700,FedEx,12.69,Standard,2026-07-18,2026-07-23,In Transit,10.29
ORD-003702,UPS,12.58,Standard,2026-05-28,2026-06-02,In Transit,10.06
ORD-003703,FedEx,10.25,Ground,2026-05-01,2026-05-05,Delivered,9.9
ORD-003704,FedEx,9.35,Ground,2026-04-19,2026-04-26,Delivered,8.02
ORD-003705,FedEx,19.85,Standard,2026-05-09,2026-05-17,Delivered,25.21
ORD-003706,UPS,30.91,Ground,2026-04-14,2026-04-18,Delivered,52.94
ORD-003707,USPS,7.74,Ground,2026-04-02,2026-04-09,Delivered,4.66
ORD-003708,FedEx,8.39,Ground,2026-06-26,2026-07-01,Delivered,1.34
ORD-003709,FedEx,10.0,Ground,2026-03-08,2026-03-15,Delivered,9.38
ORD-003711,UPS,6.24,Standard,2026-04-22,2026-04-29,Delivered,1.54
ORD-003712,FedEx,6.87,Ground,2026-06-28,2026-07-02,In Transit,2.86
ORD-003713,FedEx,9.1,Ground,2026-06-16,2026-06-20,In Transit,7.5
ORD-003714,UPS,16.29,Standard,2026-05-27,2026-06-03,Delivered,17.79
ORD-003715,FedEx,9.96,Ground,2026-04-21,2026-04-28,Delivered,9.3
ORD-003716,FedEx,5.95,Standard,2026-05-02,2026-05-10,Delivered,0.94
ORD-003717,FedEx,9.92,Ground,2026-03-26,2026-03-30,Delivered,9.21
ORD-003718,FedEx,10.17,Ground,2026-06-13,2026-06-19,Delivered,9.73
ORD-003719,FedEx,10.23,Ground,2026-03-12,2026-03-16,Delivered,9.85
ORD-003720,USPS,18.71,Standard,2026-02-14,2026-02-21,Delivered,22.83
ORD-003721,USPS,15.29,Standard,2026-06-02,2026-06-06,Delivered,20.4
ORD-003722,FedEx,11.16,Ground,2026-06-19,2026-06-22,Delivered,11.8
ORD-003723,USPS,25.97,Ground,2026-06-09,2026-06-14,Delivered,37.96
ORD-003724,UPS,9.1,Ground,2026-04-04,2026-04-07,Delivered,7.49
ORD-003725,FedEx,12.64,Standard,2026-05-30,2026-06-04,In Transit,10.19
ORD-003726,UPS,10.78,Ground,2026-06-02,2026-06-05,Delivered,11.0
ORD-003727,FedEx,7.0,Ground,2026-05-20,2026-05-27,Delivered,3.12
ORD-003728,FedEx,13.11,Ground,2026-06-05,2026-06-08,Delivered,11.17
ORD-003729,USPS,8.98,Ground,2026-02-16,2026-02-21,Delivered,2.57
ORD-003730,USPS,8.66,Standard,2026-03-13,2026-03-20,Delivered,6.59
ORD-003731,UPS,11.35,Ground,2026-07-21,2026-07-27,Delivered,12.19
ORD-003732,UPS,7.24,Standard,2026-05-19,2026-05-23,Delivered,3.62
ORD-003734,USPS,14.53,Ground,2026-04-23,2026-04-28,Delivered,14.13
ORD-003735,USPS,10.58,Ground,2026-07-08,2026-07-11,Delivered,5.76
ORD-003736,USPS,15.12,Standard,2026-07-29,2026-08-04,Delivered,8.46
ORD-003737,UPS,15.36,Ground,2026-02-24,2026-03-02,Delivered,15.86
ORD-003738,USPS,12.81,Ground,2026-05-18,2026-05-25,Delivered,10.54
ORD-003739,USPS,15.58,Standard,2026-07-18,2026-07-24,Delivered,13.9
ORD-003740,FedEx,15.05,Ground,2026-03-08,2026-03-11,Delivered,15.2
ORD-003741,UPS,10.5,Standard,2026-04-14,2026-04-22,Delivered,10.41
ORD-003742,UPS,12.44,Ground,2026-06-10,2026-06-14,Delivered,14.46
ORD-003743,UPS,8.62,Ground,2026-06-18,2026-06-24,Delivered,6.5
ORD-003744,FedEx,15.3,Ground,2026-06-21,2026-06-24,Delivered,15.73
ORD-003745,USPS,15.54,2-Day,2026-02-25,2026-02-27,Delivered,9.43
ORD-003746,UPS,27.59,2-Day,2026-03-07,2026-03-08,Delivered,25.63
ORD-003747,FedEx,13.69,Ground,2026-07-26,2026-07-29,In Transit,12.37
ORD-003748,FedEx,8.99,Ground,2026-02-24,2026-02-27,Delivered,7.27
ORD-003749,FedEx,13.14,Ground,2026-06-09,2026-06-16,Delivered,15.92
ORD-003750,UPS,18.15,Ground,2026-03-23,2026-03-26,Delivered,26.35
ORD-003751,FedEx,11.49,Standard,2026-04-27,2026-05-05,Delivered,7.79
ORD-003752,UPS,8.76,Ground,2026-07-17,2026-07-20,Delivered,6.8
ORD-003753,UPS,5.75,Ground,2026-02-18,2026-02-21,Delivered,0.53
ORD-003754,UPS,11.43,Standard,2026-06-25,2026-06-29,In Transit,12.35
ORD-003755,USPS,9.69,Standard,2026-06-02,2026-06-09,Delivered,8.73
ORD-003756,UPS,13.12,Ground,2026-04-23,2026-04-29,Delivered,15.87
ORD-003757,USPS,15.48,Ground,2026-03-24,2026-03-28,Delivered,16.11
ORD-003758,FedEx,,Ground,2026-03-21,2026-03-25,Delivered,3.26
ORD-003759,FedEx,15.26,Standard,2026-04-04,2026-04-08,In Transit,20.34
ORD-003760,FedEx,16.49,2-Day,2026-04-26,2026-04-29,Delivered,6.02
ORD-003761,USPS,9.26,Ground,2026-03-25,2026-04-01,Delivered,7.83
ORD-003762,FedEx,12.31,Standard,2026-04-27,2026-05-03,In Transit,14.19
ORD-003763,FedEx,7.61,Ground,2026-07-26,2026-07-31,Delivered,4.39
ORD-003764,UPS,8.79,Standard,2026-04-21,2026-04-29,Delivered,6.85
ORD-003765,FedEx,9.69,Ground,2026-04-24,2026-04-27,Delivered,4.04
ORD-003766,FedEx,18.07,Ground,2026-03-01,2026-03-06,In Transit,21.51
ORD-003767,USPS,9.51,Standard,2026-04-22,2026-04-29,Delivered,8.36
ORD-003768,USPS,12.18,Standard,2026-07-30,2026-08-07,Delivered,3.68
ORD-003769,UPS,7.39,Ground,2026-08-02,2026-08-09,Delivered,3.93
ORD-003770,UPS,22.83,2-Day,2026-06-20,2026-06-23,Delivered,19.23
ORD-003771,FedEx,10.43,Standard,2026-05-06,2026-05-14,Delivered,5.58
ORD-003772,UPS,11.44,Ground,2026-03-12,2026-03-18,Delivered,7.69
ORD-003773,USPS,11.02,Standard,2026-02-05,2026-02-11,Delivered,11.51
ORD-003774,FedEx,18.57,2-Day,2026-07-15,2026-07-18,Delivered,8.81
ORD-003775,UPS,9.94,2-Day,2026-03-11,2026-03-13,Delivered,1.9
ORD-003776,UPS,15.93,Ground,2026-06-08,2026-06-14,Delivered,17.05
ORD-003777,UPS,9.97,Ground,2026-02-26,2026-03-01,Delivered,9.32
ORD-003778,UPS,14.37,Ground,2026-07-16,2026-07-19,Delivered,13.79
ORD-003779,UPS,14.09,Ground,2026-02-14,2026-02-17,In Transit,17.9
ORD-003780,UPS,8.44,Ground,2026-05-04,2026-05-08,Delivered,1.44
ORD-003781,UPS,21.92,2-Day,2026-04-30,2026-05-01,Delivered,18.01
ORD-003782,USPS,27.92,Ground,2026-06-12,2026-06-18,Delivered,46.7
ORD-003783,UPS,14.87,Ground,2026-07-14,2026-07-20,Delivered,14.83
ORD-003784,UPS,27.79,2-Day,2026-06-13,2026-06-15,Delivered,25.89
ORD-003785,FedEx,17.84,Ground,2026-04-03,2026-04-10,Delivered,21.03
ORD-003786,USPS,27.64,2-Day,2026-07-04,2026-07-05,Delivered,17.57
ORD-003787,UPS,18.08,Ground,2026-04-15,2026-04-21,Delivered,21.53
ORD-003788,FedEx,26.34,2-Day,2026-07-12,2026-07-13,Delivered,23.95
ORD-003789,FedEx,26.81,2-Day,2026-06-15,2026-06-18,Delivered,24.57
ORD-003790,USPS,7.38,Standard,2026-04-20,2026-04-24,Delivered,3.92
ORD-003791,FedEx,28.68,2-Day,2026-05-08,2026-05-10,Delivered,22.4
ORD-003792,USPS,9.93,Ground,2026-05-20,2026-05-26,In Transit,9.22
ORD-003793,USPS,19.82,Ground,2026-05-16,2026-05-20,Delivered,25.15
ORD-003794,USPS,19.58,Ground,2026-06-20,2026-06-27,In Transit,15.73
ORD-003795,UPS,7.36,Ground,2026-03-17,2026-03-24,Delivered,3.87
ORD-003796,UPS,18.66,Ground,2026-03-17,2026-03-23,Delivered,27.41
ORD-003797,USPS,10.65,Ground,2026-03-30,2026-04-03,Delivered,6.05
ORD-003798,UPS,9.76,Standard,2026-05-21,2026-05-25,Delivered,8.87
ORD-003799,USPS,80.12,Standard,2026-06-24,2026-06-29,Delivered,31.59
ORD-003800,USPS,21.26,2-Day,2026-03-12,2026-03-15,Delivered,12.43
ORD-003801,USPS,11.87,Standard,2026-04-28,2026-05-04,Delivered,8.58
ORD-003802,USPS,10.59,Standard,2026-04-16,2026-04-20,Delivered,10.6
ORD-003803,FedEx,9.55,Ground,2026-03-14,2026-03-20,Delivered,8.44
ORD-003804,USPS,26.3,2-Day,2026-06-08,2026-06-09,Delivered,19.2
ORD-003805,FedEx,11.9,Ground,2026-05-06,2026-05-10,Delivered,8.64
ORD-003806,FedEx,12.96,Ground,2026-04-06,2026-04-09,In Transit,10.86
ORD-003807,UPS,13.49,Standard,2026-03-24,2026-03-31,In Transit,16.65
ORD-003808,UPS,19.99,2-Day,2026-07-01,2026-07-03,Delivered,15.41
ORD-003809,FedEx,10.86,Standard,2026-06-20,2026-06-24,Delivered,6.47
ORD-003811,UPS,72.71,2-Day,2026-07-17,2026-07-18,Delivered,19.36
ORD-003812,UPS,17.58,2-Day,2026-02-03,2026-02-06,In Transit,7.48
ORD-003813,UPS,10.02,Standard,2026-06-19,2026-06-23,Delivered,4.73
ORD-003814,USPS,22.5,Ground,2026-02-09,2026-02-12,Delivered,2.1
ORD-003815,FedEx,10.21,Ground,2026-04-12,2026-04-15,Delivered,9.81
ORD-003816,USPS,6.75,Ground,2026-04-28,2026-05-02,Delivered,2.6
ORD-003817,USPS,16.38,2-Day,2026-07-08,2026-07-10,In Transit,5.74
ORD-003818,UPS,10.81,Ground,2026-07-26,2026-08-01,Delivered,11.07
ORD-003819,USPS,16.83,Standard,2026-05-06,2026-05-13,In Transit,23.61
ORD-003820,UPS,12.09,Ground,2026-02-07,2026-02-11,In Transit,9.05
ORD-003821,UPS,14.39,2-Day,2026-03-23,2026-03-26,Delivered,3.19
ORD-003822,FedEx,10.46,Ground,2026-05-14,2026-05-18,Delivered,10.34
ORD-003823,FedEx,16.54,Ground,2026-07-25,2026-07-30,Delivered,23.01
ORD-003824,UPS,9.77,Ground,2026-05-09,2026-05-14,Delivered,8.9
ORD-003825,FedEx,18.1,Ground,2026-03-17,2026-03-23,Delivered,26.26
ORD-003826,FedEx,10.79,Ground,2026-07-27,2026-08-02,Delivered,11.02
ORD-003827,USPS,14.17,Ground,2026-05-24,2026-05-29,Delivered,18.06
ORD-003828,USPS,15.08,Ground,2026-07-11,2026-07-16,Delivered,13.09
ORD-003829,UPS,19.96,Ground,2026-06-19,2026-06-26,Delivered,25.44
ORD-003830,UPS,24.48,Standard,2026-02-04,2026-02-09,Delivered,39.55
ORD-003831,FedEx,9.23,Ground,2026-08-01,2026-08-06,Delivered,7.77
ORD-003832,FedEx,11.52,Ground,2026-02-17,2026-02-24,Delivered,12.55
ORD-003833,UPS,16.83,Standard,2026-04-18,2026-04-24,Delivered,23.6
ORD-003834,FedEx,14.19,Standard,2026-06-05,2026-06-09,Delivered,13.41
ORD-003835,USPS,8.71,Ground,2026-04-03,2026-04-07,Delivered,1.99
ORD-003836,USPS,19.48,2-Day,2026-07-21,2026-07-23,Delivered,9.0
ORD-003837,UPS,11.9,Ground,2026-05-10,2026-05-16,Delivered,13.33
ORD-003838,FedEx,22.15,Standard,2026-06-07,2026-06-11,Delivered,30.01
ORD-003839,USPS,11.29,Standard,2026-02-14,2026-02-21,Delivered,12.07
ORD-003840,UPS,8.1,Ground,2026-03-24,2026-03-31,Delivered,5.42
ORD-003841,FedEx,12.0,Ground,2026-02-05,2026-02-11,Delivered,13.55
ORD-003842,FedEx,21.23,Ground,2026-02-26,2026-03-01,Delivered,28.09
ORD-003843,USPS,8.78,Ground,2026-04-06,2026-04-11,Delivered,6.83
ORD-003844,UPS,11.37,Ground,2026-03-31,2026-04-04,Delivered,7.55
ORD-003845,USPS,11.29,Standard,2026-07-08,2026-07-12,Delivered,6.92
ORD-003846,FedEx,9.48,Standard,2026-02-12,2026-02-16,Delivered,3.61
ORD-003847,FedEx,11.11,Ground,2026-07-02,2026-07-09,Delivered,11.69
ORD-003848,FedEx,10.65,Ground,2026-02-28,2026-03-05,Delivered,10.72
ORD-003849,USPS,11.3,Ground,2026-07-23,2026-07-29,Delivered,2.24
ORD-003850,UPS,8.28,Ground,2026-03-26,2026-04-01,Delivered,5.79
ORD-003851,UPS,11.65,Standard,2026-07-05,2026-07-12,Delivered,12.81
ORD-003852,USPS,14.03,Ground,2026-02-24,2026-03-02,Delivered,17.77
ORD-003853,UPS,15.62,Ground,2026-04-13,2026-04-20,Delivered,21.09
ORD-003854,UPS,14.5,Ground,2026-07-11,2026-07-17,Delivered,18.74
ORD-003855,UPS,13.12,Ground,2026-06-27,2026-06-30,Delivered,11.19
ORD-003856,FedEx,6.97,Ground,2026-03-26,2026-03-30,Delivered,3.06
ORD-003857,UPS,10.04,Ground,2026-04-03,2026-04-08,Delivered,9.45
ORD-003858,UPS,8.15,Ground,2026-02-10,2026-02-15,Delivered,0.83
ORD-003859,FedEx,11.67,Ground,2026-06-04,2026-06-10,Delivered,12.85
ORD-003860,USPS,13.47,2-Day,2026-06-15,2026-06-17,Delivered,6.65
ORD-003861,FedEx,6.17,Ground,2026-03-19,2026-03-23,Delivered,1.4
ORD-003862,FedEx,12.48,Ground,2026-03-01,2026-03-06,Delivered,14.55
ORD-003863,FedEx,18.88,Ground,2026-07-12,2026-07-19,Delivered,27.87
ORD-003864,UPS,9.02,Ground,2026-04-13,2026-04-16,Delivered,2.64
ORD-003865,USPS,15.13,Standard,2026-02-21,2026-02-25,Delivered,15.38
ORD-003866,FedEx,11.72,Standard,2026-05-01,2026-05-09,Delivered,8.27
ORD-003867,UPS,13.02,2-Day,2026-02-16,2026-02-18,Delivered,6.04
ORD-003868,UPS,8.4,Ground,2026-05-22,2026-05-26,Delivered,6.05
ORD-003869,USPS,9.47,Ground,2026-04-09,2026-04-13,Delivered,8.27
ORD-003870,USPS,9.46,Standard,2026-04-06,2026-04-14,Delivered,8.25
ORD-003871,UPS,10.71,Ground,2026-05-15,2026-05-22,Delivered,10.86
ORD-003873,UPS,10.42,Standard,2026-06-23,2026-06-30,Delivered,5.56
ORD-003874,UPS,10.9,Standard,2026-06-07,2026-06-11,Delivered,6.56
ORD-003875,FedEx,20.7,2-Day,2026-06-21,2026-06-23,Delivered,16.37
ORD-003876,UPS,7.97,Ground,2026-07-02,2026-07-09,In Transit,5.14
ORD-003877,UPS,14.2,Ground,2026-05-17,2026-05-24,Delivered,13.44
ORD-003878,UPS,9.63,Ground,2026-07-28,2026-08-01,Delivered,8.61
ORD-003879,FedEx,9.0,Ground,2026-02-13,2026-02-18,Delivered,7.3
ORD-003880,UPS,21.66,Ground,2026-07-23,2026-07-30,Delivered,33.67
ORD-003881,USPS,9.52,Ground,2026-05-11,2026-05-15,Delivered,3.68
ORD-003883,FedEx,19.47,Standard,2026-05-14,2026-05-20,Delivered,29.1
ORD-003884,FedEx,17.11,Ground,2026-03-03,2026-03-08,Delivered,19.51
ORD-003885,USPS,17.06,2-Day,2026-04-16,2026-04-17,In Transit,6.79
ORD-003886,USPS,29.84,2-Day,2026-06-22,2026-06-25,Delivered,19.88
ORD-003887,USPS,8.9,2-Day,2026-05-19,2026-05-20,In Transit,0.5
ORD-003888,FedEx,13.19,2-Day,2026-04-07,2026-04-09,Delivered,6.27
ORD-003889,UPS,12.39,2-Day,2026-02-22,2026-02-24,Delivered,5.2
ORD-003890,USPS,16.05,Standard,2026-06-29,2026-07-06,Delivered,14.67
ORD-003891,UPS,14.14,Standard,2026-03-30,2026-04-07,Delivered,18.0
ORD-003892,USPS,22.81,2-Day,2026-06-09,2026-06-10,Delivered,14.51
ORD-003893,FedEx,21.13,2-Day,2026-04-23,2026-04-25,Delivered,12.25
ORD-003894,UPS,17.71,Standard,2026-04-07,2026-04-15,Delivered,20.76
ORD-003895,FedEx,14.55,Ground,2026-05-13,2026-05-20,Delivered,18.85
ORD-003896,USPS,11.13,Ground,2026-07-24,2026-07-27,Delivered,6.65
ORD-003897,FedEx,8.99,Ground,2026-07-02,2026-07-07,Delivered,7.27
ORD-003898,FedEx,14.21,Ground,2026-06-02,2026-06-05,Delivered,18.15
ORD-003899,UPS,12.93,Ground,2026-05-31,2026-06-04,Delivered,10.79
ORD-003900,USPS,10.94,Ground,2026-02-05,2026-02-10,Delivered,11.33
ORD-003901,UPS,17.77,2-Day,2026-05-25,2026-05-27,Delivered,12.42
ORD-003902,UPS,8.75,Ground,2026-05-03,2026-05-10,Delivered,2.09
ORD-003903,UPS,10.83,Ground,2026-05-05,2026-05-09,Delivered,6.41
ORD-003904,UPS,12.96,Standard,2026-02-16,2026-02-24,Delivered,15.54
ORD-003905,FedEx,13.26,2-Day,2026-05-02,2026-05-03,Delivered,6.37
ORD-003906,FedEx,12.24,Ground,2026-06-30,2026-07-04,Delivered,9.36
ORD-003907,FedEx,15.18,Standard,2026-02-07,2026-02-11,Delivered,15.48
ORD-003908,USPS,18.08,Ground,2026-05-24,2026-05-30,Delivered,21.52
ORD-003909,USPS,16.65,Ground,2026-05-20,2026-05-25,Delivered,23.22
ORD-003910,UPS,19.31,Ground,2026-05-26,2026-06-01,Delivered,24.08
ORD-003911,UPS,10.32,Standard,2026-06-29,2026-07-03,Delivered,10.04
ORD-003912,UPS,12.2,Standard,2026-05-28,2026-06-03,Delivered,9.28
ORD-003913,FedEx,7.48,Ground,2026-03-08,2026-03-11,Delivered,4.12
ORD-003914,USPS,24.22,Ground,2026-07-21,2026-07-26,Delivered,27.97
ORD-003915,FedEx,9.81,Ground,2026-03-11,2026-03-17,Delivered,8.98
ORD-003916,UPS,20.97,Ground,2026-02-12,2026-02-16,Delivered,27.55
ORD-003917,FedEx,18.72,2-Day,2026-02-03,2026-02-05,Delivered,13.7
ORD-003918,USPS,16.15,Ground,2026-03-10,2026-03-15,Delivered,22.18
ORD-003919,UPS,10.56,Standard,2026-05-10,2026-05-17,Delivered,10.55
ORD-003920,UPS,13.43,Ground,2026-04-30,2026-05-07,Delivered,16.53
ORD-003921,USPS,16.38,Ground,2026-04-10,2026-04-16,Delivered,22.67
ORD-003923,USPS,11.39,Ground,2026-05-23,2026-05-27,Delivered,7.59
ORD-003925,FedEx,19.35,Ground,2026-02-26,2026-03-03,Delivered,24.16
ORD-003926,FedEx,9.97,Standard,2026-07-06,2026-07-12,Delivered,4.63
ORD-003927,FedEx,21.39,Ground,2026-06-14,2026-06-17,Delivered,33.11
ORD-003928,USPS,13.73,Standard,2026-05-07,2026-05-13,In Transit,12.45
ORD-003929,FedEx,8.62,Ground,2026-04-21,2026-04-25,Delivered,6.5
ORD-003930,FedEx,16.99,Standard,2026-02-06,2026-02-10,Delivered,19.26
ORD-003931,FedEx,12.29,Standard,2026-03-15,2026-03-20,Delivered,14.15
ORD-003932,FedEx,8.82,Ground,2026-06-08,2026-06-11,Delivered,2.22
ORD-003933,FedEx,9.47,Ground,2026-07-22,2026-07-29,In Transit,8.28
ORD-003934,UPS,7.82,Standard,2026-04-27,2026-05-02,Delivered,4.83
ORD-003935,UPS,12.4,2-Day,2026-04-10,2026-04-11,Delivered,5.21
ORD-003936,USPS,7.93,Ground,2026-05-03,2026-05-09,Delivered,5.06
ORD-003937,FedEx,15.43,Ground,2026-06-12,2026-06-18,Delivered,16.01
ORD-003938,FedEx,15.22,Ground,2026-02-07,2026-02-12,In Transit,20.25
ORD-003939,USPS,10.64,Ground,2026-03-11,2026-03-14,Delivered,6.02
ORD-003940,UPS,6.28,Ground,2026-07-17,2026-07-20,Delivered,1.63
ORD-003941,UPS,23.77,Standard,2026-06-06,2026-06-11,Delivered,38.07
ORD-003942,USPS,14.75,Ground,2026-06-27,2026-07-03,Delivered,12.55
ORD-003943,FedEx,14.79,Ground,2026-05-30,2026-06-03,Delivered,19.35
ORD-003944,UPS,12.39,Ground,2026-06-12,2026-06-17,Delivered,9.67
ORD-003945,USPS,6.1,Ground,2026-04-28,2026-05-03,In Transit,1.25
ORD-003946,UPS,12.67,Standard,2026-07-06,2026-07-12,In Transit,14.94
ORD-003947,UPS,20.34,Ground,2026-03-05,2026-03-10,Delivered,30.91
ORD-003948,UPS,8.76,Ground,2026-07-02,2026-07-05,Delivered,6.79
ORD-003949,FedEx,8.27,Standard,2026-02-19,2026-02-23,Delivered,1.08
ORD-003950,USPS,9.71,Ground,2026-04-05,2026-04-10,Delivered,4.09
ORD-003951,USPS,15.09,Ground,2026-04-20,2026-04-25,Delivered,19.98
ORD-003952,FedEx,12.25,Standard,2026-06-15,2026-06-19,In Transit,14.07
ORD-003953,FedEx,26.54,2-Day,2026-04-23,2026-04-26,Delivered,24.22
ORD-003954,USPS,10.91,Standard,2026-02-17,2026-02-24,Delivered,11.27
ORD-003955,UPS,14.04,Ground,2026-06-02,2026-06-05,Delivered,17.8
ORD-003956,UPS,11.63,Ground,2026-07-07,2026-07-13,Delivered,8.09
ORD-003957,USPS,7.61,Ground,2026-05-19,2026-05-24,Delivered,4.39
ORD-003958,UPS,16.31,Standard,2026-02-11,2026-02-16,Delivered,17.83
ORD-003959,USPS,19.45,Ground,2026-07-16,2026-07-21,Delivered,20.2
ORD-003960,UPS,8.82,Standard,2026-03-05,2026-03-13,Delivered,6.92
ORD-003961,FedEx,19.49,Ground,2026-04-27,2026-04-30,Delivered,29.15
ORD-003962,USPS,28.15,Ground,2026-07-08,2026-07-15,Delivered,29.67
ORD-003963,UPS,7.94,Standard,2026-04-24,2026-04-28,Delivered,5.08
ORD-003964,FedEx,10.29,Standard,2026-04-25,2026-04-30,Delivered,5.29
ORD-003965,UPS,12.62,2-Day,2026-05-03,2026-05-06,In Transit,5.51
ORD-003966,UPS,10.39,Ground,2026-04-20,2026-04-25,Delivered,10.19
ORD-003968,USPS,11.78,Ground,2026-02-22,2026-02-27,Delivered,8.39
ORD-003970,USPS,7.2,Ground,2026-03-08,2026-03-12,Delivered,3.55
ORD-003971,USPS,10.46,Ground,2026-05-07,2026-05-14,Delivered,5.64
ORD-003972,UPS,6.12,Ground,2026-06-29,2026-07-05,Delivered,1.29
ORD-003973,FedEx,8.51,Ground,2026-03-23,2026-03-29,Delivered,1.58
ORD-003974,UPS,10.7,2-Day,2026-03-25,2026-03-28,Delivered,2.92
ORD-003975,UPS,23.14,Ground,2026-04-04,2026-04-09,Delivered,36.75
ORD-003976,UPS,33.79,2-Day,2026-05-21,2026-05-23,Delivered,33.96
ORD-003977,UPS,14.39,Standard,2026-06-27,2026-07-02,In Transit,18.53
ORD-003978,FedEx,8.85,Ground,2026-04-27,2026-05-04,Delivered,6.98
ORD-003979,USPS,9.13,Standard,2026-06-08,2026-06-15,Delivered,2.87
ORD-003980,USPS,10.83,Standard,2026-04-13,2026-04-19,Delivered,11.1
ORD-003981,FedEx,15.06,Ground,2026-04-19,2026-04-24,Delivered,15.23
ORD-003982,FedEx,8.43,Ground,2026-02-24,2026-03-01,In Transit,6.1
ORD-003985,FedEx,12.54,Ground,2026-06-05,2026-06-08,In Transit,14.67
ORD-003986,UPS,7.45,Ground,2026-05-14,2026-05-19,Delivered,4.06
ORD-003987,USPS,11.16,Ground,2026-04-05,2026-04-11,Delivered,7.1
ORD-003989,FedEx,9.93,Ground,2026-02-05,2026-02-12,Delivered,9.22
ORD-003990,FedEx,24.36,Ground,2026-07-23,2026-07-30,Delivered,34.61
ORD-003992,FedEx,8.17,Standard,2026-07-04,2026-07-12,Delivered,5.57
ORD-003993,FedEx,23.31,2-Day,2026-02-15,2026-02-16,Delivered,15.18
ORD-003995,FedEx,7.84,Ground,2026-06-25,2026-06-30,Delivered,4.87
ORD-003996,FedEx,9.81,Ground,2026-07-29,2026-08-03,Delivered,4.3
ORD-003997,FedEx,8.42,Ground,2026-05-10,2026-05-15,Delivered,6.08
ORD-003998,FedEx,10.96,Ground,2026-02-13,2026-02-17,Delivered,11.38
ORD-003999,FedEx,22.92,Ground,2026-06-24,2026-06-30,In Transit,31.61
ORD-004000,USPS,8.79,Standard,2026-05-05,2026-05-12,Delivered,6.86
ORD-004001,USPS,22.39,Ground,2026-06-20,2026-06-27,Delivered,20.3
ORD-004002,FedEx,22.64,Ground,2026-07-14,2026-07-20,Delivered,35.7
ORD-004003,UPS,11.95,Ground,2026-05-20,2026-05-23,Delivered,13.44
ORD-004004,UPS,16.44,Standard,2026-06-18,2026-06-23,Delivered,22.79
ORD-004005,USPS,8.29,Standard,2026-02-28,2026-03-08,Delivered,5.81
ORD-004006,FedEx,12.65,Ground,2026-05-16,2026-05-20,Delivered,14.9
ORD-004007,USPS,13.95,Ground,2026-05-25,2026-05-31,Delivered,17.6
ORD-004008,FedEx,7.13,Ground,2026-05-04,2026-05-11,Delivered,3.39
ORD-004009,UPS,12.49,2-Day,2026-04-07,2026-04-08,Delivered,5.33
ORD-004010,FedEx,12.03,Standard,2026-03-18,2026-03-24,Delivered,8.91
ORD-004011,UPS,16.64,2-Day,2026-03-11,2026-03-14,Delivered,6.22
ORD-004012,UPS,10.17,Ground,2026-07-20,2026-07-24,Delivered,9.72
ORD-004013,UPS,9.16,Ground,2026-07-23,2026-07-28,In Transit,2.93
ORD-004014,UPS,21.57,Ground,2026-04-04,2026-04-10,Delivered,33.48
ORD-004015,UPS,15.92,Ground,2026-04-17,2026-04-20,Delivered,21.7
ORD-004016,UPS,42.4,Ground,2026-04-25,2026-04-30,Delivered,72.19
ORD-004017,USPS,7.31,Ground,2026-04-16,2026-04-20,Delivered,3.78
ORD-004018,USPS,12.85,Standard,2026-05-14,2026-05-18,Delivered,15.31
ORD-004019,USPS,13.19,2-Day,2026-03-16,2026-03-18,Delivered,6.27
ORD-004020,USPS,7.55,Ground,2026-04-07,2026-04-11,Delivered,4.27
ORD-004021,FedEx,17.78,Ground,2026-03-01,2026-03-08,Delivered,20.89
ORD-004022,FedEx,11.1,Standard,2026-06-14,2026-06-21,In Transit,11.66
ORD-004023,UPS,9.56,Standard,2026-05-17,2026-05-23,In Transit,8.45
ORD-004024,USPS,18.36,Ground,2026-06-17,2026-06-21,Delivered,13.73
ORD-004025,UPS,10.4,Standard,2026-03-23,2026-03-30,Delivered,5.53
ORD-004026,FedEx,8.08,Ground,2026-04-17,2026-04-21,Delivered,5.37
ORD-004027,FedEx,8.6,Standard,2026-04-09,2026-04-17,Delivered,6.46
ORD-004028,USPS,16.88,Standard,2026-02-24,2026-03-01,Delivered,23.7
ORD-004029,FedEx,18.52,Standard,2026-02-10,2026-02-18,Delivered,22.44
ORD-004030,UPS,7.24,Ground,2026-03-05,2026-03-10,Delivered,3.62
ORD-004031,UPS,21.13,Standard,2026-02-27,2026-03-03,Delivered,32.56
ORD-004032,FedEx,13.0,Ground,2026-07-09,2026-07-16,Delivered,10.94
ORD-004033,FedEx,12.76,Ground,2026-04-20,2026-04-25,Delivered,15.13
ORD-004034,USPS,8.52,Ground,2026-03-30,2026-04-03,Delivered,6.29
ORD-004035,UPS,10.96,Ground,2026-06-27,2026-06-30,Delivered,11.37
ORD-004036,FedEx,7.54,Ground,2026-03-16,2026-03-22,In Transit,4.25
ORD-004037,UPS,8.35,Ground,2026-06-11,2026-06-18,Delivered,5.93
ORD-004038,USPS,17.23,Ground,2026-06-01,2026-06-06,Delivered,19.75
ORD-004039,USPS,15.13,Ground,2026-04-13,2026-04-19,Delivered,20.06
ORD-004040,FedEx,20.15,2-Day,2026-03-13,2026-03-15,Delivered,15.62
ORD-004041,FedEx,14.5,2-Day,2026-02-08,2026-02-11,Delivered,8.03
ORD-004042,UPS,9.46,Standard,2026-06-18,2026-06-22,Delivered,3.56
ORD-004043,FedEx,20.03,Ground,2026-07-10,2026-07-15,Delivered,25.59
ORD-004044,USPS,15.61,Ground,2026-02-06,2026-02-09,In Transit,21.06
ORD-004045,FedEx,6.4,Standard,2026-06-25,2026-07-03,Delivered,1.88
ORD-004046,UPS,15.24,Ground,2026-02-08,2026-02-11,Delivered,20.29
ORD-004047,UPS,9.56,Ground,2026-04-02,2026-04-08,Delivered,8.45
ORD-004048,UPS,14.14,Ground,2026-05-18,2026-05-21,Delivered,18.0
ORD-004049,UPS,6.93,Ground,2026-07-04,2026-07-07,Delivered,2.97
ORD-004050,FedEx,8.65,Ground,2026-03-04,2026-03-07,Delivered,6.57
ORD-004051,UPS,13.51,Ground,2026-06-08,2026-06-14,Delivered,11.99
ORD-004052,UPS,23.83,Ground,2026-03-25,2026-03-30,Delivered,33.49
ORD-004053,UPS,17.47,2-Day,2026-02-20,2026-02-23,Delivered,12.02
ORD-004054,FedEx,25.69,2-Day,2026-02-08,2026-02-11,Delivered,23.07
ORD-004055,UPS,11.84,Standard,2026-07-04,2026-07-12,Delivered,13.21
ORD-004056,USPS,11.68,Ground,2026-05-20,2026-05-24,Delivered,12.88
ORD-004057,UPS,13.28,Ground,2026-07-29,2026-08-03,Delivered,16.21
ORD-004058,USPS,10.65,Ground,2026-02-17,2026-02-24,Delivered,10.73
ORD-004059,USPS,62.79,Ground,2026-03-29,2026-04-05,Delivered,19.43
ORD-004060,FedEx,7.68,Ground,2026-03-01,2026-03-07,Delivered,4.54
ORD-004061,UPS,16.55,2-Day,2026-04-14,2026-04-17,Delivered,10.78
ORD-004062,FedEx,22.45,Ground,2026-05-03,2026-05-09,Delivered,35.32
ORD-004063,USPS,16.88,Ground,2026-06-07,2026-06-10,Delivered,23.71
ORD-004064,FedEx,12.24,Ground,2026-04-04,2026-04-07,Delivered,14.04
ORD-004065,FedEx,15.86,Ground,2026-02-13,2026-02-20,Delivered,21.59
ORD-004066,FedEx,21.9,Ground,2026-06-01,2026-06-05,Delivered,29.48
ORD-004067,FedEx,6.27,Ground,2026-07-02,2026-07-06,In Transit,1.61
ORD-004068,USPS,15.5,Standard,2026-07-04,2026-07-11,Delivered,9.08
ORD-004069,UPS,10.89,Ground,2026-04-26,2026-05-02,In Transit,6.55
ORD-004070,FedEx,14.39,2-Day,2026-06-03,2026-06-06,Delivered,3.19
ORD-004071,UPS,24.01,Standard,2026-03-13,2026-03-18,In Transit,38.57
ORD-004072,FedEx,13.54,Standard,2026-03-21,2026-03-29,Delivered,16.75
ORD-004073,FedEx,17.87,Ground,2026-07-22,2026-07-29,In Transit,21.09
ORD-004074,USPS,,Ground,2026-05-31,2026-06-06,Delivered,6.78
ORD-004075,FedEx,9.79,Ground,2026-03-11,2026-03-16,Delivered,8.93
ORD-004077,UPS,10.86,Ground,2026-07-30,2026-08-02,In Transit,11.16
ORD-004078,USPS,12.6,Standard,2026-04-01,2026-04-06,Delivered,14.8
ORD-004081,FedEx,22.62,2-Day,2026-03-12,2026-03-13,Delivered,18.95
ORD-004082,FedEx,14.21,Standard,2026-06-05,2026-06-12,Delivered,18.14
ORD-004083,USPS,12.26,Ground,2026-05-18,2026-05-21,Delivered,9.39
ORD-004084,USPS,28.49,Ground,2026-07-15,2026-07-21,In Transit,30.23
ORD-004085,FedEx,18.15,Standard,2026-04-02,2026-04-09,Delivered,26.36
ORD-004086,USPS,12.1,Standard,2026-03-11,2026-03-16,Delivered,13.76
ORD-004087,USPS,13.26,Ground,2026-03-03,2026-03-10,Delivered,11.47
ORD-004088,USPS,9.75,Standard,2026-04-27,2026-05-04,Delivered,8.85
ORD-004089,UPS,12.63,Standard,2026-04-12,2026-04-17,Delivered,14.86
ORD-004090,USPS,25.56,Ground,2026-08-02,2026-08-05,Delivered,25.46
ORD-004091,UPS,11.1,Ground,2026-04-01,2026-04-05,Delivered,11.66
ORD-004092,USPS,11.22,Ground,2026-06-04,2026-06-10,Delivered,7.23
ORD-004093,FedEx,13.26,Ground,2026-07-18,2026-07-21,Delivered,11.47
ORD-004094,FedEx,12.19,Ground,2026-03-20,2026-03-26,Delivered,13.94
ORD-004095,UPS,7.55,Ground,2026-04-06,2026-04-12,Delivered,4.27
ORD-004096,UPS,14.49,2-Day,2026-03-29,2026-03-30,Delivered,3.33
ORD-004097,FedEx,11.29,Standard,2026-05-01,2026-05-06,Delivered,7.38
ORD-004099,USPS,28.47,Ground,2026-06-27,2026-07-01,Delivered,30.19
ORD-004101,UPS,17.27,Ground,2026-03-13,2026-03-16,Delivered,24.53
ORD-004102,UPS,6.76,Ground,2026-06-26,2026-06-29,Delivered,2.63
ORD-004103,UPS,7.98,Standard,2026-05-14,2026-05-20,Delivered,5.16
ORD-004104,USPS,14.49,Ground,2026-04-08,2026-04-11,Delivered,18.73
ORD-004105,FedEx,11.66,Standard,2026-03-04,2026-03-12,Delivered,8.14
ORD-004106,FedEx,12.9,Ground,2026-04-03,2026-04-10,Delivered,15.42
ORD-004107,FedEx,10.59,2-Day,2026-06-03,2026-06-06,Delivered,2.78
ORD-004108,UPS,10.92,Ground,2026-04-10,2026-04-14,Delivered,11.3
ORD-004109,FedEx,10.52,Ground,2026-03-30,2026-04-05,Delivered,10.46
ORD-004110,USPS,20.03,Standard,2026-07-27,2026-07-31,Delivered,21.15
ORD-004111,USPS,19.01,Ground,2026-07-31,2026-08-03,Delivered,14.8
ORD-004112,USPS,11.46,Standard,2026-02-07,2026-02-15,Delivered,12.41
ORD-004113,FedEx,6.54,Ground,2026-07-19,2026-07-24,Delivered,2.17
ORD-004114,USPS,29.19,Ground,2026-07-18,2026-07-22,Delivered,36.05
ORD-004115,USPS,20.87,Ground,2026-06-29,2026-07-04,Delivered,17.83
ORD-004116,UPS,10.78,Ground,2026-04-02,2026-04-06,In Transit,6.32
ORD-004117,FedEx,11.35,Standard,2026-07-26,2026-07-31,In Transit,12.19
ORD-004118,USPS,18.22,2-Day,2026-02-07,2026-02-08,Delivered,8.34
ORD-004119,USPS,10.11,Ground,2026-04-20,2026-04-26,Delivered,9.6
ORD-004120,FedEx,17.15,Ground,2026-04-22,2026-04-25,In Transit,24.28
ORD-004121,UPS,7.97,Ground,2026-02-27,2026-03-04,In Transit,5.14
ORD-004122,FedEx,14.3,Standard,2026-06-28,2026-07-06,Delivered,18.33
ORD-004123,FedEx,17.48,Ground,2026-04-30,2026-05-07,Delivered,24.95
ORD-004124,FedEx,15.64,Standard,2026-02-17,2026-02-22,Delivered,16.43
ORD-004125,USPS,10.29,Ground,2026-05-03,2026-05-09,Delivered,9.97
ORD-004126,USPS,10.61,Ground,2026-03-18,2026-03-21,Delivered,5.95
ORD-004127,USPS,8.7,Ground,2026-03-04,2026-03-07,In Transit,6.66
ORD-004128,UPS,21.22,2-Day,2026-05-31,2026-06-03,Delivered,12.37
ORD-004129,UPS,11.09,Standard,2026-04-14,2026-04-22,Delivered,11.64
ORD-004130,UPS,26.82,2-Day,2026-06-19,2026-06-21,Delivered,19.9
ORD-004131,USPS,6.94,Ground,2026-02-21,2026-02-26,Delivered,2.99
ORD-004132,FedEx,17.06,Standard,2026-03-31,2026-04-07,Delivered,24.08
ORD-004133,USPS,32.4,Ground,2026-03-20,2026-03-26,Delivered,51.36
ORD-004134,FedEx,10.63,Ground,2026-07-09,2026-07-13,Delivered,10.69
ORD-004135,FedEx,19.07,2-Day,2026-04-01,2026-04-03,Delivered,9.49
ORD-004136,FedEx,12.64,Ground,2026-04-27,2026-04-30,Delivered,10.19
ORD-004137,USPS,11.29,Ground,2026-05-04,2026-05-08,Delivered,12.06
ORD-004138,UPS,9.79,Ground,2026-07-23,2026-07-27,Delivered,8.93
ORD-004139,FedEx,8.54,Ground,2026-05-10,2026-05-16,Delivered,1.65
ORD-004140,USPS,16.08,Standard,2026-07-24,2026-07-31,Delivered,10.02
ORD-004141,USPS,11.54,Ground,2026-06-10,2026-06-15,Delivered,12.59
ORD-004142,USPS,22.89,Ground,2026-07-17,2026-07-20,In Transit,25.79
ORD-004143,UPS,12.3,2-Day,2026-04-27,2026-04-29,Delivered,5.08
ORD-004144,FedEx,21.15,Ground,2026-06-07,2026-06-14,Delivered,32.6
ORD-004145,FedEx,18.31,2-Day,2026-07-19,2026-07-22,Delivered,8.47
ORD-004146,UPS,8.2,Standard,2026-04-12,2026-04-18,Delivered,5.63
ORD-004147,FedEx,16.31,Standard,2026-06-30,2026-07-05,Delivered,17.83
ORD-004148,USPS,18.26,2-Day,2026-07-21,2026-07-22,Delivered,7.72
ORD-004149,UPS,20.08,2-Day,2026-04-25,2026-04-28,Delivered,10.84
ORD-004150,USPS,36.79,Ground,2026-05-24,2026-05-27,Delivered,11.39
ORD-004151,UPS,24.76,2-Day,2026-05-06,2026-05-07,Delivered,17.14
ORD-004152,USPS,16.43,Ground,2026-07-02,2026-07-08,Delivered,10.6
ORD-004153,UPS,10.18,Standard,2026-06-28,2026-07-02,Delivered,9.75
ORD-004154,FedEx,11.73,Standard,2026-04-26,2026-05-03,Delivered,8.29
ORD-004155,USPS,16.86,Standard,2026-06-26,2026-07-01,Delivered,15.99
ORD-004156,UPS,11.31,Ground,2026-06-07,2026-06-11,Delivered,7.41
ORD-004157,UPS,18.15,Ground,2026-06-03,2026-06-08,Delivered,26.36
ORD-004158,UPS,11.01,Ground,2026-02-09,2026-02-14,Delivered,11.48
ORD-004159,FedEx,6.6,Ground,2026-03-27,2026-04-02,Delivered,2.3
ORD-004160,FedEx,12.19,Standard,2026-07-08,2026-07-13,Delivered,13.94
ORD-004161,FedEx,12.97,Ground,2026-03-12,2026-03-19,Delivered,15.57
ORD-004162,FedEx,20.49,Standard,2026-07-23,2026-07-30,Delivered,26.55
ORD-004163,UPS,10.72,Standard,2026-03-22,2026-03-28,Delivered,6.18
ORD-004164,UPS,8.11,Ground,2026-04-29,2026-05-04,Delivered,5.44
ORD-004165,UPS,13.91,Ground,2026-02-14,2026-02-20,Delivered,17.53
ORD-004166,UPS,16.9,Ground,2026-04-24,2026-04-27,Delivered,23.76
ORD-004168,USPS,10.71,Ground,2026-07-27,2026-08-02,In Transit,5.97
ORD-004170,FedEx,12.02,Standard,2026-05-06,2026-05-13,Delivered,13.58
ORD-004171,USPS,10.66,Standard,2026-05-10,2026-05-18,Delivered,10.74
ORD-004172,FedEx,31.38,Ground,2026-08-03,2026-08-09,Delivered,6.15
ORD-004173,USPS,12.68,Ground,2026-03-29,2026-04-04,Delivered,10.28
ORD-004174,FedEx,16.38,Ground,2026-04-10,2026-04-13,Delivered,22.66
ORD-004175,UPS,17.1,2-Day,2026-06-28,2026-07-01,In Transit,11.52
ORD-004176,UPS,10.24,Ground,2026-06-28,2026-07-01,Delivered,9.88
ORD-004177,FedEx,13.62,Ground,2026-07-27,2026-08-03,Delivered,16.91
ORD-004178,FedEx,26.4,2-Day,2026-02-08,2026-02-11,Delivered,24.02
ORD-004179,UPS,10.15,Ground,2026-03-27,2026-03-30,Delivered,5.01
ORD-004180,USPS,12.21,Ground,2026-05-12,2026-05-17,Delivered,13.98
ORD-004181,UPS,11.83,Ground,2026-07-05,2026-07-12,Delivered,8.51
ORD-004182,UPS,11.05,Ground,2026-07-21,2026-07-24,In Transit,11.56
ORD-004183,FedEx,14.06,Ground,2026-05-21,2026-05-28,Delivered,17.83
ORD-004184,UPS,9.84,Standard,2026-05-29,2026-06-03,Delivered,9.04
ORD-004185,USPS,25.41,2-Day,2026-06-22,2026-06-23,Delivered,10.54
ORD-004186,UPS,15.8,Ground,2026-03-12,2026-03-17,In Transit,21.45
ORD-004187,USPS,19.92,2-Day,2026-03-16,2026-03-17,Delivered,15.31
ORD-004188,USPS,19.73,2-Day,2026-06-10,2026-06-13,Delivered,10.37
ORD-004190,UPS,13.69,Ground,2026-04-10,2026-04-16,Delivered,12.38
ORD-004191,FedEx,11.14,Ground,2026-04-08,2026-04-12,Delivered,11.74
ORD-004192,FedEx,6.52,Ground,2026-07-08,2026-07-12,Delivered,2.12
ORD-004193,UPS,13.77,Ground,2026-03-12,2026-03-19,Delivered,12.54
ORD-004194,FedEx,7.27,Standard,2026-05-16,2026-05-23,Delivered,3.68
ORD-004195,UPS,19.07,Ground,2026-02-23,2026-02-26,Delivered,23.58
ORD-004196,UPS,7.23,Ground,2026-06-08,2026-06-11,Delivered,3.6
ORD-004197,UPS,39.09,Ground,2026-06-16,2026-06-19,Delivered,8.18
ORD-004198,USPS,8.87,Standard,2026-06-04,2026-06-12,Delivered,7.02
ORD-004200,FedEx,70.25,Standard,2026-05-11,2026-05-17,In Transit,29.4
